-- MySQL dump 10.13  Distrib 8.0.22, for Linux (x86_64)
--
-- Host: 172.17.0.2    Database: scontabil
-- ------------------------------------------------------
-- Server version	5.5.62

/*!40101 SET @OLD_CHARACTER_SET_CLIENT=@@CHARACTER_SET_CLIENT */;
/*!40101 SET @OLD_CHARACTER_SET_RESULTS=@@CHARACTER_SET_RESULTS */;
/*!40101 SET @OLD_COLLATION_CONNECTION=@@COLLATION_CONNECTION */;
/*!50503 SET NAMES utf8mb4 */;
/*!40103 SET @OLD_TIME_ZONE=@@TIME_ZONE */;
/*!40103 SET TIME_ZONE='+00:00' */;
/*!40014 SET @OLD_UNIQUE_CHECKS=@@UNIQUE_CHECKS, UNIQUE_CHECKS=0 */;
/*!40014 SET @OLD_FOREIGN_KEY_CHECKS=@@FOREIGN_KEY_CHECKS, FOREIGN_KEY_CHECKS=0 */;
/*!40101 SET @OLD_SQL_MODE=@@SQL_MODE, SQL_MODE='NO_AUTO_VALUE_ON_ZERO' */;
/*!40111 SET @OLD_SQL_NOTES=@@SQL_NOTES, SQL_NOTES=0 */;

--
-- Table structure for table `cliente`
--

DROP TABLE IF EXISTS `cliente`;
/*!40101 SET @saved_cs_client     = @@character_set_client */;
/*!50503 SET character_set_client = utf8mb4 */;
CREATE TABLE `cliente` (
  `id` int(11) NOT NULL AUTO_INCREMENT,
  `nome` varchar(250) NOT NULL,
  `email` varchar(250) NOT NULL,
  `id_cliente_endereco` int(11) NOT NULL,
  `estado` char(1) NOT NULL DEFAULT 'A',
  `fone1` varchar(20) DEFAULT NULL,
  `fone2` varchar(20) DEFAULT NULL,
  PRIMARY KEY (`id`)
) ENGINE=InnoDB AUTO_INCREMENT=4 DEFAULT CHARSET=latin1;
/*!40101 SET character_set_client = @saved_cs_client */;

--
-- Dumping data for table `cliente`
--

LOCK TABLES `cliente` WRITE;
/*!40000 ALTER TABLE `cliente` DISABLE KEYS */;
INSERT INTO `cliente` VALUES (3,'Rodrigo baldissera da silva','blueinforbs@gmail.com',8,'A','(51) 9922-31841','(51) 9939-46718');
/*!40000 ALTER TABLE `cliente` ENABLE KEYS */;
UNLOCK TABLES;

--
-- Table structure for table `cliente_endereco`
--

DROP TABLE IF EXISTS `cliente_endereco`;
/*!40101 SET @saved_cs_client     = @@character_set_client */;
/*!50503 SET character_set_client = utf8mb4 */;
CREATE TABLE `cliente_endereco` (
  `id` int(11) NOT NULL AUTO_INCREMENT,
  `id_cliente` int(11) NOT NULL,
  `id_pref_abrasf_cidades` int(11) NOT NULL,
  `endereco` varchar(250) NOT NULL,
  `complemento` varchar(40) NOT NULL,
  `cep` char(9) NOT NULL,
  `numero` int(11) NOT NULL,
  `bairro` varchar(100) DEFAULT NULL,
  PRIMARY KEY (`id`)
) ENGINE=InnoDB AUTO_INCREMENT=9 DEFAULT CHARSET=latin1;
/*!40101 SET character_set_client = @saved_cs_client */;

--
-- Dumping data for table `cliente_endereco`
--

LOCK TABLES `cliente_endereco` WRITE;
/*!40000 ALTER TABLE `cliente_endereco` DISABLE KEYS */;
INSERT INTO `cliente_endereco` VALUES (8,3,4314902,'Rua Fernando Abbott','casa','91040-360',1187,'varzea');
/*!40000 ALTER TABLE `cliente_endereco` ENABLE KEYS */;
UNLOCK TABLES;

--
-- Table structure for table `clients`
--

DROP TABLE IF EXISTS `clients`;
/*!40101 SET @saved_cs_client     = @@character_set_client */;
/*!50503 SET character_set_client = utf8mb4 */;
CREATE TABLE `clients` (
  `id` int(11) NOT NULL AUTO_INCREMENT,
  `title` varchar(255) DEFAULT NULL,
  `link` varchar(255) DEFAULT NULL,
  `image` varchar(255) DEFAULT NULL,
  `status` char(1) DEFAULT '1',
  PRIMARY KEY (`id`)
) ENGINE=InnoDB DEFAULT CHARSET=utf8 ROW_FORMAT=COMPACT;
/*!40101 SET character_set_client = @saved_cs_client */;

--
-- Dumping data for table `clients`
--

LOCK TABLES `clients` WRITE;
/*!40000 ALTER TABLE `clients` DISABLE KEYS */;
/*!40000 ALTER TABLE `clients` ENABLE KEYS */;
UNLOCK TABLES;

--
-- Table structure for table `contas`
--

DROP TABLE IF EXISTS `contas`;
/*!40101 SET @saved_cs_client     = @@character_set_client */;
/*!50503 SET character_set_client = utf8mb4 */;
CREATE TABLE `contas` (
  `id` int(11) NOT NULL AUTO_INCREMENT,
  `usuario` int(11) DEFAULT NULL,
  `valor` decimal(10,2) DEFAULT NULL,
  `qtd_parcelas` int(11) DEFAULT NULL,
  `fornecedor` varchar(150) COLLATE latin1_general_ci DEFAULT NULL,
  `conta` varchar(150) COLLATE latin1_general_ci DEFAULT NULL,
  `id_cliente` int(11) DEFAULT NULL,
  `tipo` char(20) COLLATE latin1_general_ci DEFAULT NULL,
  `flag` varchar(250) COLLATE latin1_general_ci NOT NULL,
  PRIMARY KEY (`id`)
) ENGINE=InnoDB AUTO_INCREMENT=133 DEFAULT CHARSET=latin1 COLLATE=latin1_general_ci;
/*!40101 SET character_set_client = @saved_cs_client */;

--
-- Dumping data for table `contas`
--

LOCK TABLES `contas` WRITE;
/*!40000 ALTER TABLE `contas` DISABLE KEYS */;
INSERT INTO `contas` VALUES (10,14,2187.00,15,NULL,'Dívida',NULL,'pagar',''),(11,14,80.00,10,NULL,'Celular J6',NULL,'pagar','mae'),(12,14,50.00,2,NULL,'Tenis',NULL,'pagar',''),(13,14,40.00,1,NULL,'Pati',NULL,'pagar',''),(14,14,268.00,4,NULL,'BB EMP',NULL,'pagar',''),(15,14,2000.00,8,NULL,'Pai Dívida',NULL,'pagar','pai'),(16,14,40.00,1,NULL,'Mãe',NULL,'pagar',''),(17,14,15.00,1,NULL,'Mãe Futebol',NULL,'pagar',''),(18,14,65.00,1,NULL,'Setembrino',NULL,'pagar',''),(19,14,186.00,1,NULL,'Cartão Mãe',NULL,'pagar',''),(20,14,150.00,1,NULL,'casa',NULL,'pagar',''),(21,14,150.00,1,NULL,'ajuda custo casa',NULL,'pagar',''),(22,14,60.00,1,NULL,'Visa Credito Mae',NULL,'pagar',''),(23,14,59.40,10,NULL,'cartao magazine luiza',NULL,'pagar','mae'),(24,14,19.40,1,NULL,'Cartao Magazine Almoço',NULL,'pagar',''),(25,14,17.10,2,NULL,'Cartao Magazine Luiza Farmácia',NULL,'pagar',''),(26,14,20.00,1,NULL,'Mãe Futebol',NULL,'pagar',''),(27,14,15.00,1,NULL,'Cartao Magazine ',NULL,'pagar',''),(28,14,36.55,1,NULL,'cartão visa C&A entreveiro',NULL,'pagar',''),(29,14,41.25,2,NULL,'CART V. C&A CENTRAL DE CONSULTAS',NULL,'pagar',''),(30,14,72.25,4,NULL,'CART V.C&A ÓCULOS ÉRIQUE',NULL,'pagar','mae'),(31,14,62.00,1,NULL,'CART VISA - MERENDAS LANCHES',NULL,'pagar',''),(32,14,30.00,1,NULL,'CART MAGAZINE - CINEMA',NULL,'pagar',''),(33,14,40.00,1,NULL,'CART MAGAZINE - BURGUER KING',NULL,'pagar',''),(34,14,50.00,1,NULL,'MAE EMP ',NULL,'pagar',''),(35,14,50.00,1,NULL,'EMP MAE',NULL,'pagar',''),(36,14,100.00,2,NULL,'KIT RELAÇÃO + BANCO CART C&A',NULL,'pagar',''),(37,14,50.00,1,NULL,'GASOLINA MOTO C&A',NULL,'pagar',''),(38,14,1990.00,1,NULL,'CART C&A - ALMOÇO',NULL,'pagar',''),(39,14,2000.00,1,NULL,'CART C&A - GASOLINA',NULL,'pagar',''),(40,14,3690.00,1,NULL,'CART C&A - BURGUER KING - CINEMA',NULL,'pagar',''),(41,14,1200.00,1,NULL,'CART C&A - ENERGÉTICO - CINEMA',NULL,'pagar',''),(42,14,8950.00,2,NULL,'CART C&A - BATERIA MOTO',NULL,'pagar',''),(43,14,106.62,1,NULL,'churrasco visa ',NULL,'pagar',''),(44,14,31.42,1,NULL,'farmácia visa',NULL,'pagar',''),(45,14,15.00,1,NULL,'posto gasolina',NULL,'pagar',''),(46,14,20.00,1,NULL,'SETE CART POSTO DE GASOLINA',NULL,'pagar',''),(47,14,63.00,1,NULL,'SETE CART CARNE CHURRASCA',NULL,'pagar',''),(49,14,111.68,3,NULL,'SETE CART MOTO VIP',NULL,'pagar',''),(50,14,67.00,3,NULL,'TENIS CART VISA',NULL,'pagar','mae'),(51,14,27.00,1,NULL,'Patricia CART',NULL,'pagar',''),(52,14,120.00,4,NULL,'CROSSFIT SINOS',NULL,'pagar',''),(53,14,200.00,1,NULL,'Patricia EMP',NULL,'pagar',''),(54,14,150.00,1,NULL,'CASA ',NULL,'pagar',''),(55,14,112.50,4,NULL,'SETE CART SUSPENSAO',NULL,'pagar','sete'),(56,14,34.00,2,NULL,'SETE CART oleo e filtro',NULL,'pagar',''),(57,14,70.00,1,NULL,'PATRICIA EMP',NULL,'pagar',''),(58,14,42.50,4,NULL,'Joystick CART - 9030',NULL,'pagar','mae'),(59,14,45.00,1,NULL,'outros CART - 9030',NULL,'pagar',''),(60,14,80.00,2,NULL,'relação , lona freio , graxa CART - 8022',NULL,'pagar','mae'),(61,14,74.50,1,NULL,'cinema CART - 8022',NULL,'pagar',''),(62,14,32.70,1,NULL,'outros CART - 9030',NULL,'pagar',''),(63,14,109.40,4,NULL,'PNEU MOTO CART - 9030',NULL,'pagar','mae'),(64,14,6.99,1,NULL,'lanche CART - 9030',NULL,'pagar','mae'),(65,14,8.75,1,NULL,'lanche CART - 9030',NULL,'pagar','mae'),(66,14,40.00,1,NULL,'GASOLINA CART - 9030',NULL,'pagar','mae'),(67,14,55.00,1,NULL,'óleo e filtro',NULL,'pagar','mae,visa'),(68,14,47.56,1,NULL,'Gasolina',NULL,'pagar','mae,visa'),(69,14,54.51,1,NULL,'Gasolina',NULL,'pagar','mae,visa'),(70,14,20.00,1,NULL,'Gasolina',NULL,'pagar','mae,visa'),(71,14,47.43,1,NULL,'Gasolina',NULL,'pagar','mae,visa'),(72,14,50.66,1,NULL,'Gasolina',NULL,'pagar','mae,visa'),(73,14,19.90,1,NULL,'Barbeador',NULL,'pagar','mae,visa'),(74,14,5.00,1,NULL,'Desodorante',NULL,'pagar','mae,visa'),(75,14,25.00,1,NULL,'Moto Vip',NULL,'pagar','mae,visa'),(76,14,50.00,2,NULL,'Bateria Notebook',NULL,'pagar','mae, visa'),(77,14,74.00,3,NULL,'Tênis Futsal',NULL,'pagar','mae, visa'),(78,14,62.88,1,NULL,'Churrasco',NULL,'pagar','mae, visa'),(79,14,30.00,1,NULL,'Gasolina',NULL,'pagar','mae, visa'),(80,14,10.00,1,NULL,'roubado no piovessani',NULL,'pagar','mae, visa'),(81,14,49.17,1,NULL,'Gasolina',NULL,'pagar','mae  visa'),(82,14,49.78,1,NULL,'Gasolina',NULL,'pagar','mae magazine'),(83,14,6.99,1,NULL,'lanche',NULL,'pagar','mae magazine'),(84,14,35.00,1,NULL,'óleo motovip',NULL,'pagar','patricia'),(85,14,207.00,1,NULL,'Master',NULL,'pagar','rodrigo'),(86,14,45.00,2,NULL,'Cesta Basket',NULL,'pagar','patricia'),(87,14,72.25,2,NULL,'Relação moto retentor total 289 / 2',NULL,'pagar','sete'),(88,14,600.00,1,NULL,'CARTAO CREDITO',NULL,'pagar','rodrigo,master'),(90,14,500.00,6,NULL,'casa + construcao',NULL,'pagar','mae'),(91,14,520.00,5,NULL,'Manutenção Twister companhia da moto',NULL,'pagar','setembrino'),(92,14,324.00,4,NULL,'Smart TV Cart. magazine',NULL,'pagar','mae'),(93,14,454.04,1,NULL,'cartão de crédito Rodrigo',NULL,'pagar','rodrigo'),(94,14,820.00,1,NULL,'cartão de crédito Rodrigo',NULL,'pagar','rodrigo'),(96,14,470.00,1,NULL,'Santander LIMITE',NULL,'pagar','rodrigo'),(97,14,674.85,1,NULL,'cartão de crédito Rodrigo',NULL,'pagar','rodrigo'),(98,14,470.00,1,NULL,'Cartão débito',NULL,'pagar','rodrigo'),(99,14,500.00,1,NULL,'Casa',NULL,'pagar','mae'),(100,14,809.00,1,NULL,'cartão crédito rodrigo',NULL,'pagar','rodrigo'),(101,14,120.00,1,NULL,'confecções danny (mãe)',NULL,'pagar','mae'),(102,14,515.00,1,NULL,'Débito santander rodrigo',NULL,'pagar','rodrigo'),(103,14,500.00,5,NULL,'Aluguel casa',NULL,'pagar','mae'),(104,14,856.89,1,NULL,'Serasa divida',NULL,'pagar','rodrigo'),(106,14,302.00,2,NULL,'cartão de credito rede elétrica - magazineluiza',NULL,'pagar','mae'),(107,14,350.00,1,NULL,'Rafael - eletricista',NULL,'pagar','rafael'),(108,14,864.50,1,NULL,'cartão de crédito Rodrigo',NULL,'pagar','rodrigo'),(109,14,165.00,1,NULL,'Dany confecções - roupas rodrigo',NULL,'pagar','mae'),(110,14,220.00,1,NULL,'Dany confecções - roupas érique',NULL,'pagar','mae'),(111,14,1500.00,1,NULL,'cartão de crédito Rodrigo',NULL,'pagar','rodrigo'),(113,14,600.00,1,NULL,'Sula Óculos',NULL,'pagar','rodrigo'),(114,14,400.00,1,NULL,'Cartão débito',NULL,'pagar','rodrigo'),(115,14,400.00,1,NULL,'cartão de crédito Rodrigo',NULL,'pagar','rodrigo'),(116,14,471.75,4,NULL,'Celular Rodrigo',NULL,'pagar','rodrigo'),(117,14,400.00,1,NULL,'cartão de crédito Rodrigo',NULL,'pagar','rodrigo'),(118,14,28.09,1,NULL,'Limite cartão usado Rodrigo',NULL,'pagar','rodrigo'),(119,14,468.00,1,NULL,'Cartão débito',NULL,'pagar','rodrigo'),(120,14,900.00,1,NULL,'cartão de crédito outros',NULL,'pagar','rodrigo'),(121,14,473.33,3,NULL,'americanas',NULL,'pagar','rodrigo'),(122,14,500.00,1,NULL,'contas casa',NULL,'pagar','mae'),(123,14,674.09,1,NULL,'credito santander',NULL,'pagar','rodrigo'),(124,14,600.00,2,NULL,'GUDE TATTOO - crédito santander',NULL,'pagar','rodrigo'),(125,14,249.00,3,NULL,'Crossfit Pedreira - Crédito Santander',NULL,'pagar','rodrigo'),(126,14,500.00,2,NULL,'Aluguel casa',NULL,'pagar','imobiliaria'),(127,14,225.00,2,NULL,'ALAN GARRAUD CLIPON, TR22025418-138C2',NULL,'pagar','RODRIGO'),(128,14,200.00,1,NULL,'NUBANK',NULL,'pagar','rodrigo'),(129,14,235.00,1,NULL,'Luz pereira pinto',NULL,'pagar','tamiris'),(130,14,1605.03,1,NULL,'outros  gastos no cartao',NULL,'pagar','rodrigo'),(131,14,488.75,1,NULL,'Aluguel casa',NULL,'pagar','imobiliaria'),(132,14,450.00,1,NULL,'escola são francisco',NULL,'pagar','saofrancisco');
/*!40000 ALTER TABLE `contas` ENABLE KEYS */;
UNLOCK TABLES;

--
-- Table structure for table `contas_pagar`
--

DROP TABLE IF EXISTS `contas_pagar`;
/*!40101 SET @saved_cs_client     = @@character_set_client */;
/*!50503 SET character_set_client = utf8mb4 */;
CREATE TABLE `contas_pagar` (
  `id` int(11) NOT NULL AUTO_INCREMENT,
  `nome` varchar(245) COLLATE latin1_general_ci DEFAULT NULL,
  `numeroparcela` int(11) DEFAULT NULL,
  `valorparcela` decimal(10,2) DEFAULT NULL,
  `status` varchar(45) COLLATE latin1_general_ci DEFAULT NULL,
  `valorpago` decimal(10,2) DEFAULT NULL,
  `idcontas` int(11) DEFAULT NULL,
  `vencimento` date DEFAULT NULL,
  `flag` varchar(250) COLLATE latin1_general_ci DEFAULT NULL,
  PRIMARY KEY (`id`),
  KEY `fk_contas_pagar_1_idx` (`idcontas`),
  CONSTRAINT `fk_contas_pagar_1` FOREIGN KEY (`idcontas`) REFERENCES `contas` (`id`)
) ENGINE=InnoDB AUTO_INCREMENT=246 DEFAULT CHARSET=latin1 COLLATE=latin1_general_ci;
/*!40101 SET character_set_client = @saved_cs_client */;

--
-- Dumping data for table `contas_pagar`
--

LOCK TABLES `contas_pagar` WRITE;
/*!40000 ALTER TABLE `contas_pagar` DISABLE KEYS */;
INSERT INTO `contas_pagar` VALUES (20,'Dívida',1,2187.00,'S',2187.00,10,'2018-04-15',NULL),(21,'Dívida',2,2187.00,'S',2187.00,10,'2018-05-15',NULL),(22,'Dívida',3,2187.00,'S',2187.00,10,'2018-06-15',NULL),(23,'Dívida',4,2187.00,'S',2187.00,10,'2018-07-15',NULL),(24,'Dívida',5,2187.00,'S',2187.00,10,'2018-08-15',NULL),(25,'Dívida',6,2187.00,'S',2187.00,10,'2018-09-15',NULL),(26,'Dívida',7,2187.00,'S',2187.00,10,'2018-10-15',NULL),(27,'Dívida',8,2187.00,'S',2187.00,10,'2018-11-15',NULL),(28,'Dívida',9,2187.00,'S',2187.00,10,'2018-12-15',NULL),(29,'Dívida',10,2187.00,'S',2187.00,10,'2019-01-15',NULL),(30,'Dívida',11,2187.00,'S',2187.00,10,'2019-02-05',NULL),(31,'Dívida',12,2187.00,'S',2187.00,10,'2019-03-07',NULL),(32,'Dívida',13,2187.00,'S',2187.00,10,'2019-04-04',NULL),(33,'Dívida',14,2187.00,'S',2187.00,10,'2019-05-03',NULL),(34,'Dívida',15,2187.00,'S',2187.00,10,'2019-06-05',NULL),(35,'Celular J6',1,80.00,'S',80.00,11,'2019-02-05','mae'),(36,'Celular J6',2,80.00,'S',80.00,11,'2019-03-07','mae'),(37,'Celular J6',3,80.00,'S',80.00,11,'2019-04-04','mae'),(38,'Celular J6',4,80.00,'S',80.00,11,'2019-05-03','mae'),(39,'Celular J6',5,80.00,'S',80.00,11,'2019-06-01','mae'),(40,'Celular J6',6,80.00,'S',80.00,11,'2019-07-05','mae'),(41,'Celular J6',7,80.00,'S',80.00,11,'2019-08-05','mae'),(42,'Celular J6',8,80.00,'S',80.00,11,'2019-09-05','mae'),(43,'Celular J6',9,80.00,'S',80.00,11,'2019-10-05','mae'),(44,'Celular J6',10,80.00,'S',80.00,11,'2019-11-05','mae'),(45,'Tenis',1,50.00,'S',50.00,12,'2019-02-05',NULL),(46,'Tenis',2,50.00,'S',50.00,12,'2019-03-07',NULL),(47,'Pati',1,40.00,'S',40.00,13,'2019-03-07',NULL),(48,'BB EMP',1,268.00,'S',268.00,14,'2019-02-07',NULL),(49,'BB EMP',2,268.00,'S',268.00,14,'2019-03-07',NULL),(50,'BB EMP',3,268.00,'S',268.00,14,'2019-04-04',NULL),(51,'BB EMP',4,268.00,'S',268.00,14,'2019-06-05',NULL),(52,'Pai Dívida',1,2000.00,'S',2000.00,15,'2019-07-05','pai'),(53,'Pai Dívida',2,2000.00,'S',2000.00,15,'2019-08-05','pai'),(54,'Pai Dívida',3,1000.00,'S',1000.00,15,'2019-09-05','pai'),(55,'Pai Dívida',4,2000.00,'S',2000.00,15,'2019-10-04','pai'),(56,'Pai Dívida',5,2000.00,'S',2000.00,15,'2019-11-05','pai'),(57,'Mãe',1,40.00,'S',40.00,16,'2019-03-07',NULL),(58,'Mãe Futebol',1,15.00,'S',15.00,17,'2019-03-07',NULL),(59,'Setembrino',1,65.00,'S',65.00,18,'2019-03-07',NULL),(60,'Cartão Mãe',1,186.00,'S',186.00,19,'2019-04-04',NULL),(62,'ajuda custo casa',1,150.00,'S',150.00,21,'2019-03-07',NULL),(63,'Visa Credito Mae',1,60.00,'S',60.00,22,'2019-04-04',NULL),(64,'cartao magazine luiza',1,59.40,'S',59.40,23,'2019-04-04','mae'),(65,'cartao magazine luiza',2,59.40,'S',59.40,23,'2019-05-03','mae'),(66,'cartao magazine luiza',3,59.40,'S',59.40,23,'2019-06-01','mae'),(67,'cartao magazine luiza',4,59.40,'S',59.40,23,'2019-07-05','mae'),(68,'cartao magazine luiza',5,59.40,'S',59.40,23,'2019-08-05','mae'),(69,'cartao magazine luiza',6,59.40,'S',59.40,23,'2019-09-05','mae'),(70,'cartao magazine luiza',7,59.40,'S',59.40,23,'2019-10-05','mae'),(71,'cartao magazine luiza',8,59.40,'S',59.40,23,'2019-11-10','mae'),(72,'cartao magazine luiza',9,59.40,'S',59.40,23,'2019-12-10','mae'),(73,'cartao magazine luiza',10,59.40,'S',59.40,23,'2020-01-06','mae'),(74,'Cartao Magazine Almoço',1,19.40,'S',19.40,24,'2019-04-04',NULL),(75,'Cartao Magazine Luiza Farmácia',1,17.10,'S',17.10,25,'2019-04-04',NULL),(76,'Cartao Magazine Luiza Farmácia',2,17.10,'S',17.10,25,'2019-05-03',NULL),(77,'Mãe Futebol',1,20.00,'S',20.00,26,'2019-04-04',NULL),(78,'Cartao Magazine ',1,15.00,'S',15.00,27,'2019-04-04',NULL),(79,'cartão visa C&A entreveiro',1,36.55,'S',36.55,28,'2019-05-03',NULL),(80,'CART V. C&A CENTRAL DE CONSULTAS',1,41.25,'S',41.25,29,'2019-06-01',NULL),(81,'CART V. C&A CENTRAL DE CONSULTAS',2,41.25,'S',41.25,29,'2019-07-05',NULL),(82,'CART V.C&A ÓCULOS ÉRIQUE',1,72.25,'S',72.25,30,'2019-06-01','mae'),(83,'CART V.C&A ÓCULOS ÉRIQUE',2,72.25,'S',72.25,30,'2019-07-05','mae'),(84,'CART V.C&A ÓCULOS ÉRIQUE',3,72.25,'S',72.25,30,'2019-08-05','mae'),(85,'CART V.C&A ÓCULOS ÉRIQUE',4,72.25,'S',72.25,30,'2019-09-05','mae'),(86,'CART VISA - MERENDAS LANCHES',1,62.00,'S',62.00,31,'2019-05-03',NULL),(87,'CART MAGAZINE - CINEMA',1,30.00,'S',30.00,32,'2019-05-03',NULL),(88,'CART MAGAZINE - BURGUER KING',1,40.00,'S',40.00,33,'2019-05-04',NULL),(89,'MAE EMP ',1,50.00,'S',50.00,34,'2019-05-04',NULL),(90,'EMP MAE',1,50.00,'S',50.00,35,'2019-05-04',NULL),(91,'KIT RELAÇÃO + BANCO CART C&A',1,100.00,'S',100.00,36,'2019-06-01',NULL),(92,'KIT RELAÇÃO + BANCO CART C&A',2,100.00,'S',100.00,36,'2019-07-05',NULL),(93,'GASOLINA MOTO C&A',1,50.00,'S',50.00,37,'2019-06-01',NULL),(94,'CART C&A - ALMOÇO',1,19.90,'S',19.90,38,'2019-06-01',NULL),(95,'CART C&A - GASOLINA',1,20.00,'S',20.00,39,'2019-06-01',NULL),(96,'CART C&A - BURGUER KING - CINEMA',1,36.90,'S',36.90,40,'2019-06-01',NULL),(97,'CART C&A - ENERGÉTICO - CINEMA',1,12.00,'S',12.00,41,'2019-06-01',NULL),(98,'CART C&A - BATERIA MOTO',1,89.50,'S',89.59,42,'2019-06-01',NULL),(99,'CART C&A - BATERIA MOTO',2,89.50,'S',89.50,42,'2019-07-05',NULL),(100,'churrasco visa ',1,106.62,'S',106.62,43,'2019-07-05',NULL),(101,'farmácia visa',1,31.42,'S',31.42,44,'2019-07-05',NULL),(102,'posto gasolina',1,15.00,'S',15.00,45,'2019-07-05',NULL),(103,'SETE CART POSTO DE GASOLINA',1,20.00,'S',20.00,46,'2019-06-05',NULL),(104,'SETE CART CARNE CHURRASCA',1,63.00,'S',63.00,47,'2019-06-05',NULL),(105,'SETE CART MOTO VIP',1,111.68,'S',111.68,49,'2019-06-15',NULL),(106,'SETE CART MOTO VIP',2,111.68,'S',112.00,49,'2019-07-13',NULL),(107,'SETE CART MOTO VIP',3,111.68,'S',111.68,49,'2019-08-15',NULL),(108,'TENIS CART VISA',1,67.00,'S',67.00,50,'2019-07-05','mae'),(109,'TENIS CART VISA',2,67.00,'S',67.00,50,'2019-08-05','mae'),(110,'TENIS CART VISA',3,67.00,'S',67.00,50,'2019-09-05','mae'),(111,'Patricia CART',1,27.00,'S',27.00,51,'2019-07-05',NULL),(112,'CROSSFIT SINOS',1,120.00,'S',152.00,52,'2019-07-05',NULL),(113,'CROSSFIT SINOS',2,120.00,'S',152.00,52,'2019-08-05',NULL),(114,'CROSSFIT SINOS',3,120.00,'S',152.00,52,'2019-09-06',NULL),(115,'CROSSFIT SINOS',4,120.00,'S',152.00,52,'2019-10-07',NULL),(116,'Patricia EMP',1,200.00,'S',200.00,53,'2019-06-05',NULL),(117,'CASA ',1,150.00,'S',150.00,54,'2019-06-05',NULL),(118,'SETE CART SUSPENSAO',1,112.50,'S',113.00,55,'2019-07-13','sete'),(119,'SETE CART SUSPENSAO',2,112.50,'S',112.50,55,'2019-08-15','sete'),(120,'SETE CART SUSPENSAO',3,112.50,'S',112.50,55,'2019-09-10','sete'),(121,'SETE CART SUSPENSAO',4,112.50,'S',113.00,55,'2019-10-05','sete'),(122,'SETE CART oleo e filtro',1,34.00,'S',34.00,56,'2019-07-13',NULL),(123,'SETE CART oleo e filtro',2,34.00,'S',34.00,56,'2019-08-15',NULL),(124,'PATRICIA EMP',1,70.00,'S',70.00,57,'2019-07-05',NULL),(125,'Joystick CART - 9030',1,42.50,'S',42.50,58,'2019-08-05','mae'),(126,'Joystick CART - 9030',2,42.50,'S',42.50,58,'2019-08-05','mae'),(127,'outros CART - 9030',1,45.00,'S',45.00,59,'2019-08-05',NULL),(128,'relação , lona freio , graxa CART - 8022',1,80.00,'S',80.00,60,'2019-09-05','mae'),(129,'relação , lona freio , graxa CART - 8022',2,80.00,'S',80.00,60,'2019-10-05','mae'),(132,'cinema CART - 8022',1,74.50,'S',74.50,61,'2019-08-05',NULL),(133,'outros CART - 9030',1,32.70,'S',32.70,62,'2019-08-05',NULL),(134,'PNEU MOTO CART - 9030',1,109.40,'S',109.40,63,'2019-09-05','mae'),(135,'PNEU MOTO CART - 9030',2,109.40,'S',109.40,63,'2019-10-05','mae'),(136,'PNEU MOTO CART - 9030',3,109.40,'S',109.40,63,'2019-11-05','mae'),(137,'PNEU MOTO CART - 9030',4,109.40,'S',109.40,63,'2019-12-05','mae'),(138,'lanche CART - 9030',1,6.99,'S',6.99,64,'2019-09-05','mae'),(139,'lanche CART - 9030',1,8.75,'S',8.75,65,'2019-09-05','mae'),(140,'GASOLINA CART - 9030',1,40.00,'S',40.00,66,'2019-09-05','mae'),(141,'Pai Dívida',6,2000.00,'S',2000.00,15,'2019-12-05','pai'),(142,'Pai Dívida',7,2000.00,'S',2000.00,15,'2019-12-06','pai'),(143,'Pai Dívida',8,2092.37,'S',1000.00,15,'2020-02-05','pai'),(144,'Joystick CART - 9030',3,42.50,'S',42.50,58,'2019-09-05','mae'),(145,'Joystick CART - 9030',4,42.50,'S',42.50,58,'2019-10-05','mae'),(146,'óleo e filtro',1,55.00,'S',55.00,67,'2019-10-05','mae,visa'),(147,'Gasolina',1,47.56,'S',47.56,68,'2019-10-05','mae,visa'),(148,'Gasolina',1,54.51,'S',54.51,69,'2019-10-05','mae,visa'),(149,'Gasolina',1,20.00,'S',20.00,70,'2019-10-05','mae,visa'),(150,'Gasolina',1,47.43,'S',47.43,71,'2019-10-05','mae,visa'),(151,'Gasolina',1,50.66,'S',50.66,72,'2019-10-05','mae,visa'),(152,'Barbeador',1,19.90,'S',19.90,73,'2019-10-05','mae,visa'),(153,'Desodorante',1,5.00,'S',5.00,74,'2019-10-05','mae,visa'),(154,'Moto Vip',1,25.00,'S',25.00,75,'2019-10-05','mae,visa'),(155,'Bateria Notebook',1,50.00,'S',50.00,76,'2019-11-05','mae, visa'),(156,'Bateria Notebook',2,50.00,'S',50.00,76,'2019-12-05','mae, visa'),(157,'Tênis Futsal',1,74.00,'S',74.00,77,'2019-11-05','mae, visa'),(158,'Tênis Futsal',2,74.00,'S',74.00,77,'2019-12-05','mae, visa'),(159,'Tênis Futsal',3,74.00,'S',74.00,77,'2020-01-06','mae, visa'),(160,'Churrasco',1,62.88,'S',62.88,78,'2019-11-05','mae, visa'),(161,'Gasolina',1,30.00,'S',30.00,79,'2019-11-05','mae, visa'),(162,'roubado no piovessani',1,10.00,'S',10.00,80,'2019-10-05','mae, visa'),(163,'Gasolina',1,49.17,'S',49.17,81,'2019-11-05','mae  visa'),(164,'Gasolina',1,49.78,'S',49.78,82,'2019-11-05','mae magazine'),(165,'lanche',1,6.99,'S',6.99,83,'2019-11-05','mae magazine'),(166,'óleo motovip',1,35.00,'S',35.00,84,'2019-11-05','patricia'),(167,'Master',1,207.00,'S',207.00,85,'2019-11-13','rodrigo'),(168,'Cesta Basket',1,45.00,'S',45.00,86,'2019-11-05','patricia'),(169,'Cesta Basket',2,45.00,'S',45.00,86,'2019-12-05','patricia'),(170,'Relação moto retentor total 289 / 2',1,145.00,'S',145.00,87,'2019-12-05','sete'),(171,'Relação moto retentor total 289 / 2',2,145.00,'S',145.00,87,'2020-01-06','sete'),(172,'CARTAO CREDITO',1,600.00,'S',600.00,88,'2019-12-13','rodrigo,master'),(177,'casa + construcao',1,500.00,'S',500.00,90,'2020-01-06','mae'),(178,'casa + construcao',2,500.00,'S',500.00,90,'2020-02-05','mae'),(179,'casa + construcao',3,500.00,'S',500.00,90,'2020-03-05','mae'),(180,'casa + construcao',4,500.00,'S',500.00,90,'2020-04-08','mae'),(181,'casa + construcao',5,500.00,'S',500.00,90,'2020-05-05','mae'),(182,'casa + construcao',6,500.00,'S',500.00,90,'2020-06-05','mae'),(183,'Manutenção Twister companhia da moto',1,520.00,'S',520.00,91,'2020-04-15','setembrino'),(184,'Manutenção Twister companhia da moto',2,520.00,'S',520.00,91,'2020-05-15','setembrino'),(185,'Manutenção Twister companhia da moto',3,520.00,'S',520.00,91,'2020-06-15','setembrino'),(186,'Manutenção Twister companhia da moto',4,520.00,'S',520.00,91,'2020-07-08','setembrino'),(187,'Manutenção Twister companhia da moto',5,520.00,'S',520.00,91,'2020-08-14','setembrino'),(188,'Smart TV Cart. magazine',1,324.00,'S',324.00,92,'2020-04-08','mae'),(189,'Smart TV Cart. magazine',2,324.00,'S',324.00,92,'2020-05-05','mae'),(190,'Smart TV Cart. magazine',3,324.00,'S',324.00,92,'2020-06-05','mae'),(191,'Smart TV Cart. magazine',4,324.00,'S',324.00,92,'2020-07-08','mae'),(192,'cartão de crédito Rodrigo',1,454.04,'S',454.04,93,'2020-04-06','rodrigo'),(193,'cartão de crédito Rodrigo',1,820.00,'S',820.00,94,'2020-05-05','rodrigo'),(195,'Santander LIMITE',1,470.00,'S',470.00,96,'2020-05-05','rodrigo'),(196,'cartão de crédito Rodrigo',1,674.85,'S',674.85,97,'2020-06-05','rodrigo'),(197,'Cartão débito',1,470.00,'S',470.00,98,'2020-06-05','rodrigo'),(198,'Casa',1,500.00,'S',500.00,99,'2020-07-08','mae'),(199,'cartão crédito rodrigo',1,809.00,'S',809.00,100,'2020-07-06','rodrigo'),(200,'confecções danny (mãe)',1,120.00,'S',120.00,101,'2020-07-08','mae'),(201,'Débito santander rodrigo',1,515.00,'S',515.00,102,'2020-07-06','rodrigo'),(202,'Aluguel casa',1,500.00,'S',500.00,103,'2020-08-05','mae'),(203,'Aluguel casa',2,500.00,'S',500.00,103,'2020-09-07','mae'),(204,'Aluguel casa',3,500.00,'S',500.00,103,'2020-10-05','mae'),(205,'Aluguel casa',4,500.00,'S',500.00,103,'2020-11-05','mae'),(206,'Aluguel casa',5,500.00,'S',500.00,103,'2020-12-07','mae'),(207,'Serasa divida',1,856.89,'S',856.89,104,'2020-07-08','rodrigo'),(208,'cartão de credito rede elétrica - magazineluiza',1,302.00,'S',302.00,106,'2020-08-06','mae'),(209,'cartão de credito rede elétrica - magazineluiza',2,302.00,'S',302.00,106,'2020-09-07','mae'),(210,'Rafael - eletricista',1,350.00,'S',350.00,107,'2020-07-17','rafael'),(211,'cartão de crédito Rodrigo',1,864.50,'S',864.50,108,'2020-08-04','rodrigo'),(212,'Dany confecções - roupas rodrigo',1,165.00,'S',165.00,109,'2020-08-05','mae'),(213,'Dany confecções - roupas érique',1,220.00,'S',220.00,110,'2020-08-05','mae'),(214,'cartão de crédito Rodrigo',1,1567.48,'S',1567.48,111,'2020-09-04','rodrigo'),(216,'Sula Óculos',1,600.00,'S',600.00,113,'2020-10-05','rodrigo'),(217,'Cartão débito',1,400.00,'S',400.00,114,'2020-09-04','rodrigo'),(218,'cartão de crédito Rodrigo',1,1299.25,'S',1299.25,115,'2020-10-05','rodrigo'),(219,'Celular Rodrigo',1,471.75,'S',471.75,116,'2020-10-05','rodrigo'),(220,'Celular Rodrigo',2,471.75,'S',471.75,116,'2020-11-05','rodrigo'),(221,'Celular Rodrigo',3,471.75,'S',471.75,116,'2020-12-04','rodrigo'),(222,'Celular Rodrigo',4,471.75,'S',472.00,116,'2021-01-05','rodrigo'),(223,'cartão de crédito Rodrigo',1,2137.47,'S',2137.47,117,'2020-11-05','rodrigo'),(224,'Limite cartão usado Rodrigo',1,28.09,'S',28.09,118,'2020-10-02','rodrigo'),(225,'Cartão débito',1,468.00,'S',468.00,119,'2020-11-05','rodrigo'),(226,'cartão de crédito outros',1,2560.00,'S',2560.00,120,'2020-12-07','rodrigo'),(227,'americanas',1,473.33,'S',473.33,121,'2021-01-05','rodrigo'),(228,'americanas',2,473.33,'N',NULL,121,'2021-02-05','rodrigo'),(229,'americanas',3,473.33,'N',NULL,121,'2021-03-05','rodrigo'),(230,'contas casa',1,500.00,'S',500.00,122,'2021-01-06','mae'),(231,'credito santander',1,1023.39,'S',1023.39,123,'2021-01-05','rodrigo'),(232,'GUDE TATTOO - crédito santander',1,600.00,'S',600.00,124,'2021-01-05','rodrigo'),(233,'GUDE TATTOO - crédito santander',2,600.00,'N',NULL,124,'2021-02-05','rodrigo'),(234,'Crossfit Pedreira - Crédito Santander',1,249.00,'S',249.00,125,'2021-01-05','rodrigo'),(235,'Crossfit Pedreira - Crédito Santander',2,249.00,'N',NULL,125,'2021-02-05','rodrigo'),(236,'Crossfit Pedreira - Crédito Santander',3,249.00,'N',NULL,125,'2021-03-05','rodrigo'),(237,'Aluguel casa',1,500.00,'N',NULL,126,'2021-02-05','mãe'),(238,'Aluguel casa',2,488.75,'N',NULL,126,'2021-03-05','imobiliaria'),(239,'ALAN GARRAUD CLIPON, TR22025418-138C2',1,225.00,'N',NULL,127,'2021-02-05','RODRIGO'),(240,'ALAN GARRAUD CLIPON, TR22025418-138C2',2,225.00,'N',NULL,127,'2021-03-05','RODRIGO'),(241,'NUBANK',1,200.00,'S',200.00,128,'2021-01-10','rodrigo'),(242,'Luz pereira pinto',1,235.00,'S',235.00,129,'2021-01-07','tamiris'),(243,'outros  gastos no cartao',1,1605.03,'N',NULL,130,'2021-02-05','rodrigo'),(244,'Aluguel casa',1,488.75,'N',NULL,131,'2021-04-05','imobiliaria'),(245,'escola são francisco',1,450.00,'N',NULL,132,'2021-02-05','saofrancisco');
/*!40000 ALTER TABLE `contas_pagar` ENABLE KEYS */;
UNLOCK TABLES;

--
-- Table structure for table `contas_receber`
--

DROP TABLE IF EXISTS `contas_receber`;
/*!40101 SET @saved_cs_client     = @@character_set_client */;
/*!50503 SET character_set_client = utf8mb4 */;
CREATE TABLE `contas_receber` (
  `id` int(11) NOT NULL AUTO_INCREMENT,
  `nome` varchar(45) COLLATE latin1_general_ci DEFAULT NULL,
  `numeroparcela` int(11) DEFAULT NULL,
  `valorparcela` decimal(10,2) DEFAULT NULL,
  `status` varchar(45) COLLATE latin1_general_ci DEFAULT NULL,
  `valorpago` decimal(10,2) DEFAULT NULL,
  `idcontas` int(11) DEFAULT NULL,
  `vencimento` date DEFAULT NULL,
  PRIMARY KEY (`id`),
  KEY `fk_contas_receber_1_idx` (`idcontas`),
  CONSTRAINT `fk_contas_receber_1` FOREIGN KEY (`idcontas`) REFERENCES `contas` (`id`)
) ENGINE=InnoDB DEFAULT CHARSET=latin1 COLLATE=latin1_general_ci COMMENT='Tabela de cadastro de contas a receber de vendas de produtos.';
/*!40101 SET character_set_client = @saved_cs_client */;

--
-- Dumping data for table `contas_receber`
--

LOCK TABLES `contas_receber` WRITE;
/*!40000 ALTER TABLE `contas_receber` DISABLE KEYS */;
/*!40000 ALTER TABLE `contas_receber` ENABLE KEYS */;
UNLOCK TABLES;

--
-- Table structure for table `core_acl_acos`
--

DROP TABLE IF EXISTS `core_acl_acos`;
/*!40101 SET @saved_cs_client     = @@character_set_client */;
/*!50503 SET character_set_client = utf8mb4 */;
CREATE TABLE `core_acl_acos` (
  `id` int(11) NOT NULL AUTO_INCREMENT,
  `parent_id` int(11) DEFAULT NULL,
  `value` varchar(255) DEFAULT NULL,
  PRIMARY KEY (`id`)
) ENGINE=InnoDB AUTO_INCREMENT=497 DEFAULT CHARSET=utf8;
/*!40101 SET character_set_client = @saved_cs_client */;

--
-- Dumping data for table `core_acl_acos`
--

LOCK TABLES `core_acl_acos` WRITE;
/*!40000 ALTER TABLE `core_acl_acos` DISABLE KEYS */;
INSERT INTO `core_acl_acos` VALUES (1,NULL,'Admin_dashboard'),(7,NULL,'Admin_login'),(43,NULL,'Admin_acl'),(51,43,'save'),(52,43,'refact'),(55,7,'logon'),(56,7,'logout'),(73,43,'index'),(74,1,'index'),(75,7,'index'),(92,NULL,'Admin_config'),(93,NULL,'Admin_url'),(94,92,'index'),(95,92,'save'),(96,93,'index'),(97,93,'edit'),(98,93,'save'),(99,93,'delete'),(110,NULL,'Admin_staticblock'),(111,NULL,'Admin_usergroup'),(112,110,'index'),(113,110,'edit'),(114,110,'save'),(115,110,'delete'),(116,111,'index'),(117,111,'edit'),(118,111,'save'),(119,111,'delete'),(125,NULL,'Sitemap'),(126,125,'index'),(127,NULL,'Error404'),(129,127,'index'),(146,NULL,'Admin_emaillog'),(147,NULL,'Admin_emailto'),(148,146,'index'),(149,146,'edit'),(150,146,'delete'),(151,147,'index'),(152,147,'edit'),(153,147,'save'),(154,147,'delete'),(155,NULL,'Admin_banner'),(156,NULL,'Admin_bannercategory'),(158,NULL,'Admin_help'),(162,NULL,'Admin_phpinfo'),(164,155,'index'),(165,155,'edit'),(166,155,'save'),(167,155,'delete'),(168,156,'index'),(169,156,'edit'),(170,156,'save'),(171,156,'delete'),(176,158,'index'),(190,162,'index'),(267,NULL,'Swfupload'),(271,267,'index'),(272,267,'save_param'),(273,267,'delete_file'),(274,267,'get_detail'),(275,267,'edit'),(276,267,'save_edit'),(277,267,'order'),(278,267,'upload'),(279,267,'thumbnail'),(357,NULL,'Email'),(358,357,'sendEmail'),(359,NULL,'Admin_leads'),(361,359,'index'),(362,359,'edit'),(363,359,'save'),(364,359,'delete'),(374,NULL,'Admin_ajuda'),(375,NULL,'Admin_ativaliq'),(376,NULL,'Admin_atividadefiscal'),(377,NULL,'Admin_blogwp'),(378,NULL,'Admin_car'),(379,NULL,'Admin_contribuintes'),(380,NULL,'Admin_demoissqn'),(381,NULL,'Admin_demoreceita'),(382,NULL,'Admin_fiscalizacao'),(383,NULL,'Admin_movfinanceira'),(384,NULL,'Admin_news'),(385,NULL,'Admin_newscategory'),(386,NULL,'Admin_newscomment'),(387,NULL,'Admin_ordemfiscal'),(388,NULL,'Admin_page'),(389,NULL,'Admin_planodecontas'),(390,NULL,'Admin_relatorios'),(391,NULL,'Admin_usuarios'),(392,NULL,'Contribuinte_acl'),(393,NULL,'Contribuinte_config'),(394,NULL,'Contribuinte_dashboard'),(395,NULL,'Contribuinte_declaracao'),(396,NULL,'Contribuinte_demoreceita'),(397,NULL,'Contribuinte_guias'),(398,NULL,'Contribuinte_livro'),(399,NULL,'Contribuinte_login'),(400,NULL,'Contribuinte_planodecontas'),(401,374,'index'),(402,375,'index'),(403,375,'editar'),(404,375,'save'),(405,375,'delete'),(406,376,'index'),(407,376,'tif'),(408,376,'intimacao'),(409,376,'apreensao'),(410,376,'infracao'),(411,376,'tcf'),(412,376,'documentos'),(413,377,'index'),(414,378,'index'),(415,378,'edit'),(416,378,'save'),(417,378,'delete'),(418,378,'getBrand'),(419,378,'getBrandModel'),(420,378,'getBrandModelVersion'),(421,379,'index'),(422,379,'editar'),(423,379,'save'),(424,379,'delete'),(425,380,'index'),(426,380,'editar'),(427,380,'save'),(428,380,'delete'),(429,381,'index'),(430,381,'editar'),(431,381,'save'),(432,381,'delete'),(433,382,'index'),(434,382,'edit'),(435,382,'save'),(436,382,'delete'),(437,383,'index'),(438,383,'debitos'),(439,383,'guias'),(440,384,'index'),(441,384,'edit'),(442,384,'save'),(443,384,'delete'),(444,385,'index'),(445,385,'edit'),(446,385,'save'),(447,385,'delete'),(448,386,'index'),(449,386,'edit'),(450,386,'save'),(451,386,'delete'),(452,386,'saveStatus'),(453,387,'index'),(454,387,'editar'),(455,387,'save'),(456,387,'delete'),(457,388,'index'),(458,388,'edit'),(459,388,'save'),(460,388,'delete'),(461,389,'index'),(462,389,'editar'),(463,389,'save'),(464,389,'delete'),(465,390,'index'),(466,391,'index'),(467,391,'editar'),(468,391,'save'),(469,391,'delete'),(470,392,'index'),(471,392,'save'),(472,392,'refact'),(473,393,'index'),(474,393,'save'),(475,394,'index'),(476,395,'index'),(477,395,'edit'),(478,395,'save'),(479,395,'delete'),(480,396,'index'),(481,396,'subtitulos'),(482,396,'importar'),(483,397,'index'),(484,397,'gerarpasso1'),(485,397,'gerarpasso2'),(486,398,'index'),(487,398,'gerardemoreceita'),(488,398,'gerarcalculo'),(489,399,'index'),(490,399,'logon'),(491,399,'logout'),(492,400,'index'),(493,400,'contas'),(494,400,'importar'),(495,400,'importarpgcc'),(496,400,'delete');
/*!40000 ALTER TABLE `core_acl_acos` ENABLE KEYS */;
UNLOCK TABLES;

--
-- Table structure for table `core_acl_acos_group`
--

DROP TABLE IF EXISTS `core_acl_acos_group`;
/*!40101 SET @saved_cs_client     = @@character_set_client */;
/*!50503 SET character_set_client = utf8mb4 */;
CREATE TABLE `core_acl_acos_group` (
  `acl_acos_id` int(11) NOT NULL,
  `user_group_id` int(11) NOT NULL,
  KEY `fk_acl_acos_group_acl_acos` (`acl_acos_id`),
  KEY `fk_acl_acos_group_user_group1` (`user_group_id`)
) ENGINE=MyISAM DEFAULT CHARSET=utf8;
/*!40101 SET character_set_client = @saved_cs_client */;

--
-- Dumping data for table `core_acl_acos_group`
--

LOCK TABLES `core_acl_acos_group` WRITE;
/*!40000 ALTER TABLE `core_acl_acos_group` DISABLE KEYS */;
INSERT INTO `core_acl_acos_group` VALUES (74,1),(74,2),(55,1),(55,2),(55,3),(56,1),(56,2),(56,3),(75,1),(75,2),(75,3),(51,1),(52,1),(73,1),(94,1),(94,2),(95,1),(95,2),(96,1),(97,1),(98,1),(99,1),(112,1),(112,2),(113,1),(113,2),(114,1),(114,2),(115,1),(115,2),(116,1),(116,2),(117,1),(117,2),(118,1),(118,2),(119,1),(119,2),(126,1),(126,2),(126,3),(126,4),(129,1),(129,2),(129,3),(129,4),(148,1),(148,2),(149,1),(149,2),(150,1),(150,2),(151,1),(151,2),(152,1),(152,2),(153,1),(153,2),(154,1),(154,2),(164,1),(164,2),(165,1),(165,2),(166,1),(166,2),(167,1),(167,2),(168,1),(168,2),(169,1),(169,2),(170,1),(170,2),(171,1),(171,2),(176,1),(176,2),(190,1),(271,1),(271,2),(271,3),(271,4),(272,1),(272,2),(272,3),(272,4),(273,1),(273,2),(273,3),(273,4),(274,1),(274,2),(274,3),(274,4),(275,1),(275,2),(275,3),(275,4),(276,1),(276,2),(276,3),(276,4),(277,1),(277,2),(277,3),(277,4),(278,1),(278,2),(278,3),(278,4),(279,1),(279,2),(279,3),(279,4),(358,1),(358,2),(358,3),(358,4),(361,1),(361,2),(362,1),(362,2),(363,1),(363,2),(364,1),(364,2),(401,1),(401,2),(402,1),(402,2),(403,1),(403,2),(404,1),(404,2),(405,1),(405,2),(406,1),(406,2),(407,1),(407,2),(408,1),(408,2),(409,1),(409,2),(410,1),(410,2),(411,1),(411,2),(412,1),(412,2),(413,1),(413,2),(414,1),(414,2),(415,1),(415,2),(416,1),(416,2),(417,1),(417,2),(418,1),(418,2),(419,1),(419,2),(420,1),(420,2),(421,1),(421,2),(422,1),(422,2),(423,1),(423,2),(424,1),(424,2),(425,1),(425,2),(426,1),(426,2),(427,1),(427,2),(428,1),(428,2),(429,1),(429,2),(430,1),(430,2),(431,1),(431,2),(432,1),(432,2),(433,1),(433,2),(434,1),(434,2),(435,1),(435,2),(436,1),(436,2),(437,1),(437,2),(438,1),(438,2),(439,1),(439,2),(440,1),(440,2),(441,1),(441,2),(442,1),(442,2),(443,1),(443,2),(444,1),(444,2),(445,1),(445,2),(446,1),(446,2),(447,1),(447,2),(448,1),(448,2),(449,1),(449,2),(450,1),(450,2),(451,1),(451,2),(452,1),(452,2),(453,1),(453,2),(454,1),(454,2),(455,1),(455,2),(456,1),(456,2),(457,1),(457,2),(458,1),(458,2),(459,1),(459,2),(460,1),(460,2),(461,1),(461,2),(462,1),(462,2),(463,1),(463,2),(464,1),(464,2),(465,1),(465,2),(466,1),(466,2),(467,1),(467,2),(468,1),(468,2),(469,1),(469,2),(470,1),(470,2),(471,1),(471,2),(472,1),(472,2),(473,1),(473,2),(474,1),(474,2),(475,1),(475,2),(476,1),(476,2),(477,1),(477,2),(478,1),(478,2),(479,1),(479,2),(480,1),(480,2),(481,1),(481,2),(482,1),(482,2),(483,1),(483,2),(484,1),(484,2),(485,1),(485,2),(486,1),(486,2),(487,1),(487,2),(488,1),(488,2),(489,1),(489,2),(489,3),(490,1),(490,2),(490,3),(491,1),(491,2),(491,3),(492,1),(492,2),(493,1),(493,2),(494,1),(494,2),(495,1),(495,2),(496,1),(496,2);
/*!40000 ALTER TABLE `core_acl_acos_group` ENABLE KEYS */;
UNLOCK TABLES;

--
-- Table structure for table `core_config`
--

DROP TABLE IF EXISTS `core_config`;
/*!40101 SET @saved_cs_client     = @@character_set_client */;
/*!50503 SET character_set_client = utf8mb4 */;
CREATE TABLE `core_config` (
  `id` int(10) unsigned NOT NULL AUTO_INCREMENT,
  `option` text,
  `value` text,
  `group` text,
  `title` varchar(255) DEFAULT NULL,
  `description` text,
  `input_type` varchar(255) DEFAULT NULL,
  PRIMARY KEY (`id`)
) ENGINE=InnoDB AUTO_INCREMENT=34 DEFAULT CHARSET=utf8 ROW_FORMAT=COMPACT;
/*!40101 SET character_set_client = @saved_cs_client */;

--
-- Dumping data for table `core_config`
--

LOCK TABLES `core_config` WRITE;
/*!40000 ALTER TABLE `core_config` DISABLE KEYS */;
INSERT INTO `core_config` VALUES (1,'meta_tag_title','Sistema de Finanças','Meta_Tags','Title',NULL,'text'),(2,'meta_tag_description','','Meta_Tags','Description',NULL,'textarea'),(3,'meta_tag_keywords','Sistema de Finanças','Meta_Tags','Keywords',NULL,'text'),(4,'meta_tag_spam','Sistema de Finanças','Meta_Tags','Spam',NULL,'textarea'),(5,'meta_tag_author','Rodrigo','Meta_Tags','Autor',NULL,'text'),(6,'meta_tag_copryright','Rodrigo','Meta_Tags','Copyright',NULL,'text'),(7,'facebook_og_type','Website','Facebook','og_type',NULL,'text'),(8,'facebook_og_image',NULL,'Facebook','og_image',NULL,'image'),(9,'facebook_og_site_name','','Facebook','og_site_name',NULL,'text'),(13,'meta_tag_backend_title','Sistema de Finanças','Meta_Tags_Backend','Title',NULL,'text'),(14,'meta_tag_backend_description','','Meta_Tags_Backend','Description',NULL,'textarea'),(16,'meta_tag_backend_keywords','','Meta_Tags_Backend','Keywords',NULL,'text'),(17,'meta_tag_backend_spam','','Meta_Tags_Backend','Spam',NULL,'textarea'),(18,'meta_tag_backend_author','Rodrigo','Meta_Tags_Backend','Autor',NULL,'text'),(19,'meta_tag_backend_copryright','rodrigo','Meta_Tags_Backend','copyright',NULL,'text'),(20,'general_client','Sistema de Finanças','Geral','Nome do Cliente',NULL,'text'),(21,'general_logo','7b485588fb993e43e5531b53da8bc21e.jpg','Geral','Logo',NULL,'image'),(22,'general_url','','Geral','URL',NULL,'text'),(23,'facebook_fb_admins','Fb admins','Facebook','fb_admins',NULL,'text'),(24,'facebook_app_id','','Facebook','APP ID',NULL,'text'),(25,'facebook_token','','Facebook','Token',NULL,'text'),(26,'social_facebook','','Redes_Sociais','Facebook',NULL,'text'),(27,'social_twitter','','Redes_Sociais','Twitter',NULL,'text'),(28,'social_googleplus','','Redes_Sociais','Google plus',NULL,'text'),(29,'social_pinterest','','Redes_Sociais','Pinterest',NULL,'text'),(30,'social_blog','','Redes_Sociais','Blog',NULL,'text'),(31,'social_foursquare','','Redes_Sociais','Foursquare',NULL,'text'),(32,'social_youtube','','Redes_Sociais','Youtube',NULL,'text'),(33,'social_slideshare','','Redes_Sociais','Slideshare',NULL,'text');
/*!40000 ALTER TABLE `core_config` ENABLE KEYS */;
UNLOCK TABLES;

--
-- Table structure for table `core_page`
--

DROP TABLE IF EXISTS `core_page`;
/*!40101 SET @saved_cs_client     = @@character_set_client */;
/*!50503 SET character_set_client = utf8mb4 */;
CREATE TABLE `core_page` (
  `id` int(11) NOT NULL AUTO_INCREMENT,
  `title` varchar(255) DEFAULT NULL,
  `binding` varchar(255) DEFAULT NULL,
  `content` longtext,
  PRIMARY KEY (`id`)
) ENGINE=InnoDB DEFAULT CHARSET=utf8 ROW_FORMAT=COMPACT;
/*!40101 SET character_set_client = @saved_cs_client */;

--
-- Dumping data for table `core_page`
--

LOCK TABLES `core_page` WRITE;
/*!40000 ALTER TABLE `core_page` DISABLE KEYS */;
/*!40000 ALTER TABLE `core_page` ENABLE KEYS */;
UNLOCK TABLES;

--
-- Table structure for table `core_sessions`
--

DROP TABLE IF EXISTS `core_sessions`;
/*!40101 SET @saved_cs_client     = @@character_set_client */;
/*!50503 SET character_set_client = utf8mb4 */;
CREATE TABLE `core_sessions` (
  `session_id` varchar(40) NOT NULL DEFAULT '0',
  `ip_address` varchar(45) NOT NULL DEFAULT '0',
  `user_agent` varchar(120) NOT NULL,
  `last_activity` int(10) unsigned NOT NULL DEFAULT '0',
  `user_data` text NOT NULL,
  PRIMARY KEY (`session_id`),
  KEY `last_activity_idx` (`last_activity`)
) ENGINE=MyISAM DEFAULT CHARSET=utf8 ROW_FORMAT=DYNAMIC;
/*!40101 SET character_set_client = @saved_cs_client */;

--
-- Dumping data for table `core_sessions`
--

LOCK TABLES `core_sessions` WRITE;
/*!40000 ALTER TABLE `core_sessions` DISABLE KEYS */;
INSERT INTO `core_sessions` VALUES ('187c5c46f57bc367e6c0592d70251362','::1','Mozilla/5.0 (Windows NT 6.1; Win64; x64) AppleWebKit/537.36 (KHTML, like Gecko) Chrome/61.0.3163.100 Safari/537.36',1510752156,'a:1:{s:9:\"user_data\";s:0:\"\";}'),('c4969ab0c406e703699b1e151a1ac05f','127.0.0.1','Mozilla/5.0 (Windows NT 6.1; Win64; x64) AppleWebKit/537.36 (KHTML, like Gecko) Chrome/61.0.3163.100 Safari/537.36',1510753632,'a:1:{s:9:\"user_data\";s:0:\"\";}'),('c9aa1b8c4016109b89d6ca746066de25','::1','Mozilla/5.0 (Windows NT 6.1; Win64; x64) AppleWebKit/537.36 (KHTML, like Gecko) Chrome/61.0.3163.100 Safari/537.36',1510711805,'a:1:{s:9:\"user_data\";s:0:\"\";}'),('f44a32e1997f4d13af16931d389a25d5','::1','Mozilla/5.0 (Windows NT 6.1; Win64; x64) AppleWebKit/537.36 (KHTML, like Gecko) Chrome/61.0.3163.100 Safari/537.36',1510753633,'a:1:{s:9:\"user_data\";s:0:\"\";}'),('1e056bda48c306fba7818d8c76d11900','127.0.0.1','Mozilla/5.0 (X11; Linux x86_64; rv:57.0) Gecko/20100101 Firefox/57.0',1511458658,'a:1:{s:9:\"user_data\";s:0:\"\";}'),('854d35d24f9837d793bd7ab0cc3aff9a','127.0.0.1','Mozilla/5.0 (X11; Linux x86_64; rv:57.0) Gecko/20100101 Firefox/57.0',1511545824,'a:1:{s:9:\"user_data\";s:0:\"\";}'),('435050d608d2efdf18561b325015b137','127.0.0.1','Mozilla/5.0 (X11; Ubuntu; Linux x86_64; rv:57.0) Gecko/20100101 Firefox/57.0',1512387583,'a:1:{s:9:\"user_data\";s:0:\"\";}'),('e1b5d21ab4cb7b0a372bb82fa9dc89e4','127.0.0.1','Mozilla/5.0 (X11; Ubuntu; Linux x86_64; rv:57.0) Gecko/20100101 Firefox/57.0',1515412077,'a:1:{s:9:\"user_data\";s:0:\"\";}'),('01b1086f7442a42cd454e02c0cdd5d7e','127.0.0.1','Mozilla/5.0 (X11; Ubuntu; Linux x86_64; rv:58.0) Gecko/20100101 Firefox/58.0',1518030690,'a:2:{s:9:\"user_data\";s:0:\"\";s:5:\"admin\";a:8:{s:7:\"user_id\";s:2:\"14\";s:9:\"user_name\";s:7:\"Rodrigo\";s:10:\"user_email\";s:21:\"blueinforbs@gmail.com\";s:9:\"user_nick\";s:28:\"rodrigo@portalpublico.com.br\";s:13:\"user_group_id\";s:1:\"1\";s:16:\"user_group_title\";s:10:\"superadmin\";s:10:\"user_token\";s:40:\"fa35e192121eabf3dabf9f5ea6abdbcbc107ac3b\";s:17:\"user_session_auth\";s:32:\"01b1086f7442a42cd454e02c0cdd5d7e\";}}'),('66223d7e6d3c2108a0f6c62c89d1ebcf','::1','Mozilla/5.0 (X11; Linux x86_64) AppleWebKit/537.36 (KHTML, like Gecko) Chrome/65.0.3325.162 Safari/537.36',1528823395,'a:1:{s:9:\"user_data\";s:0:\"\";}'),('d1920918b96f43187e891058d96bd1e3','::1','Mozilla/5.0 (X11; Linux x86_64) AppleWebKit/537.36 (KHTML, like Gecko) Chrome/65.0.3325.162 Safari/537.36',1533054348,'a:1:{s:9:\"user_data\";s:0:\"\";}');
/*!40000 ALTER TABLE `core_sessions` ENABLE KEYS */;
UNLOCK TABLES;

--
-- Table structure for table `core_staticblock`
--

DROP TABLE IF EXISTS `core_staticblock`;
/*!40101 SET @saved_cs_client     = @@character_set_client */;
/*!50503 SET character_set_client = utf8mb4 */;
CREATE TABLE `core_staticblock` (
  `id` int(11) NOT NULL AUTO_INCREMENT,
  `title` varchar(255) DEFAULT NULL,
  `binding` varchar(255) DEFAULT NULL,
  `content` longtext,
  PRIMARY KEY (`id`)
) ENGINE=InnoDB AUTO_INCREMENT=4 DEFAULT CHARSET=utf8 ROW_FORMAT=COMPACT;
/*!40101 SET character_set_client = @saved_cs_client */;

--
-- Dumping data for table `core_staticblock`
--

LOCK TABLES `core_staticblock` WRITE;
/*!40000 ALTER TABLE `core_staticblock` DISABLE KEYS */;
INSERT INTO `core_staticblock` VALUES (1,'Política de Privacidade','getTextPoliticPrivete',''),(2,'Google Analytics','getGoogleAnalytics',''),(3,'Google Conversion','getGoogleConversion','');
/*!40000 ALTER TABLE `core_staticblock` ENABLE KEYS */;
UNLOCK TABLES;

--
-- Table structure for table `core_url`
--

DROP TABLE IF EXISTS `core_url`;
/*!40101 SET @saved_cs_client     = @@character_set_client */;
/*!50503 SET character_set_client = utf8mb4 */;
CREATE TABLE `core_url` (
  `id` int(10) unsigned NOT NULL AUTO_INCREMENT,
  `url` text,
  `title` text,
  `keywords` text,
  `description` text,
  `url_old` text,
  `spam` text NOT NULL,
  PRIMARY KEY (`id`)
) ENGINE=InnoDB AUTO_INCREMENT=9 DEFAULT CHARSET=utf8 ROW_FORMAT=COMPACT;
/*!40101 SET character_set_client = @saved_cs_client */;

--
-- Dumping data for table `core_url`
--

LOCK TABLES `core_url` WRITE;
/*!40000 ALTER TABLE `core_url` DISABLE KEYS */;
INSERT INTO `core_url` VALUES (4,'sitemap.xml','Sitemap','','','sitemap',''),(8,'ativaliq','','','','ativaliq_dashboard','');
/*!40000 ALTER TABLE `core_url` ENABLE KEYS */;
UNLOCK TABLES;

--
-- Table structure for table `cr_modules`
--

DROP TABLE IF EXISTS `cr_modules`;
/*!40101 SET @saved_cs_client     = @@character_set_client */;
/*!50503 SET character_set_client = utf8mb4 */;
CREATE TABLE `cr_modules` (
  `idcr_modules` int(11) NOT NULL AUTO_INCREMENT,
  `name` varchar(45) NOT NULL,
  PRIMARY KEY (`idcr_modules`)
) ENGINE=InnoDB AUTO_INCREMENT=5 DEFAULT CHARSET=latin1;
/*!40101 SET character_set_client = @saved_cs_client */;

--
-- Dumping data for table `cr_modules`
--

LOCK TABLES `cr_modules` WRITE;
/*!40000 ALTER TABLE `cr_modules` DISABLE KEYS */;
INSERT INTO `cr_modules` VALUES (1,'Mobility'),(2,'Warm up'),(3,'Wod-1'),(4,'Wod-2');
/*!40000 ALTER TABLE `cr_modules` ENABLE KEYS */;
UNLOCK TABLES;

--
-- Table structure for table `cr_workout`
--

DROP TABLE IF EXISTS `cr_workout`;
/*!40101 SET @saved_cs_client     = @@character_set_client */;
/*!50503 SET character_set_client = utf8mb4 */;
CREATE TABLE `cr_workout` (
  `idcr_workout` int(11) NOT NULL AUTO_INCREMENT,
  `title` varchar(45) NOT NULL,
  PRIMARY KEY (`idcr_workout`)
) ENGINE=InnoDB DEFAULT CHARSET=latin1;
/*!40101 SET character_set_client = @saved_cs_client */;

--
-- Dumping data for table `cr_workout`
--

LOCK TABLES `cr_workout` WRITE;
/*!40000 ALTER TABLE `cr_workout` DISABLE KEYS */;
/*!40000 ALTER TABLE `cr_workout` ENABLE KEYS */;
UNLOCK TABLES;

--
-- Table structure for table `cr_workout_modules`
--

DROP TABLE IF EXISTS `cr_workout_modules`;
/*!40101 SET @saved_cs_client     = @@character_set_client */;
/*!50503 SET character_set_client = utf8mb4 */;
CREATE TABLE `cr_workout_modules` (
  `idcr_workout_modules` int(11) NOT NULL,
  `idcr_modules` int(11) NOT NULL,
  `idcr_workout` int(11) NOT NULL,
  `descricao` varchar(250) NOT NULL,
  PRIMARY KEY (`idcr_workout_modules`)
) ENGINE=InnoDB DEFAULT CHARSET=latin1;
/*!40101 SET character_set_client = @saved_cs_client */;

--
-- Dumping data for table `cr_workout_modules`
--

LOCK TABLES `cr_workout_modules` WRITE;
/*!40000 ALTER TABLE `cr_workout_modules` DISABLE KEYS */;
/*!40000 ALTER TABLE `cr_workout_modules` ENABLE KEYS */;
UNLOCK TABLES;

--
-- Table structure for table `emaillog`
--

DROP TABLE IF EXISTS `emaillog`;
/*!40101 SET @saved_cs_client     = @@character_set_client */;
/*!50503 SET character_set_client = utf8mb4 */;
CREATE TABLE `emaillog` (
  `id` int(11) NOT NULL AUTO_INCREMENT,
  `date` timestamp NULL DEFAULT NULL,
  `name` varchar(255) DEFAULT NULL,
  `email` varchar(255) DEFAULT NULL,
  `email_to` varchar(255) DEFAULT NULL,
  `body` longtext,
  `metadata` longtext,
  `session` varchar(255) DEFAULT NULL,
  `status` int(11) DEFAULT '0',
  PRIMARY KEY (`id`)
) ENGINE=InnoDB DEFAULT CHARSET=utf8 ROW_FORMAT=COMPACT;
/*!40101 SET character_set_client = @saved_cs_client */;

--
-- Dumping data for table `emaillog`
--

LOCK TABLES `emaillog` WRITE;
/*!40000 ALTER TABLE `emaillog` DISABLE KEYS */;
/*!40000 ALTER TABLE `emaillog` ENABLE KEYS */;
UNLOCK TABLES;

--
-- Table structure for table `emailto`
--

DROP TABLE IF EXISTS `emailto`;
/*!40101 SET @saved_cs_client     = @@character_set_client */;
/*!50503 SET character_set_client = utf8mb4 */;
CREATE TABLE `emailto` (
  `id` int(11) NOT NULL AUTO_INCREMENT,
  `category_id` int(11) DEFAULT NULL,
  `title` varchar(255) DEFAULT NULL,
  `email` varchar(255) DEFAULT NULL,
  `status` varchar(1) DEFAULT '1',
  PRIMARY KEY (`id`)
) ENGINE=InnoDB DEFAULT CHARSET=utf8 ROW_FORMAT=COMPACT;
/*!40101 SET character_set_client = @saved_cs_client */;

--
-- Dumping data for table `emailto`
--

LOCK TABLES `emailto` WRITE;
/*!40000 ALTER TABLE `emailto` DISABLE KEYS */;
/*!40000 ALTER TABLE `emailto` ENABLE KEYS */;
UNLOCK TABLES;

--
-- Table structure for table `emailto_category`
--

DROP TABLE IF EXISTS `emailto_category`;
/*!40101 SET @saved_cs_client     = @@character_set_client */;
/*!50503 SET character_set_client = utf8mb4 */;
CREATE TABLE `emailto_category` (
  `id` int(11) NOT NULL AUTO_INCREMENT,
  `title` varchar(255) NOT NULL,
  PRIMARY KEY (`id`)
) ENGINE=InnoDB DEFAULT CHARSET=utf8 ROW_FORMAT=COMPACT;
/*!40101 SET character_set_client = @saved_cs_client */;

--
-- Dumping data for table `emailto_category`
--

LOCK TABLES `emailto_category` WRITE;
/*!40000 ALTER TABLE `emailto_category` DISABLE KEYS */;
/*!40000 ALTER TABLE `emailto_category` ENABLE KEYS */;
UNLOCK TABLES;

--
-- Table structure for table `pref_abrasf_cidades`
--

DROP TABLE IF EXISTS `pref_abrasf_cidades`;
/*!40101 SET @saved_cs_client     = @@character_set_client */;
/*!50503 SET character_set_client = utf8mb4 */;
CREATE TABLE `pref_abrasf_cidades` (
  `idn_cida` int(11) DEFAULT NULL COMMENT 'Identificacao do municipio pelo IBGE',
  `nom_cida` varchar(255) DEFAULT NULL COMMENT 'Nome do municipio',
  `sig_uf` varchar(2) DEFAULT NULL COMMENT 'Sigla da UF'
) ENGINE=InnoDB DEFAULT CHARSET=utf8 ROW_FORMAT=COMPACT COMMENT='ABRASF: Tabela Municipios IBGE Anexo 5';
/*!40101 SET character_set_client = @saved_cs_client */;

--
-- Dumping data for table `pref_abrasf_cidades`
--

LOCK TABLES `pref_abrasf_cidades` WRITE;
/*!40000 ALTER TABLE `pref_abrasf_cidades` DISABLE KEYS */;
INSERT INTO `pref_abrasf_cidades` VALUES (1100015,'ALTA FLORESTA D\'OESTE','RO'),(1100023,'ARIQUEMES','RO'),(1100031,'CABIXI','RO'),(1100049,'CACOAL','RO'),(1100056,'CEREJEIRAS','RO'),(1100064,'COLORADO DO OESTE','RO'),(1100072,'CORUMBIARA','RO'),(1100080,'COSTA MARQUES','RO'),(1100098,'ESPIGAO D\'OESTE','RO'),(1100106,'GUAJARA-MIRIM','RO'),(1100114,'JARU','RO'),(1100122,'JI-PARANA','RO'),(1100130,'MACHADINHO D\'OESTE','RO'),(1100148,'NOVA BRASILANDIA D\'OESTE','RO'),(1100155,'OURO PRETO DO OESTE','RO'),(1100189,'PIMENTA BUENO','RO'),(1100205,'PORTO VELHO','RO'),(1100254,'PRESIDENTE MEDICI','RO'),(1100262,'RIO CRESPO','RO'),(1100288,'ROLIM DE MOURA','RO'),(1100296,'SANTA LUZIA D\'OESTE','RO'),(1100304,'VILHENA','RO'),(1100320,'SAO MIGUEL DO GUAPORE','RO'),(1100338,'NOVA MAMORE','RO'),(1100346,'ALVORADA D\'OESTE','RO'),(1100379,'ALTO ALEGRE DOS PARECIS','RO'),(1100403,'ALTO PARAISO','RO'),(1100452,'BURITIS','RO'),(1100502,'NOVO HORIZONTE DO OESTE','RO'),(1100601,'CACAULANDIA','RO'),(1100700,'CAMPO NOVO DE RONDONIA','RO'),(1100809,'CANDEIAS DO JAMARI','RO'),(1100908,'CASTANHEIRAS','RO'),(1100924,'CHUPINGUAIA','RO'),(1100940,'CUJUBIM','RO'),(1101005,'GOVERNADOR JORGE TEIXEIRA','RO'),(1101104,'ITAPUA DO OESTE','RO'),(1101203,'MINISTRO ANDREAZZA','RO'),(1101302,'MIRANTE DA SERRA','RO'),(1101401,'MONTE NEGRO','RO'),(1101435,'NOVA UNIAO','RO'),(1101450,'PARECIS','RO'),(1101468,'PIMENTEIRAS DO OESTE','RO'),(1101476,'PRIMAVERA DE RONDONIA','RO'),(1101484,'SAO FELIPE D\'OESTE','RO'),(1101492,'SAO FRANCISCO DO GUAPORE','RO'),(1101500,'SERINGUEIRAS','RO'),(1101559,'TEIXEIROPOLIS','RO'),(1101609,'THEOBROMA','RO'),(1101708,'URUPA','RO'),(1101757,'VALE DO ANARI','RO'),(1101807,'VALE DO PARAISO','RO'),(1200013,'ACRELANDIA','AC'),(1200054,'ASSIS BRASIL','AC'),(1200104,'BRASILEIA','AC'),(1200138,'BUJARI','AC'),(1200179,'CAPIXABA','AC'),(1200203,'CRUZEIRO DO SUL','AC'),(1200252,'EPITACIOLANDIA','AC'),(1200302,'FEIJO','AC'),(1200328,'JORDAO','AC'),(1200336,'MANCIO LIMA','AC'),(1200344,'MANOEL URBANO','AC'),(1200351,'MARECHAL THAUMATURGO','AC'),(1200385,'PLACIDO DE CASTRO','AC'),(1200393,'PORTO WALTER','AC'),(1200401,'RIO BRANCO','AC'),(1200427,'RODRIGUES ALVES','AC'),(1200435,'SANTA ROSA DO PURUS','AC'),(1200450,'SENADOR GUIOMARD','AC'),(1200500,'SENA MADUREIRA','AC'),(1200609,'TARAUACA','AC'),(1200708,'XAPURI','AC'),(1200807,'PORTO ACRE','AC'),(1300029,'ALVARAES','AM'),(1300060,'AMATURA','AM'),(1300086,'ANAMA','AM'),(1300102,'ANORI','AM'),(1300144,'APUI','AM'),(1300201,'ATALAIA DO NORTE','AM'),(1300300,'AUTAZES','AM'),(1300409,'BARCELOS','AM'),(1300508,'BARREIRINHA','AM'),(1300607,'BENJAMIN CONSTANT','AM'),(1300631,'BERURI','AM'),(1300680,'BOA VISTA DO RAMOS','AM'),(1300706,'BOCA DO ACRE','AM'),(1300805,'BORBA','AM'),(1300839,'CAAPIRANGA','AM'),(1300904,'CANUTAMA','AM'),(1301001,'CARAUARI','AM'),(1301100,'CAREIRO','AM'),(1301159,'CAREIRO DA VARZEA','AM'),(1301209,'COARI','AM'),(1301308,'CODAJAS','AM'),(1301407,'EIRUNEPE','AM'),(1301506,'ENVIRA','AM'),(1301605,'FONTE BOA','AM'),(1301654,'GUAJARA','AM'),(1301704,'HUMAITA','AM'),(1301803,'IPIXUNA','AM'),(1301852,'IRANDUBA','AM'),(1301902,'ITACOATIARA','AM'),(1301951,'ITAMARATI','AM'),(1302009,'ITAPIRANGA','AM'),(1302108,'JAPURA','AM'),(1302207,'JURUA','AM'),(1302306,'JUTAI','AM'),(1302405,'LABREA','AM'),(1302504,'MANACAPURU','AM'),(1302553,'MANAQUIRI','AM'),(1302603,'MANAUS','AM'),(1302702,'MANICORE','AM'),(1302801,'MARAA','AM'),(1302900,'MAUES','AM'),(1303007,'NHAMUNDA','AM'),(1303106,'NOVA OLINDA DO NORTE','AM'),(1303205,'NOVO AIRAO','AM'),(1303304,'NOVO ARIPUANA','AM'),(1303403,'PARINTINS','AM'),(1303502,'PAUINI','AM'),(1303536,'PRESIDENTE FIGUEIREDO','AM'),(1303569,'RIO PRETO DA EVA','AM'),(1303601,'SANTA ISABEL DO RIO NEGRO','AM'),(1303700,'SANTO ANTONIO DO ICA','AM'),(1303809,'SAO GABRIEL DA CACHOEIRA','AM'),(1303908,'SAO PAULO DE OLIVENCA','AM'),(1303957,'SAO SEBASTIAO DO UATUMA','AM'),(1304005,'SILVES','AM'),(1304062,'TABATINGA','AM'),(1304104,'TAPAUA','AM'),(1304203,'TEFE','AM'),(1304237,'TONANTINS','AM'),(1304260,'UARINI','AM'),(1304302,'URUCARA','AM'),(1304401,'URUCURITUBA','AM'),(1400027,'AMAJARI','RR'),(1400050,'ALTO ALEGRE','RR'),(1400100,'BOA VISTA','RR'),(1400159,'BONFIM','RR'),(1400175,'CANTA','RR'),(1400209,'CARACARAI','RR'),(1400233,'CAROEBE','RR'),(1400282,'IRACEMA','RR'),(1400308,'MUCAJAI','RR'),(1400407,'NORMANDIA','RR'),(1400456,'PACARAIMA','RR'),(1400472,'RORAINOPOLIS','RR'),(1400506,'SAO JOAO DA BALIZA','RR'),(1400605,'SAO LUIZ','RR'),(1400704,'UIRAMUTA','RR'),(1500107,'ABAETETUBA','PA'),(1500131,'ABEL FIGUEIREDO','PA'),(1500206,'ACARA','PA'),(1500305,'AFUA','PA'),(1500347,'AGUA AZUL DO NORTE','PA'),(1500404,'ALENQUER','PA'),(1500503,'ALMEIRIM','PA'),(1500602,'ALTAMIRA','PA'),(1500701,'ANAJAS','PA'),(1500800,'ANANINDEUA','PA'),(1500859,'ANAPU','PA'),(1500909,'AUGUSTO CORREA','PA'),(1500958,'AURORA DO PARA','PA'),(1501006,'AVEIRO','PA'),(1501105,'BAGRE','PA'),(1501204,'BAIAO','PA'),(1501253,'BANNACH','PA'),(1501303,'BARCARENA','PA'),(1501402,'BELEM','PA'),(1501451,'BELTERRA','PA'),(1501501,'BENEVIDES','PA'),(1501576,'BOM JESUS DO TOCANTINS','PA'),(1501600,'BONITO','PA'),(1501709,'BRAGANCA','PA'),(1501725,'BRASIL NOVO','PA'),(1501758,'BREJO GRANDE DO ARAGUAIA','PA'),(1501782,'BREU BRANCO','PA'),(1501808,'BREVES','PA'),(1501907,'BUJARU','PA'),(1501956,'CACHOEIRA DO PIRIA','PA'),(1502004,'CACHOEIRA DO ARARI','PA'),(1502103,'CAMETA','PA'),(1502152,'CANAA DOS CARAJAS','PA'),(1502202,'CAPANEMA','PA'),(1502301,'CAPITAO POCO','PA'),(1502400,'CASTANHAL','PA'),(1502509,'CHAVES','PA'),(1502608,'COLARES','PA'),(1502707,'CONCEICAO DO ARAGUAIA','PA'),(1502756,'CONCORDIA DO PARA','PA'),(1502764,'CUMARU DO NORTE','PA'),(1502772,'CURIONOPOLIS','PA'),(1502806,'CURRALINHO','PA'),(1502855,'CURUA','PA'),(1502905,'CURUCA','PA'),(1502939,'DOM ELISEU','PA'),(1502954,'ELDORADO DOS CARAJAS','PA'),(1503002,'FARO','PA'),(1503044,'FLORESTA DO ARAGUAIA','PA'),(1503077,'GARRAFAO DO NORTE','PA'),(1503093,'GOIANESIA DO PARA','PA'),(1503101,'GURUPA','PA'),(1503200,'IGARAPE-ACU','PA'),(1503309,'IGARAPE-MIRI','PA'),(1503408,'INHANGAPI','PA'),(1503457,'IPIXUNA DO PARA','PA'),(1503507,'IRITUIA','PA'),(1503606,'ITAITUBA','PA'),(1503705,'ITUPIRANGA','PA'),(1503754,'JACAREACANGA','PA'),(1503804,'JACUNDA','PA'),(1503903,'JURUTI','PA'),(1504000,'LIMOEIRO DO AJURU','PA'),(1504059,'MAE DO RIO','PA'),(1504109,'MAGALHAES BARATA','PA'),(1504208,'MARABA','PA'),(1504307,'MARACANA','PA'),(1504406,'MARAPANIM','PA'),(1504422,'MARITUBA','PA'),(1504455,'MEDICILANDIA','PA'),(1504505,'MELGACO','PA'),(1504604,'MOCAJUBA','PA'),(1504703,'MOJU','PA'),(1504802,'MONTE ALEGRE','PA'),(1504901,'MUANA','PA'),(1504950,'NOVA ESPERANCA DO PIRIA','PA'),(1504976,'NOVA IPIXUNA','PA'),(1505007,'NOVA TIMBOTEUA','PA'),(1505031,'NOVO PROGRESSO','PA'),(1505064,'NOVO REPARTIMENTO','PA'),(1505106,'OBIDOS','PA'),(1505205,'OEIRAS DO PARA','PA'),(1505304,'ORIXIMINA','PA'),(1505403,'OUREM','PA'),(1505437,'OURILANDIA DO NORTE','PA'),(1505486,'PACAJA','PA'),(1505494,'PALESTINA DO PARA','PA'),(1505502,'PARAGOMINAS','PA'),(1505536,'PARAUAPEBAS','PA'),(1505551,'PAU D\'ARCO','PA'),(1505601,'PEIXE-BOI','PA'),(1505635,'PICARRA','PA'),(1505650,'PLACAS','PA'),(1505700,'PONTA DE PEDRAS','PA'),(1505809,'PORTEL','PA'),(1505908,'PORTO DE MOZ','PA'),(1506005,'PRAINHA','PA'),(1506104,'PRIMAVERA','PA'),(1506112,'QUATIPURU','PA'),(1506138,'REDENCAO','PA'),(1506161,'RIO MARIA','PA'),(1506187,'RONDON DO PARA','PA'),(1506195,'RUROPOLIS','PA'),(1506203,'SALINOPOLIS','PA'),(1506302,'SALVATERRA','PA'),(1506351,'SANTA BARBARA DO PARA','PA'),(1506401,'SANTA CRUZ DO ARARI','PA'),(1506500,'SANTA ISABEL DO PARA','PA'),(1506559,'SANTA LUZIA DO PARA','PA'),(1506583,'SANTA MARIA DAS BARREIRAS','PA'),(1506609,'SANTA MARIA DO PARA','PA'),(1506708,'SANTANA DO ARAGUAIA','PA'),(1506807,'SANTAREM','PA'),(1506906,'SANTAREM NOVO','PA'),(1507003,'SANTO ANTONIO DO TAUA','PA'),(1507102,'SAO CAETANO DE ODIVELAS','PA'),(1507151,'SAO DOMINGOS DO ARAGUAIA','PA'),(1507201,'SAO DOMINGOS DO CAPIM','PA'),(1507300,'SAO FELIX DO XINGU','PA'),(1507409,'SAO FRANCISCO DO PARA','PA'),(1507458,'SAO GERALDO DO ARAGUAIA','PA'),(1507466,'SAO JOAO DA PONTA','PA'),(1507474,'SAO JOAO DE PIRABAS','PA'),(1507508,'SAO JOAO DO ARAGUAIA','PA'),(1507607,'SAO MIGUEL DO GUAMA','PA'),(1507706,'SAO SEBASTIAO DA BOA VISTA','PA'),(1507755,'SAPUCAIA','PA'),(1507805,'SENADOR JOSE PORFIRIO','PA'),(1507904,'SOURE','PA'),(1507953,'TAILANDIA','PA'),(1507961,'TERRA ALTA','PA'),(1507979,'TERRA SANTA','PA'),(1508001,'TOME-ACU','PA'),(1508035,'TRACUATEUA','PA'),(1508050,'TRAIRAO','PA'),(1508084,'TUCUMA','PA'),(1508100,'TUCURUI','PA'),(1508126,'ULIANOPOLIS','PA'),(1508159,'URUARA','PA'),(1508209,'VIGIA','PA'),(1508308,'VISEU','PA'),(1508357,'VITORIA DO XINGU','PA'),(1508407,'XINGUARA','PA'),(1600055,'SERRA DO NAVIO','AP'),(1600105,'AMAPA','AP'),(1600154,'PEDRA BRANCA DO AMAPARI','AP'),(1600204,'CALCOENE','AP'),(1600212,'CUTIAS','AP'),(1600238,'FERREIRA GOMES','AP'),(1600253,'ITAUBAL','AP'),(1600279,'LARANJAL DO JARI','AP'),(1600303,'MACAPA','AP'),(1600402,'MAZAGAO','AP'),(1600501,'OIAPOQUE','AP'),(1600535,'PORTO GRANDE','AP'),(1600550,'PRACUUBA','AP'),(1600600,'SANTANA','AP'),(1600709,'TARTARUGALZINHO','AP'),(1600808,'VITORIA DO JARI','AP'),(1700251,'ABREULANDIA','TO'),(1700301,'AGUIARNOPOLIS','TO'),(1700350,'ALIANCA DO TOCANTINS','TO'),(1700400,'ALMAS','TO'),(1700707,'ALVORADA','TO'),(1701002,'ANANAS','TO'),(1701051,'ANGICO','TO'),(1701101,'APARECIDA DO RIO NEGRO','TO'),(1701309,'ARAGOMINAS','TO'),(1701903,'ARAGUACEMA','TO'),(1702000,'ARAGUACU','TO'),(1702109,'ARAGUAINA','TO'),(1702158,'ARAGUANA','TO'),(1702208,'ARAGUATINS','TO'),(1702307,'ARAPOEMA','TO'),(1702406,'ARRAIAS','TO'),(1702554,'AUGUSTINOPOLIS','TO'),(1702703,'AURORA DO TOCANTINS','TO'),(1702901,'AXIXA DO TOCANTINS','TO'),(1703008,'BABACULANDIA','TO'),(1703057,'BANDEIRANTES DO TOCANTINS','TO'),(1703073,'BARRA DO OURO','TO'),(1703107,'BARROLANDIA','TO'),(1703206,'BERNARDO SAYAO','TO'),(1703305,'BOM JESUS DO TOCANTINS','TO'),(1703602,'BRASILANDIA DO TOCANTINS','TO'),(1703701,'BREJINHO DE NAZARE','TO'),(1703800,'BURITI DO TOCANTINS','TO'),(1703826,'CACHOEIRINHA','TO'),(1703842,'CAMPOS LINDOS','TO'),(1703867,'CARIRI DO TOCANTINS','TO'),(1703883,'CARMOLANDIA','TO'),(1703891,'CARRASCO BONITO','TO'),(1703909,'CASEARA','TO'),(1704105,'CENTENARIO','TO'),(1704600,'CHAPADA DE AREIA','TO'),(1705102,'CHAPADA DA NATIVIDADE','TO'),(1705508,'COLINAS DO TOCANTINS','TO'),(1705557,'COMBINADO','TO'),(1705607,'CONCEICAO DO TOCANTINS','TO'),(1706001,'COUTO DE MAGALHAES','TO'),(1706100,'CRISTALANDIA','TO'),(1706258,'CRIXAS DO TOCANTINS','TO'),(1706506,'DARCINOPOLIS','TO'),(1707009,'DIANOPOLIS','TO'),(1707108,'DIVINOPOLIS DO TOCANTINS','TO'),(1707207,'DOIS IRMAOS DO TOCANTINS','TO'),(1707306,'DUERE','TO'),(1707405,'ESPERANTINA','TO'),(1707553,'FATIMA','TO'),(1707652,'FIGUEIROPOLIS','TO'),(1707702,'FILADELFIA','TO'),(1708205,'FORMOSO DO ARAGUAIA','TO'),(1708254,'FORTALEZA DO TABOCAO','TO'),(1708304,'GOIANORTE','TO'),(1709005,'GOIATINS','TO'),(1709302,'GUARAI','TO'),(1709500,'GURUPI','TO'),(1709807,'IPUEIRAS','TO'),(1710508,'ITACAJA','TO'),(1710706,'ITAGUATINS','TO'),(1710904,'ITAPIRATINS','TO'),(1711100,'ITAPORA DO TOCANTINS','TO'),(1711506,'JAU DO TOCANTINS','TO'),(1711803,'JUARINA','TO'),(1711902,'LAGOA DA CONFUSAO','TO'),(1711951,'LAGOA DO TOCANTINS','TO'),(1712009,'LAJEADO','TO'),(1712157,'LAVANDEIRA','TO'),(1712405,'LIZARDA','TO'),(1712454,'LUZINOPOLIS','TO'),(1712504,'MARIANOPOLIS DO TOCANTINS','TO'),(1712702,'MATEIROS','TO'),(1712801,'MAURILANDIA DO TOCANTINS','TO'),(1713205,'MIRACEMA DO TOCANTINS','TO'),(1713304,'MIRANORTE','TO'),(1713601,'MONTE DO CARMO','TO'),(1713700,'MONTE SANTO DO TOCANTINS','TO'),(1713809,'PALMEIRAS DO TOCANTINS','TO'),(1713957,'MURICILANDIA','TO'),(1714203,'NATIVIDADE','TO'),(1714302,'NAZARE','TO'),(1714880,'NOVA OLINDA','TO'),(1715002,'NOVA ROSALANDIA','TO'),(1715101,'NOVO ACORDO','TO'),(1715150,'NOVO ALEGRE','TO'),(1715259,'NOVO JARDIM','TO'),(1715507,'OLIVEIRA DE FATIMA','TO'),(1715705,'PALMEIRANTE','TO'),(1715754,'PALMEIROPOLIS','TO'),(1716109,'PARAISO DO TOCANTINS','TO'),(1716208,'PARANA','TO'),(1716307,'PAU D\'ARCO','TO'),(1716505,'PEDRO AFONSO','TO'),(1716604,'PEIXE','TO'),(1716653,'PEQUIZEIRO','TO'),(1716703,'COLMEIA','TO'),(1717008,'PINDORAMA DO TOCANTINS','TO'),(1717206,'PIRAQUE','TO'),(1717503,'PIUM','TO'),(1717800,'PONTE ALTA DO BOM JESUS','TO'),(1717909,'PONTE ALTA DO TOCANTINS','TO'),(1718006,'PORTO ALEGRE DO TOCANTINS','TO'),(1718204,'PORTO NACIONAL','TO'),(1718303,'PRAIA NORTE','TO'),(1718402,'PRESIDENTE KENNEDY','TO'),(1718451,'PUGMIL','TO'),(1718501,'RECURSOLANDIA','TO'),(1718550,'RIACHINHO','TO'),(1718659,'RIO DA CONCEICAO','TO'),(1718709,'RIO DOS BOIS','TO'),(1718758,'RIO SONO','TO'),(1718808,'SAMPAIO','TO'),(1718840,'SANDOLANDIA','TO'),(1718865,'SANTA FE DO ARAGUAIA','TO'),(1718881,'SANTA MARIA DO TOCANTINS','TO'),(1718899,'SANTA RITA DO TOCANTINS','TO'),(1718907,'SANTA ROSA DO TOCANTINS','TO'),(1719004,'SANTA TEREZA DO TOCANTINS','TO'),(1720002,'SANTA TEREZINHA DO TOCANTINS','TO'),(1720101,'SAO BENTO DO TOCANTINS','TO'),(1720150,'SAO FELIX DO TOCANTINS','TO'),(1720200,'SAO MIGUEL DO TOCANTINS','TO'),(1720259,'SAO SALVADOR DO TOCANTINS','TO'),(1720309,'SAO SEBASTIAO DO TOCANTINS','TO'),(1720499,'SAO VALERIO DA NATIVIDADE','TO'),(1720655,'SILVANOPOLIS','TO'),(1720804,'SITIO NOVO DO TOCANTINS','TO'),(1720853,'SUCUPIRA','TO'),(1720903,'TAGUATINGA','TO'),(1720937,'TAIPAS DO TOCANTINS','TO'),(1720978,'TALISMA','TO'),(1721000,'PALMAS','TO'),(1721109,'TOCANTINIA','TO'),(1721208,'TOCANTINOPOLIS','TO'),(1721257,'TUPIRAMA','TO'),(1721307,'TUPIRATINS','TO'),(1722081,'WANDERLANDIA','TO'),(1722107,'XAMBIOA','TO'),(2100055,'ACAILANDIA','MA'),(2100105,'AFONSO CUNHA','MA'),(2100154,'AGUA DOCE DO MARANHAO','MA'),(2100204,'ALCANTARA','MA'),(2100303,'ALDEIAS ALTAS','MA'),(2100402,'ALTAMIRA DO MARANHAO','MA'),(2100436,'ALTO ALEGRE DO MARANHAO','MA'),(2100477,'ALTO ALEGRE DO PINDARE','MA'),(2100501,'ALTO PARNAIBA','MA'),(2100550,'AMAPA DO MARANHAO','MA'),(2100600,'AMARANTE DO MARANHAO','MA'),(2100709,'ANAJATUBA','MA'),(2100808,'ANAPURUS','MA'),(2100832,'APICUM-ACU','MA'),(2100873,'ARAGUANA','MA'),(2100907,'ARAIOSES','MA'),(2100956,'ARAME','MA'),(2101004,'ARARI','MA'),(2101103,'AXIXA','MA'),(2101202,'BACABAL','MA'),(2101251,'BACABEIRA','MA'),(2101301,'BACURI','MA'),(2101350,'BACURITUBA','MA'),(2101400,'BALSAS','MA'),(2101509,'BARAO DE GRAJAU','MA'),(2101608,'BARRA DO CORDA','MA'),(2101707,'BARREIRINHAS','MA'),(2101731,'BELAGUA','MA'),(2101772,'BELA VISTA DO MARANHAO','MA'),(2101806,'BENEDITO LEITE','MA'),(2101905,'BEQUIMAO','MA'),(2101939,'BERNARDO DO MEARIM','MA'),(2101970,'BOA VISTA DO GURUPI','MA'),(2102002,'BOM JARDIM','MA'),(2102036,'BOM JESUS DAS SELVAS','MA'),(2102077,'BOM LUGAR','MA'),(2102101,'BREJO','MA'),(2102150,'BREJO DE AREIA','MA'),(2102200,'BURITI','MA'),(2102309,'BURITI BRAVO','MA'),(2102325,'BURITICUPU','MA'),(2102358,'BURITIRANA','MA'),(2102374,'CACHOEIRA GRANDE','MA'),(2102408,'CAJAPIO','MA'),(2102507,'CAJARI','MA'),(2102556,'CAMPESTRE DO MARANHAO','MA'),(2102606,'CANDIDO MENDES','MA'),(2102705,'CANTANHEDE','MA'),(2102754,'CAPINZAL DO NORTE','MA'),(2102804,'CAROLINA','MA'),(2102903,'CARUTAPERA','MA'),(2103000,'CAXIAS','MA'),(2103109,'CEDRAL','MA'),(2103125,'CENTRAL DO MARANHAO','MA'),(2103158,'CENTRO DO GUILHERME','MA'),(2103174,'CENTRO NOVO DO MARANHAO','MA'),(2103208,'CHAPADINHA','MA'),(2103257,'CIDELANDIA','MA'),(2103307,'CODO','MA'),(2103406,'COELHO NETO','MA'),(2103505,'COLINAS','MA'),(2103554,'CONCEICAO DO LAGO-ACU','MA'),(2103604,'COROATA','MA'),(2103703,'CURURUPU','MA'),(2103752,'DAVINOPOLIS','MA'),(2103802,'DOM PEDRO','MA'),(2103901,'DUQUE BACELAR','MA'),(2104008,'ESPERANTINOPOLIS','MA'),(2104057,'ESTREITO','MA'),(2104073,'FEIRA NOVA DO MARANHAO','MA'),(2104081,'FERNANDO FALCAO','MA'),(2104099,'FORMOSA DA SERRA NEGRA','MA'),(2104107,'FORTALEZA DOS NOGUEIRAS','MA'),(2104206,'FORTUNA','MA'),(2104305,'GODOFREDO VIANA','MA'),(2104404,'GONCALVES DIAS','MA'),(2104503,'GOVERNADOR ARCHER','MA'),(2104552,'GOVERNADOR EDISON LOBAO','MA'),(2104602,'GOVERNADOR EUGENIO BARROS','MA'),(2104628,'GOVERNADOR LUIZ ROCHA','MA'),(2104651,'GOVERNADOR NEWTON BELLO','MA'),(2104677,'GOVERNADOR NUNES FREIRE','MA'),(2104701,'GRACA ARANHA','MA'),(2104800,'GRAJAU','MA'),(2104909,'GUIMARAES','MA'),(2105005,'HUMBERTO DE CAMPOS','MA'),(2105104,'ICATU','MA'),(2105153,'IGARAPE DO MEIO','MA'),(2105203,'IGARAPE GRANDE','MA'),(2105302,'IMPERATRIZ','MA'),(2105351,'ITAIPAVA DO GRAJAU','MA'),(2105401,'ITAPECURU MIRIM','MA'),(2105427,'ITINGA DO MARANHAO','MA'),(2105450,'JATOBA','MA'),(2105476,'JENIPAPO DOS VIEIRAS','MA'),(2105500,'JOAO LISBOA','MA'),(2105609,'JOSELANDIA','MA'),(2105658,'JUNCO DO MARANHAO','MA'),(2105708,'LAGO DA PEDRA','MA'),(2105807,'LAGO DO JUNCO','MA'),(2105906,'LAGO VERDE','MA'),(2105922,'LAGOA DO MATO','MA'),(2105948,'LAGO DOS RODRIGUES','MA'),(2105963,'LAGOA GRANDE DO MARANHAO','MA'),(2105989,'LAJEADO NOVO','MA'),(2106003,'LIMA CAMPOS','MA'),(2106102,'LORETO','MA'),(2106201,'LUIS DOMINGUES','MA'),(2106300,'MAGALHAES DE ALMEIDA','MA'),(2106326,'MARACACUME','MA'),(2106359,'MARAJA DO SENA','MA'),(2106375,'MARANHAOZINHO','MA'),(2106409,'MATA ROMA','MA'),(2106508,'MATINHA','MA'),(2106607,'MATOES','MA'),(2106631,'MATOES DO NORTE','MA'),(2106672,'MILAGRES DO MARANHAO','MA'),(2106706,'MIRADOR','MA'),(2106755,'MIRANDA DO NORTE','MA'),(2106805,'MIRINZAL','MA'),(2106904,'MONCAO','MA'),(2107001,'MONTES ALTOS','MA'),(2107100,'MORROS','MA'),(2107209,'NINA RODRIGUES','MA'),(2107258,'NOVA COLINAS','MA'),(2107308,'NOVA IORQUE','MA'),(2107357,'NOVA OLINDA DO MARANHAO','MA'),(2107407,'OLHO D\'AGUA DAS CUNHAS','MA'),(2107456,'OLINDA NOVA DO MARANHAO','MA'),(2107506,'PACO DO LUMIAR','MA'),(2107605,'PALMEIRANDIA','MA'),(2107704,'PARAIBANO','MA'),(2107803,'PARNARAMA','MA'),(2107902,'PASSAGEM FRANCA','MA'),(2108009,'PASTOS BONS','MA'),(2108058,'PAULINO NEVES','MA'),(2108108,'PAULO RAMOS','MA'),(2108207,'PEDREIRAS','MA'),(2108256,'PEDRO DO ROSARIO','MA'),(2108306,'PENALVA','MA'),(2108405,'PERI MIRIM','MA'),(2108454,'PERITORO','MA'),(2108504,'PINDARE-MIRIM','MA'),(2108603,'PINHEIRO','MA'),(2108702,'PIO XII','MA'),(2108801,'PIRAPEMAS','MA'),(2108900,'POCAO DE PEDRAS','MA'),(2109007,'PORTO FRANCO','MA'),(2109056,'PORTO RICO DO MARANHAO','MA'),(2109106,'PRESIDENTE DUTRA','MA'),(2109205,'PRESIDENTE JUSCELINO','MA'),(2109239,'PRESIDENTE MEDICI','MA'),(2109270,'PRESIDENTE SARNEY','MA'),(2109304,'PRESIDENTE VARGAS','MA'),(2109403,'PRIMEIRA CRUZ','MA'),(2109452,'RAPOSA','MA'),(2109502,'RIACHAO','MA'),(2109551,'RIBAMAR FIQUENE','MA'),(2109601,'ROSARIO','MA'),(2109700,'SAMBAIBA','MA'),(2109759,'SANTA FILOMENA DO MARANHAO','MA'),(2109809,'SANTA HELENA','MA'),(2109908,'SANTA INES','MA'),(2110005,'SANTA LUZIA','MA'),(2110039,'SANTA LUZIA DO PARUA','MA'),(2110104,'SANTA QUITERIA DO MARANHAO','MA'),(2110203,'SANTA RITA','MA'),(2110237,'SANTANA DO MARANHAO','MA'),(2110278,'SANTO AMARO DO MARANHAO','MA'),(2110302,'SANTO ANTONIO DOS LOPES','MA'),(2110401,'SAO BENEDITO DO RIO PRETO','MA'),(2110500,'SAO BENTO','MA'),(2110609,'SAO BERNARDO','MA'),(2110658,'SAO DOMINGOS DO AZEITAO','MA'),(2110708,'SAO DOMINGOS DO MARANHAO','MA'),(2110807,'SAO FELIX DE BALSAS','MA'),(2110856,'SAO FRANCISCO DO BREJAO','MA'),(2110906,'SAO FRANCISCO DO MARANHAO','MA'),(2111003,'SAO JOAO BATISTA','MA'),(2111029,'SAO JOAO DO CARU','MA'),(2111052,'SAO JOAO DO PARAISO','MA'),(2111078,'SAO JOAO DO SOTER','MA'),(2111102,'SAO JOAO DOS PATOS','MA'),(2111201,'SAO JOSE DE RIBAMAR','MA'),(2111250,'SAO JOSE DOS BASILIOS','MA'),(2111300,'SAO LUIS','MA'),(2111409,'SAO LUIS GONZAGA DO MARANHAO','MA'),(2111508,'SAO MATEUS DO MARANHAO','MA'),(2111532,'SAO PEDRO DA AGUA BRANCA','MA'),(2111573,'SAO PEDRO DOS CRENTES','MA'),(2111607,'SAO RAIMUNDO DAS MANGABEIRAS','MA'),(2111631,'SAO RAIMUNDO DO DOCA BEZERRA','MA'),(2111672,'SAO ROBERTO','MA'),(2111706,'SAO VICENTE FERRER','MA'),(2111722,'SATUBINHA','MA'),(2111748,'SENADOR ALEXANDRE COSTA','MA'),(2111763,'SENADOR LA ROCQUE','MA'),(2111789,'SERRANO DO MARANHAO','MA'),(2111805,'SITIO NOVO','MA'),(2111904,'SUCUPIRA DO NORTE','MA'),(2111953,'SUCUPIRA DO RIACHAO','MA'),(2112001,'TASSO FRAGOSO','MA'),(2112100,'TIMBIRAS','MA'),(2112209,'TIMON','MA'),(2112233,'TRIZIDELA DO VALE','MA'),(2112274,'TUFILANDIA','MA'),(2112308,'TUNTUM','MA'),(2112407,'TURIACU','MA'),(2112456,'TURILANDIA','MA'),(2112506,'TUTOIA','MA'),(2112605,'URBANO SANTOS','MA'),(2112704,'VARGEM GRANDE','MA'),(2112803,'VIANA','MA'),(2112852,'VILA NOVA DOS MARTIRIOS','MA'),(2112902,'VITORIA DO MEARIM','MA'),(2113009,'VITORINO FREIRE','MA'),(2114007,'ZE DOCA','MA'),(2200053,'ACAUA','PI'),(2200103,'AGRICOLANDIA','PI'),(2200202,'AGUA BRANCA','PI'),(2200251,'ALAGOINHA DO PIAUI','PI'),(2200277,'ALEGRETE DO PIAUI','PI'),(2200301,'ALTO LONGA','PI'),(2200400,'ALTOS','PI'),(2200459,'ALVORADA DO GURGUEIA','PI'),(2200509,'AMARANTE','PI'),(2200608,'ANGICAL DO PIAUI','PI'),(2200707,'ANISIO DE ABREU','PI'),(2200806,'ANTONIO ALMEIDA','PI'),(2200905,'AROAZES','PI'),(2200954,'AROEIRAS DO ITAIM','PI'),(2201002,'ARRAIAL','PI'),(2201051,'ASSUNCAO DO PIAUI','PI'),(2201101,'AVELINO LOPES','PI'),(2201150,'BAIXA GRANDE DO RIBEIRO','PI'),(2201176,'BARRA D\'ALCANTARA','PI'),(2201200,'BARRAS','PI'),(2201309,'BARREIRAS DO PIAUI','PI'),(2201408,'BARRO DURO','PI'),(2201507,'BATALHA','PI'),(2201556,'BELA VISTA DO PIAUI','PI'),(2201572,'BELEM DO PIAUI','PI'),(2201606,'BENEDITINOS','PI'),(2201705,'BERTOLINIA','PI'),(2201739,'BETANIA DO PIAUI','PI'),(2201770,'BOA HORA','PI'),(2201804,'BOCAINA','PI'),(2201903,'BOM JESUS','PI'),(2201919,'BOM PRINCIPIO DO PIAUI','PI'),(2201929,'BONFIM DO PIAUI','PI'),(2201945,'BOQUEIRAO DO PIAUI','PI'),(2201960,'BRASILEIRA','PI'),(2201988,'BREJO DO PIAUI','PI'),(2202000,'BURITI DOS LOPES','PI'),(2202026,'BURITI DOS MONTES','PI'),(2202059,'CABECEIRAS DO PIAUI','PI'),(2202075,'CAJAZEIRAS DO PIAUI','PI'),(2202083,'CAJUEIRO DA PRAIA','PI'),(2202091,'CALDEIRAO GRANDE DO PIAUI','PI'),(2202109,'CAMPINAS DO PIAUI','PI'),(2202117,'CAMPO ALEGRE DO FIDALGO','PI'),(2202133,'CAMPO GRANDE DO PIAUI','PI'),(2202174,'CAMPO LARGO DO PIAUI','PI'),(2202208,'CAMPO MAIOR','PI'),(2202251,'CANAVIEIRA','PI'),(2202307,'CANTO DO BURITI','PI'),(2202406,'CAPITAO DE CAMPOS','PI'),(2202455,'CAPITAO GERVASIO OLIVEIRA','PI'),(2202505,'CARACOL','PI'),(2202539,'CARAUBAS DO PIAUI','PI'),(2202554,'CARIDADE DO PIAUI','PI'),(2202604,'CASTELO DO PIAUI','PI'),(2202653,'CAXINGO','PI'),(2202703,'COCAL','PI'),(2202711,'COCAL DE TELHA','PI'),(2202729,'COCAL DOS ALVES','PI'),(2202737,'COIVARAS','PI'),(2202752,'COLONIA DO GURGUEIA','PI'),(2202778,'COLONIA DO PIAUI','PI'),(2202802,'CONCEICAO DO CANINDE','PI'),(2202851,'CORONEL JOSE DIAS','PI'),(2202901,'CORRENTE','PI'),(2203008,'CRISTALANDIA DO PIAUI','PI'),(2203107,'CRISTINO CASTRO','PI'),(2203206,'CURIMATA','PI'),(2203230,'CURRAIS','PI'),(2203255,'CURRALINHOS','PI'),(2203271,'CURRAL NOVO DO PIAUI','PI'),(2203305,'DEMERVAL LOBAO','PI'),(2203354,'DIRCEU ARCOVERDE','PI'),(2203404,'DOM EXPEDITO LOPES','PI'),(2203420,'DOMINGOS MOURAO','PI'),(2203453,'DOM INOCENCIO','PI'),(2203503,'ELESBAO VELOSO','PI'),(2203602,'ELISEU MARTINS','PI'),(2203701,'ESPERANTINA','PI'),(2203750,'FARTURA DO PIAUI','PI'),(2203800,'FLORES DO PIAUI','PI'),(2203859,'FLORESTA DO PIAUI','PI'),(2203909,'FLORIANO','PI'),(2204006,'FRANCINOPOLIS','PI'),(2204105,'FRANCISCO AYRES','PI'),(2204154,'FRANCISCO MACEDO','PI'),(2204204,'FRANCISCO SANTOS','PI'),(2204303,'FRONTEIRAS','PI'),(2204352,'GEMINIANO','PI'),(2204402,'GILBUES','PI'),(2204501,'GUADALUPE','PI'),(2204550,'GUARIBAS','PI'),(2204600,'HUGO NAPOLEAO','PI'),(2204659,'ILHA GRANDE','PI'),(2204709,'INHUMA','PI'),(2204808,'IPIRANGA DO PIAUI','PI'),(2204907,'ISAIAS COELHO','PI'),(2205003,'ITAINOPOLIS','PI'),(2205102,'ITAUEIRA','PI'),(2205151,'JACOBINA DO PIAUI','PI'),(2205201,'JAICOS','PI'),(2205250,'JARDIM DO MULATO','PI'),(2205276,'JATOBA DO PIAUI','PI'),(2205300,'JERUMENHA','PI'),(2205359,'JOAO COSTA','PI'),(2205409,'JOAQUIM PIRES','PI'),(2205458,'JOCA MARQUES','PI'),(2205508,'JOSE DE FREITAS','PI'),(2205516,'JUAZEIRO DO PIAUI','PI'),(2205524,'JULIO BORGES','PI'),(2205532,'JUREMA','PI'),(2205540,'LAGOINHA DO PIAUI','PI'),(2205557,'LAGOA ALEGRE','PI'),(2205565,'LAGOA DO BARRO DO PIAUI','PI'),(2205573,'LAGOA DE SAO FRANCISCO','PI'),(2205581,'LAGOA DO PIAUI','PI'),(2205599,'LAGOA DO SITIO','PI'),(2205607,'LANDRI SALES','PI'),(2205706,'LUIS CORREIA','PI'),(2205805,'LUZILANDIA','PI'),(2205854,'MADEIRO','PI'),(2205904,'MANOEL EMIDIO','PI'),(2205953,'MARCOLANDIA','PI'),(2206001,'MARCOS PARENTE','PI'),(2206050,'MASSAPE DO PIAUI','PI'),(2206100,'MATIAS OLIMPIO','PI'),(2206209,'MIGUEL ALVES','PI'),(2206308,'MIGUEL LEAO','PI'),(2206357,'MILTON BRANDAO','PI'),(2206407,'MONSENHOR GIL','PI'),(2206506,'MONSENHOR HIPOLITO','PI'),(2206605,'MONTE ALEGRE DO PIAUI','PI'),(2206654,'MORRO CABECA NO TEMPO','PI'),(2206670,'MORRO DO CHAPEU DO PIAUI','PI'),(2206696,'MURICI DOS PORTELAS','PI'),(2206704,'NAZARE DO PIAUI','PI'),(2206753,'NOSSA SENHORA DE NAZARE','PI'),(2206803,'NOSSA SENHORA DOS REMEDIOS','PI'),(2206902,'NOVO ORIENTE DO PIAUI','PI'),(2206951,'NOVO SANTO ANTONIO','PI'),(2207009,'OEIRAS','PI'),(2207108,'OLHO D\'AGUA DO PIAUI','PI'),(2207207,'PADRE MARCOS','PI'),(2207306,'PAES LANDIM','PI'),(2207355,'PAJEU DO PIAUI','PI'),(2207405,'PALMEIRA DO PIAUI','PI'),(2207504,'PALMEIRAIS','PI'),(2207553,'PAQUETA','PI'),(2207603,'PARNAGUA','PI'),(2207702,'PARNAIBA','PI'),(2207751,'PASSAGEM FRANCA DO PIAUI','PI'),(2207777,'PATOS DO PIAUI','PI'),(2207793,'PAU D\'ARCO DO PIAUI','PI'),(2207801,'PAULISTANA','PI'),(2207850,'PAVUSSU','PI'),(2207900,'PEDRO II','PI'),(2207934,'PEDRO LAURENTINO','PI'),(2207959,'NOVA SANTA RITA','PI'),(2208007,'PICOS','PI'),(2208106,'PIMENTEIRAS','PI'),(2208205,'PIO IX','PI'),(2208304,'PIRACURUCA','PI'),(2208403,'PIRIPIRI','PI'),(2208502,'PORTO','PI'),(2208551,'PORTO ALEGRE DO PIAUI','PI'),(2208601,'PRATA DO PIAUI','PI'),(2208650,'QUEIMADA NOVA','PI'),(2208700,'REDENCAO DO GURGUEIA','PI'),(2208809,'REGENERACAO','PI'),(2208858,'RIACHO FRIO','PI'),(2208874,'RIBEIRA DO PIAUI','PI'),(2208908,'RIBEIRO GONCALVES','PI'),(2209005,'RIO GRANDE DO PIAUI','PI'),(2209104,'SANTA CRUZ DO PIAUI','PI'),(2209153,'SANTA CRUZ DOS MILAGRES','PI'),(2209203,'SANTA FILOMENA','PI'),(2209302,'SANTA LUZ','PI'),(2209351,'SANTANA DO PIAUI','PI'),(2209377,'SANTA ROSA DO PIAUI','PI'),(2209401,'SANTO ANTONIO DE LISBOA','PI'),(2209450,'SANTO ANTONIO DOS MILAGRES','PI'),(2209500,'SANTO INACIO DO PIAUI','PI'),(2209559,'SAO BRAZ DO PIAUI','PI'),(2209609,'SAO FELIX DO PIAUI','PI'),(2209658,'SAO FRANCISCO DE ASSIS DO PIAUI','PI'),(2209708,'SAO FRANCISCO DO PIAUI','PI'),(2209757,'SAO GONCALO DO GURGUEIA','PI'),(2209807,'SAO GONCALO DO PIAUI','PI'),(2209856,'SAO JOAO DA CANABRAVA','PI'),(2209872,'SAO JOAO DA FRONTEIRA','PI'),(2209906,'SAO JOAO DA SERRA','PI'),(2209955,'SAO JOAO DA VARJOTA','PI'),(2209971,'SAO JOAO DO ARRAIAL','PI'),(2210003,'SAO JOAO DO PIAUI','PI'),(2210052,'SAO JOSE DO DIVINO','PI'),(2210102,'SAO JOSE DO PEIXE','PI'),(2210201,'SAO JOSE DO PIAUI','PI'),(2210300,'SAO JULIAO','PI'),(2210359,'SAO LOURENCO DO PIAUI','PI'),(2210375,'SAO LUIS DO PIAUI','PI'),(2210383,'SAO MIGUEL DA BAIXA GRANDE','PI'),(2210391,'SAO MIGUEL DO FIDALGO','PI'),(2210409,'SAO MIGUEL DO TAPUIO','PI'),(2210508,'SAO PEDRO DO PIAUI','PI'),(2210607,'SAO RAIMUNDO NONATO','PI'),(2210623,'SEBASTIAO BARROS','PI'),(2210631,'SEBASTIAO LEAL','PI'),(2210656,'SIGEFREDO PACHECO','PI'),(2210706,'SIMOES','PI'),(2210805,'SIMPLICIO MENDES','PI'),(2210904,'SOCORRO DO PIAUI','PI'),(2210938,'SUSSUAPARA','PI'),(2210953,'TAMBORIL DO PIAUI','PI'),(2210979,'TANQUE DO PIAUI','PI'),(2211001,'TERESINA','PI'),(2211100,'UNIAO','PI'),(2211209,'URUCUI','PI'),(2211308,'VALENCA DO PIAUI','PI'),(2211357,'VARZEA BRANCA','PI'),(2211407,'VARZEA GRANDE','PI'),(2211506,'VERA MENDES','PI'),(2211605,'VILA NOVA DO PIAUI','PI'),(2211704,'WALL FERRAZ','PI'),(2300101,'ABAIARA','CE'),(2300150,'ACARAPE','CE'),(2300200,'ACARAU','CE'),(2300309,'ACOPIARA','CE'),(2300408,'AIUABA','CE'),(2300507,'ALCANTARAS','CE'),(2300606,'ALTANEIRA','CE'),(2300705,'ALTO SANTO','CE'),(2300754,'AMONTADA','CE'),(2300804,'ANTONINA DO NORTE','CE'),(2300903,'APUIARES','CE'),(2301000,'AQUIRAZ','CE'),(2301109,'ARACATI','CE'),(2301208,'ARACOIABA','CE'),(2301257,'ARARENDA','CE'),(2301307,'ARARIPE','CE'),(2301406,'ARATUBA','CE'),(2301505,'ARNEIROZ','CE'),(2301604,'ASSARE','CE'),(2301703,'AURORA','CE'),(2301802,'BAIXIO','CE'),(2301851,'BANABUIU','CE'),(2301901,'BARBALHA','CE'),(2301950,'BARREIRA','CE'),(2302008,'BARRO','CE'),(2302057,'BARROQUINHA','CE'),(2302107,'BATURITE','CE'),(2302206,'BEBERIBE','CE'),(2302305,'BELA CRUZ','CE'),(2302404,'BOA VIAGEM','CE'),(2302503,'BREJO SANTO','CE'),(2302602,'CAMOCIM','CE'),(2302701,'CAMPOS SALES','CE'),(2302800,'CANINDE','CE'),(2302909,'CAPISTRANO','CE'),(2303006,'CARIDADE','CE'),(2303105,'CARIRE','CE'),(2303204,'CARIRIACU','CE'),(2303303,'CARIUS','CE'),(2303402,'CARNAUBAL','CE'),(2303501,'CASCAVEL','CE'),(2303600,'CATARINA','CE'),(2303659,'CATUNDA','CE'),(2303709,'CAUCAIA','CE'),(2303808,'CEDRO','CE'),(2303907,'CHAVAL','CE'),(2303931,'CHORO','CE'),(2303956,'CHOROZINHO','CE'),(2304004,'COREAU','CE'),(2304103,'CRATEUS','CE'),(2304202,'CRATO','CE'),(2304236,'CROATA','CE'),(2304251,'CRUZ','CE'),(2304269,'DEPUTADO IRAPUAN PINHEIRO','CE'),(2304277,'ERERE','CE'),(2304285,'EUSEBIO','CE'),(2304301,'FARIAS BRITO','CE'),(2304350,'FORQUILHA','CE'),(2304400,'FORTALEZA','CE'),(2304459,'FORTIM','CE'),(2304509,'FRECHEIRINHA','CE'),(2304608,'GENERAL SAMPAIO','CE'),(2304657,'GRACA','CE'),(2304707,'GRANJA','CE'),(2304806,'GRANJEIRO','CE'),(2304905,'GROAIRAS','CE'),(2304954,'GUAIUBA','CE'),(2305001,'GUARACIABA DO NORTE','CE'),(2305100,'GUARAMIRANGA','CE'),(2305209,'HIDROLANDIA','CE'),(2305233,'HORIZONTE','CE'),(2305266,'IBARETAMA','CE'),(2305308,'IBIAPINA','CE'),(2305332,'IBICUITINGA','CE'),(2305357,'ICAPUI','CE'),(2305407,'ICO','CE'),(2305506,'IGUATU','CE'),(2305605,'INDEPENDENCIA','CE'),(2305654,'IPAPORANGA','CE'),(2305704,'IPAUMIRIM','CE'),(2305803,'IPU','CE'),(2305902,'IPUEIRAS','CE'),(2306009,'IRACEMA','CE'),(2306108,'IRAUCUBA','CE'),(2306207,'ITAICABA','CE'),(2306256,'ITAITINGA','CE'),(2306306,'ITAPAGE','CE'),(2306405,'ITAPIPOCA','CE'),(2306504,'ITAPIUNA','CE'),(2306553,'ITAREMA','CE'),(2306603,'ITATIRA','CE'),(2306702,'JAGUARETAMA','CE'),(2306801,'JAGUARIBARA','CE'),(2306900,'JAGUARIBE','CE'),(2307007,'JAGUARUANA','CE'),(2307106,'JARDIM','CE'),(2307205,'JATI','CE'),(2307254,'JIJOCA DE JERICOACOARA','CE'),(2307304,'JUAZEIRO DO NORTE','CE'),(2307403,'JUCAS','CE'),(2307502,'LAVRAS DA MANGABEIRA','CE'),(2307601,'LIMOEIRO DO NORTE','CE'),(2307635,'MADALENA','CE'),(2307650,'MARACANAU','CE'),(2307700,'MARANGUAPE','CE'),(2307809,'MARCO','CE'),(2307908,'MARTINOPOLE','CE'),(2308005,'MASSAPE','CE'),(2308104,'MAURITI','CE'),(2308203,'MERUOCA','CE'),(2308302,'MILAGRES','CE'),(2308351,'MILHA','CE'),(2308377,'MIRAIMA','CE'),(2308401,'MISSAO VELHA','CE'),(2308500,'MOMBACA','CE'),(2308609,'MONSENHOR TABOSA','CE'),(2308708,'MORADA NOVA','CE'),(2308807,'MORAUJO','CE'),(2308906,'MORRINHOS','CE'),(2309003,'MUCAMBO','CE'),(2309102,'MULUNGU','CE'),(2309201,'NOVA OLINDA','CE'),(2309300,'NOVA RUSSAS','CE'),(2309409,'NOVO ORIENTE','CE'),(2309458,'OCARA','CE'),(2309508,'OROS','CE'),(2309607,'PACAJUS','CE'),(2309706,'PACATUBA','CE'),(2309805,'PACOTI','CE'),(2309904,'PACUJA','CE'),(2310001,'PALHANO','CE'),(2310100,'PALMACIA','CE'),(2310209,'PARACURU','CE'),(2310258,'PARAIPABA','CE'),(2310308,'PARAMBU','CE'),(2310407,'PARAMOTI','CE'),(2310506,'PEDRA BRANCA','CE'),(2310605,'PENAFORTE','CE'),(2310704,'PENTECOSTE','CE'),(2310803,'PEREIRO','CE'),(2310852,'PINDORETAMA','CE'),(2310902,'PIQUET CARNEIRO','CE'),(2310951,'PIRES FERREIRA','CE'),(2311009,'PORANGA','CE'),(2311108,'PORTEIRAS','CE'),(2311207,'POTENGI','CE'),(2311231,'POTIRETAMA','CE'),(2311264,'QUITERIANOPOLIS','CE'),(2311306,'QUIXADA','CE'),(2311355,'QUIXELO','CE'),(2311405,'QUIXERAMOBIM','CE'),(2311504,'QUIXERE','CE'),(2311603,'REDENCAO','CE'),(2311702,'RERIUTABA','CE'),(2311801,'RUSSAS','CE'),(2311900,'SABOEIRO','CE'),(2311959,'SALITRE','CE'),(2312007,'SANTANA DO ACARAU','CE'),(2312106,'SANTANA DO CARIRI','CE'),(2312205,'SANTA QUITERIA','CE'),(2312304,'SAO BENEDITO','CE'),(2312403,'SAO GONCALO DO AMARANTE','CE'),(2312502,'SAO JOAO DO JAGUARIBE','CE'),(2312601,'SAO LUIS DO CURU','CE'),(2312700,'SENADOR POMPEU','CE'),(2312809,'SENADOR SA','CE'),(2312908,'SOBRAL','CE'),(2313005,'SOLONOPOLE','CE'),(2313104,'TABULEIRO DO NORTE','CE'),(2313203,'TAMBORIL','CE'),(2313252,'TARRAFAS','CE'),(2313302,'TAUA','CE'),(2313351,'TEJUCUOCA','CE'),(2313401,'TIANGUA','CE'),(2313500,'TRAIRI','CE'),(2313559,'TURURU','CE'),(2313609,'UBAJARA','CE'),(2313708,'UMARI','CE'),(2313757,'UMIRIM','CE'),(2313807,'URUBURETAMA','CE'),(2313906,'URUOCA','CE'),(2313955,'VARJOTA','CE'),(2314003,'VARZEA ALEGRE','CE'),(2314102,'VICOSA DO CEARA','CE'),(2400109,'ACARI','RN'),(2400208,'ACU','RN'),(2400307,'AFONSO BEZERRA','RN'),(2400406,'AGUA NOVA','RN'),(2400505,'ALEXANDRIA','RN'),(2400604,'ALMINO AFONSO','RN'),(2400703,'ALTO DO RODRIGUES','RN'),(2400802,'ANGICOS','RN'),(2400901,'ANTONIO MARTINS','RN'),(2401008,'APODI','RN'),(2401107,'AREIA BRANCA','RN'),(2401206,'ARES','RN'),(2401305,'AUGUSTO SEVERO','RN'),(2401404,'BAIA FORMOSA','RN'),(2401453,'BARAUNA','RN'),(2401503,'BARCELONA','RN'),(2401602,'BENTO FERNANDES','RN'),(2401651,'BODO','RN'),(2401701,'BOM JESUS','RN'),(2401800,'BREJINHO','RN'),(2401859,'CAICARA DO NORTE','RN'),(2401909,'CAICARA DO RIO DO VENTO','RN'),(2402006,'CAICO','RN'),(2402105,'CAMPO REDONDO','RN'),(2402204,'CANGUARETAMA','RN'),(2402303,'CARAUBAS','RN'),(2402402,'CARNAUBA DOS DANTAS','RN'),(2402501,'CARNAUBAIS','RN'),(2402600,'CEARA-MIRIM','RN'),(2402709,'CERRO CORA','RN'),(2402808,'CORONEL EZEQUIEL','RN'),(2402907,'CORONEL JOAO PESSOA','RN'),(2403004,'CRUZETA','RN'),(2403103,'CURRAIS NOVOS','RN'),(2403202,'DOUTOR SEVERIANO','RN'),(2403251,'PARNAMIRIM','RN'),(2403301,'ENCANTO','RN'),(2403400,'EQUADOR','RN'),(2403509,'ESPIRITO SANTO','RN'),(2403608,'EXTREMOZ','RN'),(2403707,'FELIPE GUERRA','RN'),(2403756,'FERNANDO PEDROZA','RN'),(2403806,'FLORANIA','RN'),(2403905,'FRANCISCO DANTAS','RN'),(2404002,'FRUTUOSO GOMES','RN'),(2404101,'GALINHOS','RN'),(2404200,'GOIANINHA','RN'),(2404309,'GOVERNADOR DIX-SEPT ROSADO','RN'),(2404408,'GROSSOS','RN'),(2404507,'GUAMARE','RN'),(2404606,'IELMO MARINHO','RN'),(2404705,'IPANGUACU','RN'),(2404804,'IPUEIRA','RN'),(2404853,'ITAJA','RN'),(2404903,'ITAU','RN'),(2405009,'JACANA','RN'),(2405108,'JANDAIRA','RN'),(2405207,'JANDUIS','RN'),(2405306,'JANUARIO CICCO','RN'),(2405405,'JAPI','RN'),(2405504,'JARDIM DE ANGICOS','RN'),(2405603,'JARDIM DE PIRANHAS','RN'),(2405702,'JARDIM DO SERIDO','RN'),(2405801,'JOAO CAMARA','RN'),(2405900,'JOAO DIAS','RN'),(2406007,'JOSE DA PENHA','RN'),(2406106,'JUCURUTU','RN'),(2406155,'JUNDIA','RN'),(2406205,'LAGOA D\'ANTA','RN'),(2406304,'LAGOA DE PEDRAS','RN'),(2406403,'LAGOA DE VELHOS','RN'),(2406502,'LAGOA NOVA','RN'),(2406601,'LAGOA SALGADA','RN'),(2406700,'LAJES','RN'),(2406809,'LAJES PINTADAS','RN'),(2406908,'LUCRECIA','RN'),(2407005,'LUIS GOMES','RN'),(2407104,'MACAIBA','RN'),(2407203,'MACAU','RN'),(2407252,'MAJOR SALES','RN'),(2407302,'MARCELINO VIEIRA','RN'),(2407401,'MARTINS','RN'),(2407500,'MAXARANGUAPE','RN'),(2407609,'MESSIAS TARGINO','RN'),(2407708,'MONTANHAS','RN'),(2407807,'MONTE ALEGRE','RN'),(2407906,'MONTE DAS GAMELEIRAS','RN'),(2408003,'MOSSORO','RN'),(2408102,'NATAL','RN'),(2408201,'NISIA FLORESTA','RN'),(2408300,'NOVA CRUZ','RN'),(2408409,'OLHO-D\'AGUA DO BORGES','RN'),(2408508,'OURO BRANCO','RN'),(2408607,'PARANA','RN'),(2408706,'PARAU','RN'),(2408805,'PARAZINHO','RN'),(2408904,'PARELHAS','RN'),(2408953,'RIO DO FOGO','RN'),(2409100,'PASSA E FICA','RN'),(2409209,'PASSAGEM','RN'),(2409308,'PATU','RN'),(2409332,'SANTA MARIA','RN'),(2409407,'PAU DOS FERROS','RN'),(2409506,'PEDRA GRANDE','RN'),(2409605,'PEDRA PRETA','RN'),(2409704,'PEDRO AVELINO','RN'),(2409803,'PEDRO VELHO','RN'),(2409902,'PENDENCIAS','RN'),(2410009,'PILOES','RN'),(2410108,'POCO BRANCO','RN'),(2410207,'PORTALEGRE','RN'),(2410256,'PORTO DO MANGUE','RN'),(2410306,'PRESIDENTE JUSCELINO','RN'),(2410405,'PUREZA','RN'),(2410504,'RAFAEL FERNANDES','RN'),(2410603,'RAFAEL GODEIRO','RN'),(2410702,'RIACHO DA CRUZ','RN'),(2410801,'RIACHO DE SANTANA','RN'),(2410900,'RIACHUELO','RN'),(2411007,'RODOLFO FERNANDES','RN'),(2411056,'TIBAU','RN'),(2411106,'RUY BARBOSA','RN'),(2411205,'SANTA CRUZ','RN'),(2411403,'SANTANA DO MATOS','RN'),(2411429,'SANTANA DO SERIDO','RN'),(2411502,'SANTO ANTONIO','RN'),(2411601,'SAO BENTO DO NORTE','RN'),(2411700,'SAO BENTO DO TRAIRI','RN'),(2411809,'SAO FERNANDO','RN'),(2411908,'SAO FRANCISCO DO OESTE','RN'),(2412005,'SAO GONCALO DO AMARANTE','RN'),(2412104,'SAO JOAO DO SABUGI','RN'),(2412203,'SAO JOSE DE MIPIBU','RN'),(2412302,'SAO JOSE DO CAMPESTRE','RN'),(2412401,'SAO JOSE DO SERIDO','RN'),(2412500,'SAO MIGUEL','RN'),(2412559,'SAO MIGUEL DO GOSTOSO','RN'),(2412609,'SAO PAULO DO POTENGI','RN'),(2412708,'SAO PEDRO','RN'),(2412807,'SAO RAFAEL','RN'),(2412906,'SAO TOME','RN'),(2413003,'SAO VICENTE','RN'),(2413102,'SENADOR ELOI DE SOUZA','RN'),(2413201,'SENADOR GEORGINO AVELINO','RN'),(2413300,'SERRA DE SAO BENTO','RN'),(2413359,'SERRA DO MEL','RN'),(2413409,'SERRA NEGRA DO NORTE','RN'),(2413508,'SERRINHA','RN'),(2413557,'SERRINHA DOS PINTOS','RN'),(2413607,'SEVERIANO MELO','RN'),(2413706,'SITIO NOVO','RN'),(2413805,'TABOLEIRO GRANDE','RN'),(2413904,'TAIPU','RN'),(2414001,'TANGARA','RN'),(2414100,'TENENTE ANANIAS','RN'),(2414159,'TENENTE LAURENTINO CRUZ','RN'),(2414209,'TIBAU DO SUL','RN'),(2414308,'TIMBAUBA DOS BATISTAS','RN'),(2414407,'TOUROS','RN'),(2414456,'TRIUNFO POTIGUAR','RN'),(2414506,'UMARIZAL','RN'),(2414605,'UPANEMA','RN'),(2414704,'VARZEA','RN'),(2414753,'VENHA-VER','RN'),(2414803,'VERA CRUZ','RN'),(2414902,'VICOSA','RN'),(2415008,'VILA FLOR','RN'),(2500106,'AGUA BRANCA','PB'),(2500205,'AGUIAR','PB'),(2500304,'ALAGOA GRANDE','PB'),(2500403,'ALAGOA NOVA','PB'),(2500502,'ALAGOINHA','PB'),(2500536,'ALCANTIL','PB'),(2500577,'ALGODAO DE JANDAIRA','PB'),(2500601,'ALHANDRA','PB'),(2500700,'SAO JOAO DO RIO DO PEIXE','PB'),(2500734,'AMPARO','PB'),(2500775,'APARECIDA','PB'),(2500809,'ARACAGI','PB'),(2500908,'ARARA','PB'),(2501005,'ARARUNA','PB'),(2501104,'AREIA','PB'),(2501153,'AREIA DE BARAUNAS','PB'),(2501203,'AREIAL','PB'),(2501302,'AROEIRAS','PB'),(2501351,'ASSUNCAO','PB'),(2501401,'BAIA DA TRAICAO','PB'),(2501500,'BANANEIRAS','PB'),(2501534,'BARAUNA','PB'),(2501575,'BARRA DE SANTANA','PB'),(2501609,'BARRA DE SANTA ROSA','PB'),(2501708,'BARRA DE SAO MIGUEL','PB'),(2501807,'BAYEUX','PB'),(2501906,'BELEM','PB'),(2502003,'BELEM DO BREJO DO CRUZ','PB'),(2502052,'BERNARDINO BATISTA','PB'),(2502102,'BOA VENTURA','PB'),(2502151,'BOA VISTA','PB'),(2502201,'BOM JESUS','PB'),(2502300,'BOM SUCESSO','PB'),(2502409,'BONITO DE SANTA FE','PB'),(2502508,'BOQUEIRAO','PB'),(2502607,'IGARACY','PB'),(2502706,'BORBOREMA','PB'),(2502805,'BREJO DO CRUZ','PB'),(2502904,'BREJO DOS SANTOS','PB'),(2503001,'CAAPORA','PB'),(2503100,'CABACEIRAS','PB'),(2503209,'CABEDELO','PB'),(2503308,'CACHOEIRA DOS INDIOS','PB'),(2503407,'CACIMBA DE AREIA','PB'),(2503506,'CACIMBA DE DENTRO','PB'),(2503555,'CACIMBAS','PB'),(2503605,'CAICARA','PB'),(2503704,'CAJAZEIRAS','PB'),(2503753,'CAJAZEIRINHAS','PB'),(2503803,'CALDAS BRANDAO','PB'),(2503902,'CAMALAU','PB'),(2504009,'CAMPINA GRANDE','PB'),(2504033,'CAPIM','PB'),(2504074,'CARAUBAS','PB'),(2504108,'CARRAPATEIRA','PB'),(2504157,'CASSERENGUE','PB'),(2504207,'CATINGUEIRA','PB'),(2504306,'CATOLE DO ROCHA','PB'),(2504355,'CATURITE','PB'),(2504405,'CONCEICAO','PB'),(2504504,'CONDADO','PB'),(2504603,'CONDE','PB'),(2504702,'CONGO','PB'),(2504801,'COREMAS','PB'),(2504850,'COXIXOLA','PB'),(2504900,'CRUZ DO ESPIRITO SANTO','PB'),(2505006,'CUBATI','PB'),(2505105,'CUITE','PB'),(2505204,'CUITEGI','PB'),(2505238,'CUITE DE MAMANGUAPE','PB'),(2505279,'CURRAL DE CIMA','PB'),(2505303,'CURRAL VELHO','PB'),(2505352,'DAMIAO','PB'),(2505402,'DESTERRO','PB'),(2505501,'VISTA SERRANA','PB'),(2505600,'DIAMANTE','PB'),(2505709,'DONA INES','PB'),(2505808,'DUAS ESTRADAS','PB'),(2505907,'EMAS','PB'),(2506004,'ESPERANCA','PB'),(2506103,'FAGUNDES','PB'),(2506202,'FREI MARTINHO','PB'),(2506251,'GADO BRAVO','PB'),(2506301,'GUARABIRA','PB'),(2506400,'GURINHEM','PB'),(2506509,'GURJAO','PB'),(2506608,'IBIARA','PB'),(2506707,'IMACULADA','PB'),(2506806,'INGA','PB'),(2506905,'ITABAIANA','PB'),(2507002,'ITAPORANGA','PB'),(2507101,'ITAPOROROCA','PB'),(2507200,'ITATUBA','PB'),(2507309,'JACARAU','PB'),(2507408,'JERICO','PB'),(2507507,'JOAO PESSOA','PB'),(2507606,'JUAREZ TAVORA','PB'),(2507705,'JUAZEIRINHO','PB'),(2507804,'JUNCO DO SERIDO','PB'),(2507903,'JURIPIRANGA','PB'),(2508000,'JURU','PB'),(2508109,'LAGOA','PB'),(2508208,'LAGOA DE DENTRO','PB'),(2508307,'LAGOA SECA','PB'),(2508406,'LASTRO','PB'),(2508505,'LIVRAMENTO','PB'),(2508554,'LOGRADOURO','PB'),(2508604,'LUCENA','PB'),(2508703,'MAE D\'AGUA','PB'),(2508802,'MALTA','PB'),(2508901,'MAMANGUAPE','PB'),(2509008,'MANAIRA','PB'),(2509057,'MARCACAO','PB'),(2509107,'MARI','PB'),(2509156,'MARIZOPOLIS','PB'),(2509206,'MASSARANDUBA','PB'),(2509305,'MATARACA','PB'),(2509339,'MATINHAS','PB'),(2509370,'MATO GROSSO','PB'),(2509396,'MATUREIA','PB'),(2509404,'MOGEIRO','PB'),(2509503,'MONTADAS','PB'),(2509602,'MONTE HOREBE','PB'),(2509701,'MONTEIRO','PB'),(2509800,'MULUNGU','PB'),(2509909,'NATUBA','PB'),(2510006,'NAZAREZINHO','PB'),(2510105,'NOVA FLORESTA','PB'),(2510204,'NOVA OLINDA','PB'),(2510303,'NOVA PALMEIRA','PB'),(2510402,'OLHO D\'AGUA','PB'),(2510501,'OLIVEDOS','PB'),(2510600,'OURO VELHO','PB'),(2510659,'PARARI','PB'),(2510709,'PASSAGEM','PB'),(2510808,'PATOS','PB'),(2510907,'PAULISTA','PB'),(2511004,'PEDRA BRANCA','PB'),(2511103,'PEDRA LAVRADA','PB'),(2511202,'PEDRAS DE FOGO','PB'),(2511301,'PIANCO','PB'),(2511400,'PICUI','PB'),(2511509,'PILAR','PB'),(2511608,'PILOES','PB'),(2511707,'PILOEZINHOS','PB'),(2511806,'PIRPIRITUBA','PB'),(2511905,'PITIMBU','PB'),(2512002,'POCINHOS','PB'),(2512036,'POCO DANTAS','PB'),(2512077,'POCO DE JOSE DE MOURA','PB'),(2512101,'POMBAL','PB'),(2512200,'PRATA','PB'),(2512309,'PRINCESA ISABEL','PB'),(2512408,'PUXINANA','PB'),(2512507,'QUEIMADAS','PB'),(2512606,'QUIXABA','PB'),(2512705,'REMIGIO','PB'),(2512721,'PEDRO REGIS','PB'),(2512747,'RIACHAO','PB'),(2512754,'RIACHAO DO BACAMARTE','PB'),(2512762,'RIACHAO DO POCO','PB'),(2512788,'RIACHO DE SANTO ANTONIO','PB'),(2512804,'RIACHO DOS CAVALOS','PB'),(2512903,'RIO TINTO','PB'),(2513000,'SALGADINHO','PB'),(2513109,'SALGADO DE SAO FELIX','PB'),(2513158,'SANTA CECILIA','PB'),(2513208,'SANTA CRUZ','PB'),(2513307,'SANTA HELENA','PB'),(2513356,'SANTA INES','PB'),(2513406,'SANTA LUZIA','PB'),(2513505,'SANTANA DE MANGUEIRA','PB'),(2513604,'SANTANA DOS GARROTES','PB'),(2513653,'SANTAREM','PB'),(2513703,'SANTA RITA','PB'),(2513802,'SANTA TERESINHA','PB'),(2513851,'SANTO ANDRE','PB'),(2513901,'SAO BENTO','PB'),(2513927,'SAO BENTINHO','PB'),(2513943,'SAO DOMINGOS DO CARIRI','PB'),(2513968,'SAO DOMINGOS DE POMBAL','PB'),(2513984,'SAO FRANCISCO','PB'),(2514008,'SAO JOAO DO CARIRI','PB'),(2514107,'SAO JOAO DO TIGRE','PB'),(2514206,'SAO JOSE DA LAGOA TAPADA','PB'),(2514305,'SAO JOSE DE CAIANA','PB'),(2514404,'SAO JOSE DE ESPINHARAS','PB'),(2514453,'SAO JOSE DOS RAMOS','PB'),(2514503,'SAO JOSE DE PIRANHAS','PB'),(2514552,'SAO JOSE DE PRINCESA','PB'),(2514602,'SAO JOSE DO BONFIM','PB'),(2514651,'SAO JOSE DO BREJO DO CRUZ','PB'),(2514701,'SAO JOSE DO SABUGI','PB'),(2514800,'SAO JOSE DOS CORDEIROS','PB'),(2514909,'SAO MAMEDE','PB'),(2515005,'SAO MIGUEL DE TAIPU','PB'),(2515104,'SAO SEBASTIAO DE LAGOA DE ROCA','PB'),(2515203,'SAO SEBASTIAO DO UMBUZEIRO','PB'),(2515302,'SAPE','PB'),(2515401,'SERIDO','PB'),(2515500,'SERRA BRANCA','PB'),(2515609,'SERRA DA RAIZ','PB'),(2515708,'SERRA GRANDE','PB'),(2515807,'SERRA REDONDA','PB'),(2515906,'SERRARIA','PB'),(2515930,'SERTAOZINHO','PB'),(2515971,'SOBRADO','PB'),(2516003,'SOLANEA','PB'),(2516102,'SOLEDADE','PB'),(2516151,'SOSSEGO','PB'),(2516201,'SOUSA','PB'),(2516300,'SUME','PB'),(2516409,'CAMPO DE SANTANA','PB'),(2516508,'TAPEROA','PB'),(2516607,'TAVARES','PB'),(2516706,'TEIXEIRA','PB'),(2516755,'TENORIO','PB'),(2516805,'TRIUNFO','PB'),(2516904,'UIRAUNA','PB'),(2517001,'UMBUZEIRO','PB'),(2517100,'VARZEA','PB'),(2517209,'VIEIROPOLIS','PB'),(2517407,'ZABELE','PB'),(2600054,'ABREU E LIMA','PE'),(2600104,'AFOGADOS DA INGAZEIRA','PE'),(2600203,'AFRANIO','PE'),(2600302,'AGRESTINA','PE'),(2600401,'AGUA PRETA','PE'),(2600500,'AGUAS BELAS','PE'),(2600609,'ALAGOINHA','PE'),(2600708,'ALIANCA','PE'),(2600807,'ALTINHO','PE'),(2600906,'AMARAJI','PE'),(2601003,'ANGELIM','PE'),(2601052,'ARACOIABA','PE'),(2601102,'ARARIPINA','PE'),(2601201,'ARCOVERDE','PE'),(2601300,'BARRA DE GUABIRABA','PE'),(2601409,'BARREIROS','PE'),(2601508,'BELEM DE MARIA','PE'),(2601607,'BELEM DE SAO FRANCISCO','PE'),(2601706,'BELO JARDIM','PE'),(2601805,'BETANIA','PE'),(2601904,'BEZERROS','PE'),(2602001,'BODOCO','PE'),(2602100,'BOM CONSELHO','PE'),(2602209,'BOM JARDIM','PE'),(2602308,'BONITO','PE'),(2602407,'BREJAO','PE'),(2602506,'BREJINHO','PE'),(2602605,'BREJO DA MADRE DE DEUS','PE'),(2602704,'BUENOS AIRES','PE'),(2602803,'BUIQUE','PE'),(2602902,'CABO DE SANTO AGOSTINHO','PE'),(2603009,'CABROBO','PE'),(2603108,'CACHOEIRINHA','PE'),(2603207,'CAETES','PE'),(2603306,'CALCADO','PE'),(2603405,'CALUMBI','PE'),(2603454,'CAMARAGIBE','PE'),(2603504,'CAMOCIM DE SAO FELIX','PE'),(2603603,'CAMUTANGA','PE'),(2603702,'CANHOTINHO','PE'),(2603801,'CAPOEIRAS','PE'),(2603900,'CARNAIBA','PE'),(2603926,'CARNAUBEIRA DA PENHA','PE'),(2604007,'CARPINA','PE'),(2604106,'CARUARU','PE'),(2604155,'CASINHAS','PE'),(2604205,'CATENDE','PE'),(2604304,'CEDRO','PE'),(2604403,'CHA DE ALEGRIA','PE'),(2604502,'CHA GRANDE','PE'),(2604601,'CONDADO','PE'),(2604700,'CORRENTES','PE'),(2604809,'CORTES','PE'),(2604908,'CUMARU','PE'),(2605004,'CUPIRA','PE'),(2605103,'CUSTODIA','PE'),(2605152,'DORMENTES','PE'),(2605202,'ESCADA','PE'),(2605301,'EXU','PE'),(2605400,'FEIRA NOVA','PE'),(2605459,'FERNANDO DE NORONHA','PE'),(2605509,'FERREIROS','PE'),(2605608,'FLORES','PE'),(2605707,'FLORESTA','PE'),(2605806,'FREI MIGUELINHO','PE'),(2605905,'GAMELEIRA','PE'),(2606002,'GARANHUNS','PE'),(2606101,'GLORIA DO GOITA','PE'),(2606200,'GOIANA','PE'),(2606309,'GRANITO','PE'),(2606408,'GRAVATA','PE'),(2606507,'IATI','PE'),(2606606,'IBIMIRIM','PE'),(2606705,'IBIRAJUBA','PE'),(2606804,'IGARASSU','PE'),(2606903,'IGUARACI','PE'),(2607000,'INAJA','PE'),(2607109,'INGAZEIRA','PE'),(2607208,'IPOJUCA','PE'),(2607307,'IPUBI','PE'),(2607406,'ITACURUBA','PE'),(2607505,'ITAIBA','PE'),(2607604,'ILHA DE ITAMARACA','PE'),(2607653,'ITAMBE','PE'),(2607703,'ITAPETIM','PE'),(2607752,'ITAPISSUMA','PE'),(2607802,'ITAQUITINGA','PE'),(2607901,'JABOATAO DOS GUARARAPES','PE'),(2607950,'JAQUEIRA','PE'),(2608008,'JATAUBA','PE'),(2608057,'JATOBA','PE'),(2608107,'JOAO ALFREDO','PE'),(2608206,'JOAQUIM NABUCO','PE'),(2608255,'JUCATI','PE'),(2608305,'JUPI','PE'),(2608404,'JUREMA','PE'),(2608453,'LAGOA DO CARRO','PE'),(2608503,'LAGOA DO ITAENGA','PE'),(2608602,'LAGOA DO OURO','PE'),(2608701,'LAGOA DOS GATOS','PE'),(2608750,'LAGOA GRANDE','PE'),(2608800,'LAJEDO','PE'),(2608909,'LIMOEIRO','PE'),(2609006,'MACAPARANA','PE'),(2609105,'MACHADOS','PE'),(2609154,'MANARI','PE'),(2609204,'MARAIAL','PE'),(2609303,'MIRANDIBA','PE'),(2609402,'MORENO','PE'),(2609501,'NAZARE DA MATA','PE'),(2609600,'OLINDA','PE'),(2609709,'OROBO','PE'),(2609808,'OROCO','PE'),(2609907,'OURICURI','PE'),(2610004,'PALMARES','PE'),(2610103,'PALMEIRINA','PE'),(2610202,'PANELAS','PE'),(2610301,'PARANATAMA','PE'),(2610400,'PARNAMIRIM','PE'),(2610509,'PASSIRA','PE'),(2610608,'PAUDALHO','PE'),(2610707,'PAULISTA','PE'),(2610806,'PEDRA','PE'),(2610905,'PESQUEIRA','PE'),(2611002,'PETROLANDIA','PE'),(2611101,'PETROLINA','PE'),(2611200,'POCAO','PE'),(2611309,'POMBOS','PE'),(2611408,'PRIMAVERA','PE'),(2611507,'QUIPAPA','PE'),(2611533,'QUIXABA','PE'),(2611606,'RECIFE','PE'),(2611705,'RIACHO DAS ALMAS','PE'),(2611804,'RIBEIRAO','PE'),(2611903,'RIO FORMOSO','PE'),(2612000,'SAIRE','PE'),(2612109,'SALGADINHO','PE'),(2612208,'SALGUEIRO','PE'),(2612307,'SALOA','PE'),(2612406,'SANHARO','PE'),(2612455,'SANTA CRUZ','PE'),(2612471,'SANTA CRUZ DA BAIXA VERDE','PE'),(2612505,'SANTA CRUZ DO CAPIBARIBE','PE'),(2612554,'SANTA FILOMENA','PE'),(2612604,'SANTA MARIA DA BOA VISTA','PE'),(2612703,'SANTA MARIA DO CAMBUCA','PE'),(2612802,'SANTA TEREZINHA','PE'),(2612901,'SAO BENEDITO DO SUL','PE'),(2613008,'SAO BENTO DO UNA','PE'),(2613107,'SAO CAITANO','PE'),(2613206,'SAO JOAO','PE'),(2613305,'SAO JOAQUIM DO MONTE','PE'),(2613404,'SAO JOSE DA COROA GRANDE','PE'),(2613503,'SAO JOSE DO BELMONTE','PE'),(2613602,'SAO JOSE DO EGITO','PE'),(2613701,'SAO LOURENCO DA MATA','PE'),(2613800,'SAO VICENTE FERRER','PE'),(2613909,'SERRA TALHADA','PE'),(2614006,'SERRITA','PE'),(2614105,'SERTANIA','PE'),(2614204,'SIRINHAEM','PE'),(2614303,'MOREILANDIA','PE'),(2614402,'SOLIDAO','PE'),(2614501,'SURUBIM','PE'),(2614600,'TABIRA','PE'),(2614709,'TACAIMBO','PE'),(2614808,'TACARATU','PE'),(2614857,'TAMANDARE','PE'),(2615003,'TAQUARITINGA DO NORTE','PE'),(2615102,'TEREZINHA','PE'),(2615201,'TERRA NOVA','PE'),(2615300,'TIMBAUBA','PE'),(2615409,'TORITAMA','PE'),(2615508,'TRACUNHAEM','PE'),(2615607,'TRINDADE','PE'),(2615706,'TRIUNFO','PE'),(2615805,'TUPANATINGA','PE'),(2615904,'TUPARETAMA','PE'),(2616001,'VENTUROSA','PE'),(2616100,'VERDEJANTE','PE'),(2616183,'VERTENTE DO LERIO','PE'),(2616209,'VERTENTES','PE'),(2616308,'VICENCIA','PE'),(2616407,'VITORIA DE SANTO ANTAO','PE'),(2616506,'XEXEU','PE'),(2700102,'AGUA BRANCA','AL'),(2700201,'ANADIA','AL'),(2700300,'ARAPIRACA','AL'),(2700409,'ATALAIA','AL'),(2700508,'BARRA DE SANTO ANTONIO','AL'),(2700607,'BARRA DE SAO MIGUEL','AL'),(2700706,'BATALHA','AL'),(2700805,'BELEM','AL'),(2700904,'BELO MONTE','AL'),(2701001,'BOCA DA MATA','AL'),(2701100,'BRANQUINHA','AL'),(2701209,'CACIMBINHAS','AL'),(2701308,'CAJUEIRO','AL'),(2701357,'CAMPESTRE','AL'),(2701407,'CAMPO ALEGRE','AL'),(2701506,'CAMPO GRANDE','AL'),(2701605,'CANAPI','AL'),(2701704,'CAPELA','AL'),(2701803,'CARNEIROS','AL'),(2701902,'CHA PRETA','AL'),(2702009,'COITE DO NOIA','AL'),(2702108,'COLONIA LEOPOLDINA','AL'),(2702207,'COQUEIRO SECO','AL'),(2702306,'CORURIPE','AL'),(2702355,'CRAIBAS','AL'),(2702405,'DELMIRO GOUVEIA','AL'),(2702504,'DOIS RIACHOS','AL'),(2702553,'ESTRELA DE ALAGOAS','AL'),(2702603,'FEIRA GRANDE','AL'),(2702702,'FELIZ DESERTO','AL'),(2702801,'FLEXEIRAS','AL'),(2702900,'GIRAU DO PONCIANO','AL'),(2703007,'IBATEGUARA','AL'),(2703106,'IGACI','AL'),(2703205,'IGREJA NOVA','AL'),(2703304,'INHAPI','AL'),(2703403,'JACARE DOS HOMENS','AL'),(2703502,'JACUIPE','AL'),(2703601,'JAPARATINGA','AL'),(2703700,'JARAMATAIA','AL'),(2703759,'JEQUIA DA PRAIA','AL'),(2703809,'JOAQUIM GOMES','AL'),(2703908,'JUNDIA','AL'),(2704005,'JUNQUEIRO','AL'),(2704104,'LAGOA DA CANOA','AL'),(2704203,'LIMOEIRO DE ANADIA','AL'),(2704302,'MACEIO','AL'),(2704401,'MAJOR ISIDORO','AL'),(2704500,'MARAGOGI','AL'),(2704609,'MARAVILHA','AL'),(2704708,'MARECHAL DEODORO','AL'),(2704807,'MARIBONDO','AL'),(2704906,'MAR VERMELHO','AL'),(2705002,'MATA GRANDE','AL'),(2705101,'MATRIZ DE CAMARAGIBE','AL'),(2705200,'MESSIAS','AL'),(2705309,'MINADOR DO NEGRAO','AL'),(2705408,'MONTEIROPOLIS','AL'),(2705507,'MURICI','AL'),(2705606,'NOVO LINO','AL'),(2705705,'OLHO D\'AGUA DAS FLORES','AL'),(2705804,'OLHO D\'AGUA DO CASADO','AL'),(2705903,'OLHO D\'AGUA GRANDE','AL'),(2706000,'OLIVENCA','AL'),(2706109,'OURO BRANCO','AL'),(2706208,'PALESTINA','AL'),(2706307,'PALMEIRA DOS INDIOS','AL'),(2706406,'PAO DE ACUCAR','AL'),(2706422,'PARICONHA','AL'),(2706448,'PARIPUEIRA','AL'),(2706505,'PASSO DE CAMARAGIBE','AL'),(2706604,'PAULO JACINTO','AL'),(2706703,'PENEDO','AL'),(2706802,'PIACABUCU','AL'),(2706901,'PILAR','AL'),(2707008,'PINDOBA','AL'),(2707107,'PIRANHAS','AL'),(2707206,'POCO DAS TRINCHEIRAS','AL'),(2707305,'PORTO CALVO','AL'),(2707404,'PORTO DE PEDRAS','AL'),(2707503,'PORTO REAL DO COLEGIO','AL'),(2707602,'QUEBRANGULO','AL'),(2707701,'RIO LARGO','AL'),(2707800,'ROTEIRO','AL'),(2707909,'SANTA LUZIA DO NORTE','AL'),(2708006,'SANTANA DO IPANEMA','AL'),(2708105,'SANTANA DO MUNDAU','AL'),(2708204,'SAO BRAS','AL'),(2708303,'SAO JOSE DA LAJE','AL'),(2708402,'SAO JOSE DA TAPERA','AL'),(2708501,'SAO LUIS DO QUITUNDE','AL'),(2708600,'SAO MIGUEL DOS CAMPOS','AL'),(2708709,'SAO MIGUEL DOS MILAGRES','AL'),(2708808,'SAO SEBASTIAO','AL'),(2708907,'SATUBA','AL'),(2708956,'SENADOR RUI PALMEIRA','AL'),(2709004,'TANQUE D\'ARCA','AL'),(2709103,'TAQUARANA','AL'),(2709152,'TEOTONIO VILELA','AL'),(2709202,'TRAIPU','AL'),(2709301,'UNIAO DOS PALMARES','AL'),(2709400,'VICOSA','AL'),(2800100,'AMPARO DE SAO FRANCISCO','SE'),(2800209,'AQUIDABA','SE'),(2800308,'ARACAJU','SE'),(2800407,'ARAUA','SE'),(2800506,'AREIA BRANCA','SE'),(2800605,'BARRA DOS COQUEIROS','SE'),(2800670,'BOQUIM','SE'),(2800704,'BREJO GRANDE','SE'),(2801009,'CAMPO DO BRITO','SE'),(2801108,'CANHOBA','SE'),(2801207,'CANINDE DE SAO FRANCISCO','SE'),(2801306,'CAPELA','SE'),(2801405,'CARIRA','SE'),(2801504,'CARMOPOLIS','SE'),(2801603,'CEDRO DE SAO JOAO','SE'),(2801702,'CRISTINAPOLIS','SE'),(2801900,'CUMBE','SE'),(2802007,'DIVINA PASTORA','SE'),(2802106,'ESTANCIA','SE'),(2802205,'FEIRA NOVA','SE'),(2802304,'FREI PAULO','SE'),(2802403,'GARARU','SE'),(2802502,'GENERAL MAYNARD','SE'),(2802601,'GRACHO CARDOSO','SE'),(2802700,'ILHA DAS FLORES','SE'),(2802809,'INDIAROBA','SE'),(2802908,'ITABAIANA','SE'),(2803005,'ITABAIANINHA','SE'),(2803104,'ITABI','SE'),(2803203,'ITAPORANGA D\'AJUDA','SE'),(2803302,'JAPARATUBA','SE'),(2803401,'JAPOATA','SE'),(2803500,'LAGARTO','SE'),(2803609,'LARANJEIRAS','SE'),(2803708,'MACAMBIRA','SE'),(2803807,'MALHADA DOS BOIS','SE'),(2803906,'MALHADOR','SE'),(2804003,'MARUIM','SE'),(2804102,'MOITA BONITA','SE'),(2804201,'MONTE ALEGRE DE SERGIPE','SE'),(2804300,'MURIBECA','SE'),(2804409,'NEOPOLIS','SE'),(2804458,'NOSSA SENHORA APARECIDA','SE'),(2804508,'NOSSA SENHORA DA GLORIA','SE'),(2804607,'NOSSA SENHORA DAS DORES','SE'),(2804706,'NOSSA SENHORA DE LOURDES','SE'),(2804805,'NOSSA SENHORA DO SOCORRO','SE'),(2804904,'PACATUBA','SE'),(2805000,'PEDRA MOLE','SE'),(2805109,'PEDRINHAS','SE'),(2805208,'PINHAO','SE'),(2805307,'PIRAMBU','SE'),(2805406,'POCO REDONDO','SE'),(2805505,'POCO VERDE','SE'),(2805604,'PORTO DA FOLHA','SE'),(2805703,'PROPRIA','SE'),(2805802,'RIACHAO DO DANTAS','SE'),(2805901,'RIACHUELO','SE'),(2806008,'RIBEIROPOLIS','SE'),(2806107,'ROSARIO DO CATETE','SE'),(2806206,'SALGADO','SE'),(2806305,'SANTA LUZIA DO ITANHY','SE'),(2806404,'SANTANA DO SAO FRANCISCO','SE'),(2806503,'SANTA ROSA DE LIMA','SE'),(2806602,'SANTO AMARO DAS BROTAS','SE'),(2806701,'SAO CRISTOVAO','SE'),(2806800,'SAO DOMINGOS','SE'),(2806909,'SAO FRANCISCO','SE'),(2807006,'SAO MIGUEL DO ALEIXO','SE'),(2807105,'SIMAO DIAS','SE'),(2807204,'SIRIRI','SE'),(2807303,'TELHA','SE'),(2807402,'TOBIAS BARRETO','SE'),(2807501,'TOMAR DO GERU','SE'),(2807600,'UMBAUBA','SE'),(2900108,'ABAIRA','BA'),(2900207,'ABARE','BA'),(2900306,'ACAJUTIBA','BA'),(2900355,'ADUSTINA','BA'),(2900405,'AGUA FRIA','BA'),(2900504,'ERICO CARDOSO','BA'),(2900603,'AIQUARA','BA'),(2900702,'ALAGOINHAS','BA'),(2900801,'ALCOBACA','BA'),(2900900,'ALMADINA','BA'),(2901007,'AMARGOSA','BA'),(2901106,'AMELIA RODRIGUES','BA'),(2901155,'AMERICA DOURADA','BA'),(2901205,'ANAGE','BA'),(2901304,'ANDARAI','BA'),(2901353,'ANDORINHA','BA'),(2901403,'ANGICAL','BA'),(2901502,'ANGUERA','BA'),(2901601,'ANTAS','BA'),(2901700,'ANTONIO CARDOSO','BA'),(2901809,'ANTONIO GONCALVES','BA'),(2901908,'APORA','BA'),(2901957,'APUAREMA','BA'),(2902005,'ARACATU','BA'),(2902054,'ARACAS','BA'),(2902104,'ARACI','BA'),(2902203,'ARAMARI','BA'),(2902252,'ARATACA','BA'),(2902302,'ARATUIPE','BA'),(2902401,'AURELINO LEAL','BA'),(2902500,'BAIANOPOLIS','BA'),(2902609,'BAIXA GRANDE','BA'),(2902658,'BANZAE','BA'),(2902708,'BARRA','BA'),(2902807,'BARRA DA ESTIVA','BA'),(2902906,'BARRA DO CHOCA','BA'),(2903003,'BARRA DO MENDES','BA'),(2903102,'BARRA DO ROCHA','BA'),(2903201,'BARREIRAS','BA'),(2903235,'BARRO ALTO','BA'),(2903276,'BARROCAS','BA'),(2903300,'BARRO PRETO','BA'),(2903409,'BELMONTE','BA'),(2903508,'BELO CAMPO','BA'),(2903607,'BIRITINGA','BA'),(2903706,'BOA NOVA','BA'),(2903805,'BOA VISTA DO TUPIM','BA'),(2903904,'BOM JESUS DA LAPA','BA'),(2903953,'BOM JESUS DA SERRA','BA'),(2904001,'BONINAL','BA'),(2904050,'BONITO','BA'),(2904100,'BOQUIRA','BA'),(2904209,'BOTUPORA','BA'),(2904308,'BREJOES','BA'),(2904407,'BREJOLANDIA','BA'),(2904506,'BROTAS DE MACAUBAS','BA'),(2904605,'BRUMADO','BA'),(2904704,'BUERAREMA','BA'),(2904753,'BURITIRAMA','BA'),(2904803,'CAATIBA','BA'),(2904852,'CABACEIRAS DO PARAGUACU','BA'),(2904902,'CACHOEIRA','BA'),(2905008,'CACULE','BA'),(2905107,'CAEM','BA'),(2905156,'CAETANOS','BA'),(2905206,'CAETITE','BA'),(2905305,'CAFARNAUM','BA'),(2905404,'CAIRU','BA'),(2905503,'CALDEIRAO GRANDE','BA'),(2905602,'CAMACAN','BA'),(2905701,'CAMACARI','BA'),(2905800,'CAMAMU','BA'),(2905909,'CAMPO ALEGRE DE LOURDES','BA'),(2906006,'CAMPO FORMOSO','BA'),(2906105,'CANAPOLIS','BA'),(2906204,'CANARANA','BA'),(2906303,'CANAVIEIRAS','BA'),(2906402,'CANDEAL','BA'),(2906501,'CANDEIAS','BA'),(2906600,'CANDIBA','BA'),(2906709,'CANDIDO SALES','BA'),(2906808,'CANSANCAO','BA'),(2906824,'CANUDOS','BA'),(2906857,'CAPELA DO ALTO ALEGRE','BA'),(2906873,'CAPIM GROSSO','BA'),(2906899,'CARAIBAS','BA'),(2906907,'CARAVELAS','BA'),(2907004,'CARDEAL DA SILVA','BA'),(2907103,'CARINHANHA','BA'),(2907202,'CASA NOVA','BA'),(2907301,'CASTRO ALVES','BA'),(2907400,'CATOLANDIA','BA'),(2907509,'CATU','BA'),(2907558,'CATURAMA','BA'),(2907608,'CENTRAL','BA'),(2907707,'CHORROCHO','BA'),(2907806,'CICERO DANTAS','BA'),(2907905,'CIPO','BA'),(2908002,'COARACI','BA'),(2908101,'COCOS','BA'),(2908200,'CONCEICAO DA FEIRA','BA'),(2908309,'CONCEICAO DO ALMEIDA','BA'),(2908408,'CONCEICAO DO COITE','BA'),(2908507,'CONCEICAO DO JACUIPE','BA'),(2908606,'CONDE','BA'),(2908705,'CONDEUBA','BA'),(2908804,'CONTENDAS DO SINCORA','BA'),(2908903,'CORACAO DE MARIA','BA'),(2909000,'CORDEIROS','BA'),(2909109,'CORIBE','BA'),(2909208,'CORONEL JOAO SA','BA'),(2909307,'CORRENTINA','BA'),(2909406,'COTEGIPE','BA'),(2909505,'CRAVOLANDIA','BA'),(2909604,'CRISOPOLIS','BA'),(2909703,'CRISTOPOLIS','BA'),(2909802,'CRUZ DAS ALMAS','BA'),(2909901,'CURACA','BA'),(2910008,'DARIO MEIRA','BA'),(2910057,'DIAS D\'AVILA','BA'),(2910107,'DOM BASILIO','BA'),(2910206,'DOM MACEDO COSTA','BA'),(2910305,'ELISIO MEDRADO','BA'),(2910404,'ENCRUZILHADA','BA'),(2910503,'ENTRE RIOS','BA'),(2910602,'ESPLANADA','BA'),(2910701,'EUCLIDES DA CUNHA','BA'),(2910727,'EUNAPOLIS','BA'),(2910750,'FATIMA','BA'),(2910776,'FEIRA DA MATA','BA'),(2910800,'FEIRA DE SANTANA','BA'),(2910859,'FILADELFIA','BA'),(2910909,'FIRMINO ALVES','BA'),(2911006,'FLORESTA AZUL','BA'),(2911105,'FORMOSA DO RIO PRETO','BA'),(2911204,'GANDU','BA'),(2911253,'GAVIAO','BA'),(2911303,'GENTIO DO OURO','BA'),(2911402,'GLORIA','BA'),(2911501,'GONGOGI','BA'),(2911600,'GOVERNADOR MANGABEIRA','BA'),(2911659,'GUAJERU','BA'),(2911709,'GUANAMBI','BA'),(2911808,'GUARATINGA','BA'),(2911857,'HELIOPOLIS','BA'),(2911907,'IACU','BA'),(2912004,'IBIASSUCE','BA'),(2912103,'IBICARAI','BA'),(2912202,'IBICOARA','BA'),(2912301,'IBICUI','BA'),(2912400,'IBIPEBA','BA'),(2912509,'IBIPITANGA','BA'),(2912608,'IBIQUERA','BA'),(2912707,'IBIRAPITANGA','BA'),(2912806,'IBIRAPUA','BA'),(2912905,'IBIRATAIA','BA'),(2913002,'IBITIARA','BA'),(2913101,'IBITITA','BA'),(2913200,'IBOTIRAMA','BA'),(2913309,'ICHU','BA'),(2913408,'IGAPORA','BA'),(2913457,'IGRAPIUNA','BA'),(2913507,'IGUAI','BA'),(2913606,'ILHEUS','BA'),(2913705,'INHAMBUPE','BA'),(2913804,'IPECAETA','BA'),(2913903,'IPIAU','BA'),(2914000,'IPIRA','BA'),(2914109,'IPUPIARA','BA'),(2914208,'IRAJUBA','BA'),(2914307,'IRAMAIA','BA'),(2914406,'IRAQUARA','BA'),(2914505,'IRARA','BA'),(2914604,'IRECE','BA'),(2914653,'ITABELA','BA'),(2914703,'ITABERABA','BA'),(2914802,'ITABUNA','BA'),(2914901,'ITACARE','BA'),(2915007,'ITAETE','BA'),(2915106,'ITAGI','BA'),(2915205,'ITAGIBA','BA'),(2915304,'ITAGIMIRIM','BA'),(2915353,'ITAGUACU DA BAHIA','BA'),(2915403,'ITAJU DO COLONIA','BA'),(2915502,'ITAJUIPE','BA'),(2915601,'ITAMARAJU','BA'),(2915700,'ITAMARI','BA'),(2915809,'ITAMBE','BA'),(2915908,'ITANAGRA','BA'),(2916005,'ITANHEM','BA'),(2916104,'ITAPARICA','BA'),(2916203,'ITAPE','BA'),(2916302,'ITAPEBI','BA'),(2916401,'ITAPETINGA','BA'),(2916500,'ITAPICURU','BA'),(2916609,'ITAPITANGA','BA'),(2916708,'ITAQUARA','BA'),(2916807,'ITARANTIM','BA'),(2916856,'ITATIM','BA'),(2916906,'ITIRUCU','BA'),(2917003,'ITIUBA','BA'),(2917102,'ITORORO','BA'),(2917201,'ITUACU','BA'),(2917300,'ITUBERA','BA'),(2917334,'IUIU','BA'),(2917359,'JABORANDI','BA'),(2917409,'JACARACI','BA'),(2917508,'JACOBINA','BA'),(2917607,'JAGUAQUARA','BA'),(2917706,'JAGUARARI','BA'),(2917805,'JAGUARIPE','BA'),(2917904,'JANDAIRA','BA'),(2918001,'JEQUIE','BA'),(2918100,'JEREMOABO','BA'),(2918209,'JIQUIRICA','BA'),(2918308,'JITAUNA','BA'),(2918357,'JOAO DOURADO','BA'),(2918407,'JUAZEIRO','BA'),(2918456,'JUCURUCU','BA'),(2918506,'JUSSARA','BA'),(2918555,'JUSSARI','BA'),(2918605,'JUSSIAPE','BA'),(2918704,'LAFAIETE COUTINHO','BA'),(2918753,'LAGOA REAL','BA'),(2918803,'LAJE','BA'),(2918902,'LAJEDAO','BA'),(2919009,'LAJEDINHO','BA'),(2919058,'LAJEDO DO TABOCAL','BA'),(2919108,'LAMARAO','BA'),(2919157,'LAPAO','BA'),(2919207,'LAURO DE FREITAS','BA'),(2919306,'LENCOIS','BA'),(2919405,'LICINIO DE ALMEIDA','BA'),(2919504,'LIVRAMENTO DE NOSSA SENHORA','BA'),(2919553,'LUIS EDUARDO MAGALHAES','BA'),(2919603,'MACAJUBA','BA'),(2919702,'MACARANI','BA'),(2919801,'MACAUBAS','BA'),(2919900,'MACURURE','BA'),(2919926,'MADRE DE DEUS','BA'),(2919959,'MAETINGA','BA'),(2920007,'MAIQUINIQUE','BA'),(2920106,'MAIRI','BA'),(2920205,'MALHADA','BA'),(2920304,'MALHADA DE PEDRAS','BA'),(2920403,'MANOEL VITORINO','BA'),(2920452,'MANSIDAO','BA'),(2920502,'MARACAS','BA'),(2920601,'MARAGOGIPE','BA'),(2920700,'MARAU','BA'),(2920809,'MARCIONILIO SOUZA','BA'),(2920908,'MASCOTE','BA'),(2921005,'MATA DE SAO JOAO','BA'),(2921054,'MATINA','BA'),(2921104,'MEDEIROS NETO','BA'),(2921203,'MIGUEL CALMON','BA'),(2921302,'MILAGRES','BA'),(2921401,'MIRANGABA','BA'),(2921450,'MIRANTE','BA'),(2921500,'MONTE SANTO','BA'),(2921609,'MORPARA','BA'),(2921708,'MORRO DO CHAPEU','BA'),(2921807,'MORTUGABA','BA'),(2921906,'MUCUGE','BA'),(2922003,'MUCURI','BA'),(2922052,'MULUNGU DO MORRO','BA'),(2922102,'MUNDO NOVO','BA'),(2922201,'MUNIZ FERREIRA','BA'),(2922250,'MUQUEM DE SAO FRANCISCO','BA'),(2922300,'MURITIBA','BA'),(2922409,'MUTUIPE','BA'),(2922508,'NAZARE','BA'),(2922607,'NILO PECANHA','BA'),(2922656,'NORDESTINA','BA'),(2922706,'NOVA CANAA','BA'),(2922730,'NOVA FATIMA','BA'),(2922755,'NOVA IBIA','BA'),(2922805,'NOVA ITARANA','BA'),(2922854,'NOVA REDENCAO','BA'),(2922904,'NOVA SOURE','BA'),(2923001,'NOVA VICOSA','BA'),(2923035,'NOVO HORIZONTE','BA'),(2923050,'NOVO TRIUNFO','BA'),(2923100,'OLINDINA','BA'),(2923209,'OLIVEIRA DOS BREJINHOS','BA'),(2923308,'OURICANGAS','BA'),(2923357,'OUROLANDIA','BA'),(2923407,'PALMAS DE MONTE ALTO','BA'),(2923506,'PALMEIRAS','BA'),(2923605,'PARAMIRIM','BA'),(2923704,'PARATINGA','BA'),(2923803,'PARIPIRANGA','BA'),(2923902,'PAU BRASIL','BA'),(2924009,'PAULO AFONSO','BA'),(2924058,'PE DE SERRA','BA'),(2924108,'PEDRAO','BA'),(2924207,'PEDRO ALEXANDRE','BA'),(2924306,'PIATA','BA'),(2924405,'PILAO ARCADO','BA'),(2924504,'PINDAI','BA'),(2924603,'PINDOBACU','BA'),(2924652,'PINTADAS','BA'),(2924678,'PIRAI DO NORTE','BA'),(2924702,'PIRIPA','BA'),(2924801,'PIRITIBA','BA'),(2924900,'PLANALTINO','BA'),(2925006,'PLANALTO','BA'),(2925105,'POCOES','BA'),(2925204,'POJUCA','BA'),(2925253,'PONTO NOVO','BA'),(2925303,'PORTO SEGURO','BA'),(2925402,'POTIRAGUA','BA'),(2925501,'PRADO','BA'),(2925600,'PRESIDENTE DUTRA','BA'),(2925709,'PRESIDENTE JANIO QUADROS','BA'),(2925758,'PRESIDENTE TANCREDO NEVES','BA'),(2925808,'QUEIMADAS','BA'),(2925907,'QUIJINGUE','BA'),(2925931,'QUIXABEIRA','BA'),(2925956,'RAFAEL JAMBEIRO','BA'),(2926004,'REMANSO','BA'),(2926103,'RETIROLANDIA','BA'),(2926202,'RIACHAO DAS NEVES','BA'),(2926301,'RIACHAO DO JACUIPE','BA'),(2926400,'RIACHO DE SANTANA','BA'),(2926509,'RIBEIRA DO AMPARO','BA'),(2926608,'RIBEIRA DO POMBAL','BA'),(2926657,'RIBEIRAO DO LARGO','BA'),(2926707,'RIO DE CONTAS','BA'),(2926806,'RIO DO ANTONIO','BA'),(2926905,'RIO DO PIRES','BA'),(2927002,'RIO REAL','BA'),(2927101,'RODELAS','BA'),(2927200,'RUY BARBOSA','BA'),(2927309,'SALINAS DA MARGARIDA','BA'),(2927408,'SALVADOR','BA'),(2927507,'SANTA BARBARA','BA'),(2927606,'SANTA BRIGIDA','BA'),(2927705,'SANTA CRUZ CABRALIA','BA'),(2927804,'SANTA CRUZ DA VITORIA','BA'),(2927903,'SANTA INES','BA'),(2928000,'SANTALUZ','BA'),(2928059,'SANTA LUZIA','BA'),(2928109,'SANTA MARIA DA VITORIA','BA'),(2928208,'SANTANA','BA'),(2928307,'SANTANOPOLIS','BA'),(2928406,'SANTA RITA DE CASSIA','BA'),(2928505,'SANTA TERESINHA','BA'),(2928604,'SANTO AMARO','BA'),(2928703,'SANTO ANTONIO DE JESUS','BA'),(2928802,'SANTO ESTEVAO','BA'),(2928901,'SAO DESIDERIO','BA'),(2928950,'SAO DOMINGOS','BA'),(2929008,'SAO FELIX','BA'),(2929057,'SAO FELIX DO CORIBE','BA'),(2929107,'SAO FELIPE','BA'),(2929206,'SAO FRANCISCO DO CONDE','BA'),(2929255,'SAO GABRIEL','BA'),(2929305,'SAO GONCALO DOS CAMPOS','BA'),(2929354,'SAO JOSE DA VITORIA','BA'),(2929370,'SAO JOSE DO JACUIPE','BA'),(2929404,'SAO MIGUEL DAS MATAS','BA'),(2929503,'SAO SEBASTIAO DO PASSE','BA'),(2929602,'SAPEACU','BA'),(2929701,'SATIRO DIAS','BA'),(2929750,'SAUBARA','BA'),(2929800,'SAUDE','BA'),(2929909,'SEABRA','BA'),(2930006,'SEBASTIAO LARANJEIRAS','BA'),(2930105,'SENHOR DO BONFIM','BA'),(2930154,'SERRA DO RAMALHO','BA'),(2930204,'SENTO SE','BA'),(2930303,'SERRA DOURADA','BA'),(2930402,'SERRA PRETA','BA'),(2930501,'SERRINHA','BA'),(2930600,'SERROLANDIA','BA'),(2930709,'SIMOES FILHO','BA'),(2930758,'SITIO DO MATO','BA'),(2930766,'SITIO DO QUINTO','BA'),(2930774,'SOBRADINHO','BA'),(2930808,'SOUTO SOARES','BA'),(2930907,'TABOCAS DO BREJO VELHO','BA'),(2931004,'TANHACU','BA'),(2931053,'TANQUE NOVO','BA'),(2931103,'TANQUINHO','BA'),(2931202,'TAPEROA','BA'),(2931301,'TAPIRAMUTA','BA'),(2931350,'TEIXEIRA DE FREITAS','BA'),(2931400,'TEODORO SAMPAIO','BA'),(2931509,'TEOFILANDIA','BA'),(2931608,'TEOLANDIA','BA'),(2931707,'TERRA NOVA','BA'),(2931806,'TREMEDAL','BA'),(2931905,'TUCANO','BA'),(2932002,'UAUA','BA'),(2932101,'UBAIRA','BA'),(2932200,'UBAITABA','BA'),(2932309,'UBATA','BA'),(2932408,'UIBAI','BA'),(2932457,'UMBURANAS','BA'),(2932507,'UNA','BA'),(2932606,'URANDI','BA'),(2932705,'URUCUCA','BA'),(2932804,'UTINGA','BA'),(2932903,'VALENCA','BA'),(2933000,'VALENTE','BA'),(2933059,'VARZEA DA ROCA','BA'),(2933109,'VARZEA DO POCO','BA'),(2933158,'VARZEA NOVA','BA'),(2933174,'VARZEDO','BA'),(2933208,'VERA CRUZ','BA'),(2933257,'VEREDA','BA'),(2933307,'VITORIA DA CONQUISTA','BA'),(2933406,'WAGNER','BA'),(2933455,'WANDERLEY','BA'),(2933505,'WENCESLAU GUIMARAES','BA'),(2933604,'XIQUE-XIQUE','BA'),(3100104,'ABADIA DOS DOURADOS','MG'),(3100203,'ABAETE','MG'),(3100302,'ABRE CAMPO','MG'),(3100401,'ACAIACA','MG'),(3100500,'ACUCENA','MG'),(3100609,'AGUA BOA','MG'),(3100708,'AGUA COMPRIDA','MG'),(3100807,'AGUANIL','MG'),(3100906,'AGUAS FORMOSAS','MG'),(3101003,'AGUAS VERMELHAS','MG'),(3101102,'AIMORES','MG'),(3101201,'AIURUOCA','MG'),(3101300,'ALAGOA','MG'),(3101409,'ALBERTINA','MG'),(3101508,'ALEM PARAIBA','MG'),(3101607,'ALFENAS','MG'),(3101631,'ALFREDO VASCONCELOS','MG'),(3101706,'ALMENARA','MG'),(3101805,'ALPERCATA','MG'),(3101904,'ALPINOPOLIS','MG'),(3102001,'ALTEROSA','MG'),(3102050,'ALTO CAPARAO','MG'),(3102100,'ALTO RIO DOCE','MG'),(3102209,'ALVARENGA','MG'),(3102308,'ALVINOPOLIS','MG'),(3102407,'ALVORADA DE MINAS','MG'),(3102506,'AMPARO DO SERRA','MG'),(3102605,'ANDRADAS','MG'),(3102704,'CACHOEIRA DE PAJEU','MG'),(3102803,'ANDRELANDIA','MG'),(3102852,'ANGELANDIA','MG'),(3102902,'ANTONIO CARLOS','MG'),(3103009,'ANTONIO DIAS','MG'),(3103108,'ANTONIO PRADO DE MINAS','MG'),(3103207,'ARACAI','MG'),(3103306,'ARACITABA','MG'),(3103405,'ARACUAI','MG'),(3103504,'ARAGUARI','MG'),(3103603,'ARANTINA','MG'),(3103702,'ARAPONGA','MG'),(3103751,'ARAPORA','MG'),(3103801,'ARAPUA','MG'),(3103900,'ARAUJOS','MG'),(3104007,'ARAXA','MG'),(3104106,'ARCEBURGO','MG'),(3104205,'ARCOS','MG'),(3104304,'AREADO','MG'),(3104403,'ARGIRITA','MG'),(3104452,'ARICANDUVA','MG'),(3104502,'ARINOS','MG'),(3104601,'ASTOLFO DUTRA','MG'),(3104700,'ATALEIA','MG'),(3104809,'AUGUSTO DE LIMA','MG'),(3104908,'BAEPENDI','MG'),(3105004,'BALDIM','MG'),(3105103,'BAMBUI','MG'),(3105202,'BANDEIRA','MG'),(3105301,'BANDEIRA DO SUL','MG'),(3105400,'BARAO DE COCAIS','MG'),(3105509,'BARAO DE MONTE ALTO','MG'),(3105608,'BARBACENA','MG'),(3105707,'BARRA LONGA','MG'),(3105905,'BARROSO','MG'),(3106002,'BELA VISTA DE MINAS','MG'),(3106101,'BELMIRO BRAGA','MG'),(3106200,'BELO HORIZONTE','MG'),(3106309,'BELO ORIENTE','MG'),(3106408,'BELO VALE','MG'),(3106507,'BERILO','MG'),(3106606,'BERTOPOLIS','MG'),(3106655,'BERIZAL','MG'),(3106705,'BETIM','MG'),(3106804,'BIAS FORTES','MG'),(3106903,'BICAS','MG'),(3107000,'BIQUINHAS','MG'),(3107109,'BOA ESPERANCA','MG'),(3107208,'BOCAINA DE MINAS','MG'),(3107307,'BOCAIUVA','MG'),(3107406,'BOM DESPACHO','MG'),(3107505,'BOM JARDIM DE MINAS','MG'),(3107604,'BOM JESUS DA PENHA','MG'),(3107703,'BOM JESUS DO AMPARO','MG'),(3107802,'BOM JESUS DO GALHO','MG'),(3107901,'BOM REPOUSO','MG'),(3108008,'BOM SUCESSO','MG'),(3108107,'BONFIM','MG'),(3108206,'BONFINOPOLIS DE MINAS','MG'),(3108255,'BONITO DE MINAS','MG'),(3108305,'BORDA DA MATA','MG'),(3108404,'BOTELHOS','MG'),(3108503,'BOTUMIRIM','MG'),(3108552,'BRASILANDIA DE MINAS','MG'),(3108602,'BRASILIA DE MINAS','MG'),(3108701,'BRAS PIRES','MG'),(3108800,'BRAUNAS','MG'),(3108909,'BRASOPOLIS','MG'),(3109006,'BRUMADINHO','MG'),(3109105,'BUENO BRANDAO','MG'),(3109204,'BUENOPOLIS','MG'),(3109253,'BUGRE','MG'),(3109303,'BURITIS','MG'),(3109402,'BURITIZEIRO','MG'),(3109451,'CABECEIRA GRANDE','MG'),(3109501,'CABO VERDE','MG'),(3109600,'CACHOEIRA DA PRATA','MG'),(3109709,'CACHOEIRA DE MINAS','MG'),(3109808,'CACHOEIRA DOURADA','MG'),(3109907,'CAETANOPOLIS','MG'),(3110004,'CAETE','MG'),(3110103,'CAIANA','MG'),(3110202,'CAJURI','MG'),(3110301,'CALDAS','MG'),(3110400,'CAMACHO','MG'),(3110509,'CAMANDUCAIA','MG'),(3110608,'CAMBUI','MG'),(3110707,'CAMBUQUIRA','MG'),(3110806,'CAMPANARIO','MG'),(3110905,'CAMPANHA','MG'),(3111002,'CAMPESTRE','MG'),(3111101,'CAMPINA VERDE','MG'),(3111150,'CAMPO AZUL','MG'),(3111200,'CAMPO BELO','MG'),(3111309,'CAMPO DO MEIO','MG'),(3111408,'CAMPO FLORIDO','MG'),(3111507,'CAMPOS ALTOS','MG'),(3111606,'CAMPOS GERAIS','MG'),(3111705,'CANAA','MG'),(3111804,'CANAPOLIS','MG'),(3111903,'CANA VERDE','MG'),(3112000,'CANDEIAS','MG'),(3112059,'CANTAGALO','MG'),(3112109,'CAPARAO','MG'),(3112208,'CAPELA NOVA','MG'),(3112307,'CAPELINHA','MG'),(3112406,'CAPETINGA','MG'),(3112505,'CAPIM BRANCO','MG'),(3112604,'CAPINOPOLIS','MG'),(3112653,'CAPITAO ANDRADE','MG'),(3112703,'CAPITAO ENEAS','MG'),(3112802,'CAPITOLIO','MG'),(3112901,'CAPUTIRA','MG'),(3113008,'CARAI','MG'),(3113107,'CARANAIBA','MG'),(3113206,'CARANDAI','MG'),(3113305,'CARANGOLA','MG'),(3113404,'CARATINGA','MG'),(3113503,'CARBONITA','MG'),(3113602,'CAREACU','MG'),(3113701,'CARLOS CHAGAS','MG'),(3113800,'CARMESIA','MG'),(3113909,'CARMO DA CACHOEIRA','MG'),(3114006,'CARMO DA MATA','MG'),(3114105,'CARMO DE MINAS','MG'),(3114204,'CARMO DO CAJURU','MG'),(3114303,'CARMO DO PARANAIBA','MG'),(3114402,'CARMO DO RIO CLARO','MG'),(3114501,'CARMOPOLIS DE MINAS','MG'),(3114550,'CARNEIRINHO','MG'),(3114600,'CARRANCAS','MG'),(3114709,'CARVALHOPOLIS','MG'),(3114808,'CARVALHOS','MG'),(3114907,'CASA GRANDE','MG'),(3115003,'CASCALHO RICO','MG'),(3115102,'CASSIA','MG'),(3115201,'CONCEICAO DA BARRA DE MINAS','MG'),(3115300,'CATAGUASES','MG'),(3115359,'CATAS ALTAS','MG'),(3115409,'CATAS ALTAS DA NORUEGA','MG'),(3115458,'CATUJI','MG'),(3115474,'CATUTI','MG'),(3115508,'CAXAMBU','MG'),(3115607,'CEDRO DO ABAETE','MG'),(3115706,'CENTRAL DE MINAS','MG'),(3115805,'CENTRALINA','MG'),(3115904,'CHACARA','MG'),(3116001,'CHALE','MG'),(3116100,'CHAPADA DO NORTE','MG'),(3116159,'CHAPADA GAUCHA','MG'),(3116209,'CHIADOR','MG'),(3116308,'CIPOTANEA','MG'),(3116407,'CLARAVAL','MG'),(3116506,'CLARO DOS POCOES','MG'),(3116605,'CLAUDIO','MG'),(3116704,'COIMBRA','MG'),(3116803,'COLUNA','MG'),(3116902,'COMENDADOR GOMES','MG'),(3117009,'COMERCINHO','MG'),(3117108,'CONCEICAO DA APARECIDA','MG'),(3117207,'CONCEICAO DAS PEDRAS','MG'),(3117306,'CONCEICAO DAS ALAGOAS','MG'),(3117405,'CONCEICAO DE IPANEMA','MG'),(3117504,'CONCEICAO DO MATO DENTRO','MG'),(3117603,'CONCEICAO DO PARA','MG'),(3117702,'CONCEICAO DO RIO VERDE','MG'),(3117801,'CONCEICAO DOS OUROS','MG'),(3117836,'CONEGO MARINHO','MG'),(3117876,'CONFINS','MG'),(3117900,'CONGONHAL','MG'),(3118007,'CONGONHAS','MG'),(3118106,'CONGONHAS DO NORTE','MG'),(3118205,'CONQUISTA','MG'),(3118304,'CONSELHEIRO LAFAIETE','MG'),(3118403,'CONSELHEIRO PENA','MG'),(3118502,'CONSOLACAO','MG'),(3118601,'CONTAGEM','MG'),(3118700,'COQUEIRAL','MG'),(3118809,'CORACAO DE JESUS','MG'),(3118908,'CORDISBURGO','MG'),(3119005,'CORDISLANDIA','MG'),(3119104,'CORINTO','MG'),(3119203,'COROACI','MG'),(3119302,'COROMANDEL','MG'),(3119401,'CORONEL FABRICIANO','MG'),(3119500,'CORONEL MURTA','MG'),(3119609,'CORONEL PACHECO','MG'),(3119708,'CORONEL XAVIER CHAVES','MG'),(3119807,'CORREGO DANTA','MG'),(3119906,'CORREGO DO BOM JESUS','MG'),(3119955,'CORREGO FUNDO','MG'),(3120003,'CORREGO NOVO','MG'),(3120102,'COUTO DE MAGALHAES DE MINAS','MG'),(3120151,'CRISOLITA','MG'),(3120201,'CRISTAIS','MG'),(3120300,'CRISTALIA','MG'),(3120409,'CRISTIANO OTONI','MG'),(3120508,'CRISTINA','MG'),(3120607,'CRUCILANDIA','MG'),(3120706,'CRUZEIRO DA FORTALEZA','MG'),(3120805,'CRUZILIA','MG'),(3120839,'CUPARAQUE','MG'),(3120870,'CURRAL DE DENTRO','MG'),(3120904,'CURVELO','MG'),(3121001,'DATAS','MG'),(3121100,'DELFIM MOREIRA','MG'),(3121209,'DELFINOPOLIS','MG'),(3121258,'DELTA','MG'),(3121308,'DESCOBERTO','MG'),(3121407,'DESTERRO DE ENTRE RIOS','MG'),(3121506,'DESTERRO DO MELO','MG'),(3121605,'DIAMANTINA','MG'),(3121704,'DIOGO DE VASCONCELOS','MG'),(3121803,'DIONISIO','MG'),(3121902,'DIVINESIA','MG'),(3122009,'DIVINO','MG'),(3122108,'DIVINO DAS LARANJEIRAS','MG'),(3122207,'DIVINOLANDIA DE MINAS','MG'),(3122306,'DIVINOPOLIS','MG'),(3122355,'DIVISA ALEGRE','MG'),(3122405,'DIVISA NOVA','MG'),(3122454,'DIVISOPOLIS','MG'),(3122470,'DOM BOSCO','MG'),(3122504,'DOM CAVATI','MG'),(3122603,'DOM JOAQUIM','MG'),(3122702,'DOM SILVERIO','MG'),(3122801,'DOM VICOSO','MG'),(3122900,'DONA EUSEBIA','MG'),(3123007,'DORES DE CAMPOS','MG'),(3123106,'DORES DE GUANHAES','MG'),(3123205,'DORES DO INDAIA','MG'),(3123304,'DORES DO TURVO','MG'),(3123403,'DORESOPOLIS','MG'),(3123502,'DOURADOQUARA','MG'),(3123528,'DURANDE','MG'),(3123601,'ELOI MENDES','MG'),(3123700,'ENGENHEIRO CALDAS','MG'),(3123809,'ENGENHEIRO NAVARRO','MG'),(3123858,'ENTRE FOLHAS','MG'),(3123908,'ENTRE RIOS DE MINAS','MG'),(3124005,'ERVALIA','MG'),(3124104,'ESMERALDAS','MG'),(3124203,'ESPERA FELIZ','MG'),(3124302,'ESPINOSA','MG'),(3124401,'ESPIRITO SANTO DO DOURADO','MG'),(3124500,'ESTIVA','MG'),(3124609,'ESTRELA DALVA','MG'),(3124708,'ESTRELA DO INDAIA','MG'),(3124807,'ESTRELA DO SUL','MG'),(3124906,'EUGENOPOLIS','MG'),(3125002,'EWBANK DA CAMARA','MG'),(3125101,'EXTREMA','MG'),(3125200,'FAMA','MG'),(3125309,'FARIA LEMOS','MG'),(3125408,'FELICIO DOS SANTOS','MG'),(3125507,'SAO GONCALO DO RIO PRETO','MG'),(3125606,'FELISBURGO','MG'),(3125705,'FELIXLANDIA','MG'),(3125804,'FERNANDES TOURINHO','MG'),(3125903,'FERROS','MG'),(3125952,'FERVEDOURO','MG'),(3126000,'FLORESTAL','MG'),(3126109,'FORMIGA','MG'),(3126208,'FORMOSO','MG'),(3126307,'FORTALEZA DE MINAS','MG'),(3126406,'FORTUNA DE MINAS','MG'),(3126505,'FRANCISCO BADARO','MG'),(3126604,'FRANCISCO DUMONT','MG'),(3126703,'FRANCISCO SA','MG'),(3126752,'FRANCISCOPOLIS','MG'),(3126802,'FREI GASPAR','MG'),(3126901,'FREI INOCENCIO','MG'),(3126950,'FREI LAGONEGRO','MG'),(3127008,'FRONTEIRA','MG'),(3127057,'FRONTEIRA DOS VALES','MG'),(3127073,'FRUTA DE LEITE','MG'),(3127107,'FRUTAL','MG'),(3127206,'FUNILANDIA','MG'),(3127305,'GALILEIA','MG'),(3127339,'GAMELEIRAS','MG'),(3127354,'GLAUCILANDIA','MG'),(3127370,'GOIABEIRA','MG'),(3127388,'GOIANA','MG'),(3127404,'GONCALVES','MG'),(3127503,'GONZAGA','MG'),(3127602,'GOUVEIA','MG'),(3127701,'GOVERNADOR VALADARES','MG'),(3127800,'GRAO MOGOL','MG'),(3127909,'GRUPIARA','MG'),(3128006,'GUANHAES','MG'),(3128105,'GUAPE','MG'),(3128204,'GUARACIABA','MG'),(3128253,'GUARACIAMA','MG'),(3128303,'GUARANESIA','MG'),(3128402,'GUARANI','MG'),(3128501,'GUARARA','MG'),(3128600,'GUARDA-MOR','MG'),(3128709,'GUAXUPE','MG'),(3128808,'GUIDOVAL','MG'),(3128907,'GUIMARANIA','MG'),(3129004,'GUIRICEMA','MG'),(3129103,'GURINHATA','MG'),(3129202,'HELIODORA','MG'),(3129301,'IAPU','MG'),(3129400,'IBERTIOGA','MG'),(3129509,'IBIA','MG'),(3129608,'IBIAI','MG'),(3129657,'IBIRACATU','MG'),(3129707,'IBIRACI','MG'),(3129806,'IBIRITE','MG'),(3129905,'IBITIURA DE MINAS','MG'),(3130002,'IBITURUNA','MG'),(3130051,'ICARAI DE MINAS','MG'),(3130101,'IGARAPE','MG'),(3130200,'IGARATINGA','MG'),(3130309,'IGUATAMA','MG'),(3130408,'IJACI','MG'),(3130507,'ILICINEA','MG'),(3130556,'IMBE DE MINAS','MG'),(3130606,'INCONFIDENTES','MG'),(3130655,'INDAIABIRA','MG'),(3130705,'INDIANOPOLIS','MG'),(3130804,'INGAI','MG'),(3130903,'INHAPIM','MG'),(3131000,'INHAUMA','MG'),(3131109,'INIMUTABA','MG'),(3131158,'IPABA','MG'),(3131208,'IPANEMA','MG'),(3131307,'IPATINGA','MG'),(3131406,'IPIACU','MG'),(3131505,'IPUIUNA','MG'),(3131604,'IRAI DE MINAS','MG'),(3131703,'ITABIRA','MG'),(3131802,'ITABIRINHA DE MANTENA','MG'),(3131901,'ITABIRITO','MG'),(3132008,'ITACAMBIRA','MG'),(3132107,'ITACARAMBI','MG'),(3132206,'ITAGUARA','MG'),(3132305,'ITAIPE','MG'),(3132404,'ITAJUBA','MG'),(3132503,'ITAMARANDIBA','MG'),(3132602,'ITAMARATI DE MINAS','MG'),(3132701,'ITAMBACURI','MG'),(3132800,'ITAMBE DO MATO DENTRO','MG'),(3132909,'ITAMOGI','MG'),(3133006,'ITAMONTE','MG'),(3133105,'ITANHANDU','MG'),(3133204,'ITANHOMI','MG'),(3133303,'ITAOBIM','MG'),(3133402,'ITAPAGIPE','MG'),(3133501,'ITAPECERICA','MG'),(3133600,'ITAPEVA','MG'),(3133709,'ITATIAIUCU','MG'),(3133758,'ITAU DE MINAS','MG'),(3133808,'ITAUNA','MG'),(3133907,'ITAVERAVA','MG'),(3134004,'ITINGA','MG'),(3134103,'ITUETA','MG'),(3134202,'ITUIUTABA','MG'),(3134301,'ITUMIRIM','MG'),(3134400,'ITURAMA','MG'),(3134509,'ITUTINGA','MG'),(3134608,'JABOTICATUBAS','MG'),(3134707,'JACINTO','MG'),(3134806,'JACUI','MG'),(3134905,'JACUTINGA','MG'),(3135001,'JAGUARACU','MG'),(3135050,'JAIBA','MG'),(3135076,'JAMPRUCA','MG'),(3135100,'JANAUBA','MG'),(3135209,'JANUARIA','MG'),(3135308,'JAPARAIBA','MG'),(3135357,'JAPONVAR','MG'),(3135407,'JECEABA','MG'),(3135456,'JENIPAPO DE MINAS','MG'),(3135506,'JEQUERI','MG'),(3135605,'JEQUITAI','MG'),(3135704,'JEQUITIBA','MG'),(3135803,'JEQUITINHONHA','MG'),(3135902,'JESUANIA','MG'),(3136009,'JOAIMA','MG'),(3136108,'JOANESIA','MG'),(3136207,'JOAO MONLEVADE','MG'),(3136306,'JOAO PINHEIRO','MG'),(3136405,'JOAQUIM FELICIO','MG'),(3136504,'JORDANIA','MG'),(3136520,'JOSE GONCALVES DE MINAS','MG'),(3136553,'JOSE RAYDAN','MG'),(3136579,'JOSENOPOLIS','MG'),(3136603,'NOVA UNIAO','MG'),(3136652,'JUATUBA','MG'),(3136702,'JUIZ DE FORA','MG'),(3136801,'JURAMENTO','MG'),(3136900,'JURUAIA','MG'),(3136959,'JUVENILIA','MG'),(3137007,'LADAINHA','MG'),(3137106,'LAGAMAR','MG'),(3137205,'LAGOA DA PRATA','MG'),(3137304,'LAGOA DOS PATOS','MG'),(3137403,'LAGOA DOURADA','MG'),(3137502,'LAGOA FORMOSA','MG'),(3137536,'LAGOA GRANDE','MG'),(3137601,'LAGOA SANTA','MG'),(3137700,'LAJINHA','MG'),(3137809,'LAMBARI','MG'),(3137908,'LAMIM','MG'),(3138005,'LARANJAL','MG'),(3138104,'LASSANCE','MG'),(3138203,'LAVRAS','MG'),(3138302,'LEANDRO FERREIRA','MG'),(3138351,'LEME DO PRADO','MG'),(3138401,'LEOPOLDINA','MG'),(3138500,'LIBERDADE','MG'),(3138609,'LIMA DUARTE','MG'),(3138625,'LIMEIRA DO OESTE','MG'),(3138658,'LONTRA','MG'),(3138674,'LUISBURGO','MG'),(3138682,'LUISLANDIA','MG'),(3138708,'LUMINARIAS','MG'),(3138807,'LUZ','MG'),(3138906,'MACHACALIS','MG'),(3139003,'MACHADO','MG'),(3139102,'MADRE DE DEUS DE MINAS','MG'),(3139201,'MALACACHETA','MG'),(3139250,'MAMONAS','MG'),(3139300,'MANGA','MG'),(3139409,'MANHUACU','MG'),(3139508,'MANHUMIRIM','MG'),(3139607,'MANTENA','MG'),(3139706,'MARAVILHAS','MG'),(3139805,'MAR DE ESPANHA','MG'),(3139904,'MARIA DA FE','MG'),(3140001,'MARIANA','MG'),(3140100,'MARILAC','MG'),(3140159,'MARIO CAMPOS','MG'),(3140209,'MARIPA DE MINAS','MG'),(3140308,'MARLIERIA','MG'),(3140407,'MARMELOPOLIS','MG'),(3140506,'MARTINHO CAMPOS','MG'),(3140530,'MARTINS SOARES','MG'),(3140555,'MATA VERDE','MG'),(3140605,'MATERLANDIA','MG'),(3140704,'MATEUS LEME','MG'),(3140803,'MATIAS BARBOSA','MG'),(3140852,'MATIAS CARDOSO','MG'),(3140902,'MATIPO','MG'),(3141009,'MATO VERDE','MG'),(3141108,'MATOZINHOS','MG'),(3141207,'MATUTINA','MG'),(3141306,'MEDEIROS','MG'),(3141405,'MEDINA','MG'),(3141504,'MENDES PIMENTEL','MG'),(3141603,'MERCES','MG'),(3141702,'MESQUITA','MG'),(3141801,'MINAS NOVAS','MG'),(3141900,'MINDURI','MG'),(3142007,'MIRABELA','MG'),(3142106,'MIRADOURO','MG'),(3142205,'MIRAI','MG'),(3142254,'MIRAVANIA','MG'),(3142304,'MOEDA','MG'),(3142403,'MOEMA','MG'),(3142502,'MONJOLOS','MG'),(3142601,'MONSENHOR PAULO','MG'),(3142700,'MONTALVANIA','MG'),(3142809,'MONTE ALEGRE DE MINAS','MG'),(3142908,'MONTE AZUL','MG'),(3143005,'MONTE BELO','MG'),(3143104,'MONTE CARMELO','MG'),(3143153,'MONTE FORMOSO','MG'),(3143203,'MONTE SANTO DE MINAS','MG'),(3143302,'MONTES CLAROS','MG'),(3143401,'MONTE SIAO','MG'),(3143450,'MONTEZUMA','MG'),(3143500,'MORADA NOVA DE MINAS','MG'),(3143609,'MORRO DA GARCA','MG'),(3143708,'MORRO DO PILAR','MG'),(3143807,'MUNHOZ','MG'),(3143906,'MURIAE','MG'),(3144003,'MUTUM','MG'),(3144102,'MUZAMBINHO','MG'),(3144201,'NACIP RAYDAN','MG'),(3144300,'NANUQUE','MG'),(3144359,'NAQUE','MG'),(3144375,'NATALANDIA','MG'),(3144409,'NATERCIA','MG'),(3144508,'NAZARENO','MG'),(3144607,'NEPOMUCENO','MG'),(3144656,'NINHEIRA','MG'),(3144672,'NOVA BELEM','MG'),(3144706,'NOVA ERA','MG'),(3144805,'NOVA LIMA','MG'),(3144904,'NOVA MODICA','MG'),(3145000,'NOVA PONTE','MG'),(3145059,'NOVA PORTEIRINHA','MG'),(3145109,'NOVA RESENDE','MG'),(3145208,'NOVA SERRANA','MG'),(3145307,'NOVO CRUZEIRO','MG'),(3145356,'NOVO ORIENTE DE MINAS','MG'),(3145372,'NOVORIZONTE','MG'),(3145406,'OLARIA','MG'),(3145455,'OLHOS-D\'AGUA','MG'),(3145505,'OLIMPIO NORONHA','MG'),(3145604,'OLIVEIRA','MG'),(3145703,'OLIVEIRA FORTES','MG'),(3145802,'ONCA DE PITANGUI','MG'),(3145851,'ORATORIOS','MG'),(3145877,'ORIZANIA','MG'),(3145901,'OURO BRANCO','MG'),(3146008,'OURO FINO','MG'),(3146107,'OURO PRETO','MG'),(3146206,'OURO VERDE DE MINAS','MG'),(3146255,'PADRE CARVALHO','MG'),(3146305,'PADRE PARAISO','MG'),(3146404,'PAINEIRAS','MG'),(3146503,'PAINS','MG'),(3146552,'PAI PEDRO','MG'),(3146602,'PAIVA','MG'),(3146701,'PALMA','MG'),(3146750,'PALMOPOLIS','MG'),(3146909,'PAPAGAIOS','MG'),(3147006,'PARACATU','MG'),(3147105,'PARA DE MINAS','MG'),(3147204,'PARAGUACU','MG'),(3147303,'PARAISOPOLIS','MG'),(3147402,'PARAOPEBA','MG'),(3147501,'PASSABEM','MG'),(3147600,'PASSA QUATRO','MG'),(3147709,'PASSA TEMPO','MG'),(3147808,'PASSA-VINTE','MG'),(3147907,'PASSOS','MG'),(3147956,'PATIS','MG'),(3148004,'PATOS DE MINAS','MG'),(3148103,'PATROCINIO','MG'),(3148202,'PATROCINIO DO MURIAE','MG'),(3148301,'PAULA CANDIDO','MG'),(3148400,'PAULISTAS','MG'),(3148509,'PAVAO','MG'),(3148608,'PECANHA','MG'),(3148707,'PEDRA AZUL','MG'),(3148756,'PEDRA BONITA','MG'),(3148806,'PEDRA DO ANTA','MG'),(3148905,'PEDRA DO INDAIA','MG'),(3149002,'PEDRA DOURADA','MG'),(3149101,'PEDRALVA','MG'),(3149150,'PEDRAS DE MARIA DA CRUZ','MG'),(3149200,'PEDRINOPOLIS','MG'),(3149309,'PEDRO LEOPOLDO','MG'),(3149408,'PEDRO TEIXEIRA','MG'),(3149507,'PEQUERI','MG'),(3149606,'PEQUI','MG'),(3149705,'PERDIGAO','MG'),(3149804,'PERDIZES','MG'),(3149903,'PERDOES','MG'),(3149952,'PERIQUITO','MG'),(3150000,'PESCADOR','MG'),(3150109,'PIAU','MG'),(3150158,'PIEDADE DE CARATINGA','MG'),(3150208,'PIEDADE DE PONTE NOVA','MG'),(3150307,'PIEDADE DO RIO GRANDE','MG'),(3150406,'PIEDADE DOS GERAIS','MG'),(3150505,'PIMENTA','MG'),(3150539,'PINGO-D\'AGUA','MG'),(3150570,'PINTOPOLIS','MG'),(3150604,'PIRACEMA','MG'),(3150703,'PIRAJUBA','MG'),(3150802,'PIRANGA','MG'),(3150901,'PIRANGUCU','MG'),(3151008,'PIRANGUINHO','MG'),(3151107,'PIRAPETINGA','MG'),(3151206,'PIRAPORA','MG'),(3151305,'PIRAUBA','MG'),(3151404,'PITANGUI','MG'),(3151503,'PIUMHI','MG'),(3151602,'PLANURA','MG'),(3151701,'POCO FUNDO','MG'),(3151800,'POCOS DE CALDAS','MG'),(3151909,'POCRANE','MG'),(3152006,'POMPEU','MG'),(3152105,'PONTE NOVA','MG'),(3152131,'PONTO CHIQUE','MG'),(3152170,'PONTO DOS VOLANTES','MG'),(3152204,'PORTEIRINHA','MG'),(3152303,'PORTO FIRME','MG'),(3152402,'POTE','MG'),(3152501,'POUSO ALEGRE','MG'),(3152600,'POUSO ALTO','MG'),(3152709,'PRADOS','MG'),(3152808,'PRATA','MG'),(3152907,'PRATAPOLIS','MG'),(3153004,'PRATINHA','MG'),(3153103,'PRESIDENTE BERNARDES','MG'),(3153202,'PRESIDENTE JUSCELINO','MG'),(3153301,'PRESIDENTE KUBITSCHEK','MG'),(3153400,'PRESIDENTE OLEGARIO','MG'),(3153509,'ALTO JEQUITIBA','MG'),(3153608,'PRUDENTE DE MORAIS','MG'),(3153707,'QUARTEL GERAL','MG'),(3153806,'QUELUZITO','MG'),(3153905,'RAPOSOS','MG'),(3154002,'RAUL SOARES','MG'),(3154101,'RECREIO','MG'),(3154150,'REDUTO','MG'),(3154200,'RESENDE COSTA','MG'),(3154309,'RESPLENDOR','MG'),(3154408,'RESSAQUINHA','MG'),(3154457,'RIACHINHO','MG'),(3154507,'RIACHO DOS MACHADOS','MG'),(3154606,'RIBEIRAO DAS NEVES','MG'),(3154705,'RIBEIRAO VERMELHO','MG'),(3154804,'RIO ACIMA','MG'),(3154903,'RIO CASCA','MG'),(3155009,'RIO DOCE','MG'),(3155108,'RIO DO PRADO','MG'),(3155207,'RIO ESPERA','MG'),(3155306,'RIO MANSO','MG'),(3155405,'RIO NOVO','MG'),(3155504,'RIO PARANAIBA','MG'),(3155603,'RIO PARDO DE MINAS','MG'),(3155702,'RIO PIRACICABA','MG'),(3155801,'RIO POMBA','MG'),(3155900,'RIO PRETO','MG'),(3156007,'RIO VERMELHO','MG'),(3156106,'RITAPOLIS','MG'),(3156205,'ROCHEDO DE MINAS','MG'),(3156304,'RODEIRO','MG'),(3156403,'ROMARIA','MG'),(3156452,'ROSARIO DA LIMEIRA','MG'),(3156502,'RUBELITA','MG'),(3156601,'RUBIM','MG'),(3156700,'SABARA','MG'),(3156809,'SABINOPOLIS','MG'),(3156908,'SACRAMENTO','MG'),(3157005,'SALINAS','MG'),(3157104,'SALTO DA DIVISA','MG'),(3157203,'SANTA BARBARA','MG'),(3157252,'SANTA BARBARA DO LESTE','MG'),(3157278,'SANTA BARBARA DO MONTE VERDE','MG'),(3157302,'SANTA BARBARA DO TUGURIO','MG'),(3157336,'SANTA CRUZ DE MINAS','MG'),(3157377,'SANTA CRUZ DE SALINAS','MG'),(3157401,'SANTA CRUZ DO ESCALVADO','MG'),(3157500,'SANTA EFIGENIA DE MINAS','MG'),(3157609,'SANTA FE DE MINAS','MG'),(3157658,'SANTA HELENA DE MINAS','MG'),(3157708,'SANTA JULIANA','MG'),(3157807,'SANTA LUZIA','MG'),(3157906,'SANTA MARGARIDA','MG'),(3158003,'SANTA MARIA DE ITABIRA','MG'),(3158102,'SANTA MARIA DO SALTO','MG'),(3158201,'SANTA MARIA DO SUACUI','MG'),(3158300,'SANTANA DA VARGEM','MG'),(3158409,'SANTANA DE CATAGUASES','MG'),(3158508,'SANTANA DE PIRAPAMA','MG'),(3158607,'SANTANA DO DESERTO','MG'),(3158706,'SANTANA DO GARAMBEU','MG'),(3158805,'SANTANA DO JACARE','MG'),(3158904,'SANTANA DO MANHUACU','MG'),(3158953,'SANTANA DO PARAISO','MG'),(3159001,'SANTANA DO RIACHO','MG'),(3159100,'SANTANA DOS MONTES','MG'),(3159209,'SANTA RITA DE CALDAS','MG'),(3159308,'SANTA RITA DE JACUTINGA','MG'),(3159357,'SANTA RITA DE MINAS','MG'),(3159407,'SANTA RITA DE IBITIPOCA','MG'),(3159506,'SANTA RITA DO ITUETO','MG'),(3159605,'SANTA RITA DO SAPUCAI','MG'),(3159704,'SANTA ROSA DA SERRA','MG'),(3159803,'SANTA VITORIA','MG'),(3159902,'SANTO ANTONIO DO AMPARO','MG'),(3160009,'SANTO ANTONIO DO AVENTUREIRO','MG'),(3160108,'SANTO ANTONIO DO GRAMA','MG'),(3160207,'SANTO ANTONIO DO ITAMBE','MG'),(3160306,'SANTO ANTONIO DO JACINTO','MG'),(3160405,'SANTO ANTONIO DO MONTE','MG'),(3160454,'SANTO ANTONIO DO RETIRO','MG'),(3160504,'SANTO ANTONIO DO RIO ABAIXO','MG'),(3160603,'SANTO HIPOLITO','MG'),(3160702,'SANTOS DUMONT','MG'),(3160801,'SAO BENTO ABADE','MG'),(3160900,'SAO BRAS DO SUACUI','MG'),(3160959,'SAO DOMINGOS DAS DORES','MG'),(3161007,'SAO DOMINGOS DO PRATA','MG'),(3161056,'SAO FELIX DE MINAS','MG'),(3161106,'SAO FRANCISCO','MG'),(3161205,'SAO FRANCISCO DE PAULA','MG'),(3161304,'SAO FRANCISCO DE SALES','MG'),(3161403,'SAO FRANCISCO DO GLORIA','MG'),(3161502,'SAO GERALDO','MG'),(3161601,'SAO GERALDO DA PIEDADE','MG'),(3161650,'SAO GERALDO DO BAIXIO','MG'),(3161700,'SAO GONCALO DO ABAETE','MG'),(3161809,'SAO GONCALO DO PARA','MG'),(3161908,'SAO GONCALO DO RIO ABAIXO','MG'),(3162005,'SAO GONCALO DO SAPUCAI','MG'),(3162104,'SAO GOTARDO','MG'),(3162203,'SAO JOAO BATISTA DO GLORIA','MG'),(3162252,'SAO JOAO DA LAGOA','MG'),(3162302,'SAO JOAO DA MATA','MG'),(3162401,'SAO JOAO DA PONTE','MG'),(3162450,'SAO JOAO DAS MISSOES','MG'),(3162500,'SAO JOAO DEL REI','MG'),(3162559,'SAO JOAO DO MANHUACU','MG'),(3162575,'SAO JOAO DO MANTENINHA','MG'),(3162609,'SAO JOAO DO ORIENTE','MG'),(3162658,'SAO JOAO DO PACUI','MG'),(3162708,'SAO JOAO DO PARAISO','MG'),(3162807,'SAO JOAO EVANGELISTA','MG'),(3162906,'SAO JOAO NEPOMUCENO','MG'),(3162922,'SAO JOAQUIM DE BICAS','MG'),(3162948,'SAO JOSE DA BARRA','MG'),(3162955,'SAO JOSE DA LAPA','MG'),(3163003,'SAO JOSE DA SAFIRA','MG'),(3163102,'SAO JOSE DA VARGINHA','MG'),(3163201,'SAO JOSE DO ALEGRE','MG'),(3163300,'SAO JOSE DO DIVINO','MG'),(3163409,'SAO JOSE DO GOIABAL','MG'),(3163508,'SAO JOSE DO JACURI','MG'),(3163607,'SAO JOSE DO MANTIMENTO','MG'),(3163706,'SAO LOURENCO','MG'),(3163805,'SAO MIGUEL DO ANTA','MG'),(3163904,'SAO PEDRO DA UNIAO','MG'),(3164001,'SAO PEDRO DOS FERROS','MG'),(3164100,'SAO PEDRO DO SUACUI','MG'),(3164209,'SAO ROMAO','MG'),(3164308,'SAO ROQUE DE MINAS','MG'),(3164407,'SAO SEBASTIAO DA BELA VISTA','MG'),(3164431,'SAO SEBASTIAO DA VARGEM ALEGRE','MG'),(3164472,'SAO SEBASTIAO DO ANTA','MG'),(3164506,'SAO SEBASTIAO DO MARANHAO','MG'),(3164605,'SAO SEBASTIAO DO OESTE','MG'),(3164704,'SAO SEBASTIAO DO PARAISO','MG'),(3164803,'SAO SEBASTIAO DO RIO PRETO','MG'),(3164902,'SAO SEBASTIAO DO RIO VERDE','MG'),(3165008,'SAO TIAGO','MG'),(3165107,'SAO TOMAS DE AQUINO','MG'),(3165206,'SAO THOME DAS LETRAS','MG'),(3165305,'SAO VICENTE DE MINAS','MG'),(3165404,'SAPUCAI-MIRIM','MG'),(3165503,'SARDOA','MG'),(3165537,'SARZEDO','MG'),(3165552,'SETUBINHA','MG'),(3165560,'SEM-PEIXE','MG'),(3165578,'SENADOR AMARAL','MG'),(3165602,'SENADOR CORTES','MG'),(3165701,'SENADOR FIRMINO','MG'),(3165800,'SENADOR JOSE BENTO','MG'),(3165909,'SENADOR MODESTINO GONCALVES','MG'),(3166006,'SENHORA DE OLIVEIRA','MG'),(3166105,'SENHORA DO PORTO','MG'),(3166204,'SENHORA DOS REMEDIOS','MG'),(3166303,'SERICITA','MG'),(3166402,'SERITINGA','MG'),(3166501,'SERRA AZUL DE MINAS','MG'),(3166600,'SERRA DA SAUDADE','MG'),(3166709,'SERRA DOS AIMORES','MG'),(3166808,'SERRA DO SALITRE','MG'),(3166907,'SERRANIA','MG'),(3166956,'SERRANOPOLIS DE MINAS','MG'),(3167004,'SERRANOS','MG'),(3167103,'SERRO','MG'),(3167202,'SETE LAGOAS','MG'),(3167301,'SILVEIRANIA','MG'),(3167400,'SILVIANOPOLIS','MG'),(3167509,'SIMAO PEREIRA','MG'),(3167608,'SIMONESIA','MG'),(3167707,'SOBRALIA','MG'),(3167806,'SOLEDADE DE MINAS','MG'),(3167905,'TABULEIRO','MG'),(3168002,'TAIOBEIRAS','MG'),(3168051,'TAPARUBA','MG'),(3168101,'TAPIRA','MG'),(3168200,'TAPIRAI','MG'),(3168309,'TAQUARACU DE MINAS','MG'),(3168408,'TARUMIRIM','MG'),(3168507,'TEIXEIRAS','MG'),(3168606,'TEOFILO OTONI','MG'),(3168705,'TIMOTEO','MG'),(3168804,'TIRADENTES','MG'),(3168903,'TIROS','MG'),(3169000,'TOCANTINS','MG'),(3169059,'TOCOS DO MOJI','MG'),(3169109,'TOLEDO','MG'),(3169208,'TOMBOS','MG'),(3169307,'TRES CORACOES','MG'),(3169356,'TRES MARIAS','MG'),(3169406,'TRES PONTAS','MG'),(3169505,'TUMIRITINGA','MG'),(3169604,'TUPACIGUARA','MG'),(3169703,'TURMALINA','MG'),(3169802,'TURVOLANDIA','MG'),(3169901,'UBA','MG'),(3170008,'UBAI','MG'),(3170057,'UBAPORANGA','MG'),(3170107,'UBERABA','MG'),(3170206,'UBERLANDIA','MG'),(3170305,'UMBURATIBA','MG'),(3170404,'UNAI','MG'),(3170438,'UNIAO DE MINAS','MG'),(3170479,'URUANA DE MINAS','MG'),(3170503,'URUCANIA','MG'),(3170529,'URUCUIA','MG'),(3170578,'VARGEM ALEGRE','MG'),(3170602,'VARGEM BONITA','MG'),(3170651,'VARGEM GRANDE DO RIO PARDO','MG'),(3170701,'VARGINHA','MG'),(3170750,'VARJAO DE MINAS','MG'),(3170800,'VARZEA DA PALMA','MG'),(3170909,'VARZELANDIA','MG'),(3171006,'VAZANTE','MG'),(3171030,'VERDELANDIA','MG'),(3171071,'VEREDINHA','MG'),(3171105,'VERISSIMO','MG'),(3171154,'VERMELHO NOVO','MG'),(3171204,'VESPASIANO','MG'),(3171303,'VICOSA','MG'),(3171402,'VIEIRAS','MG'),(3171501,'MATHIAS LOBATO','MG'),(3171600,'VIRGEM DA LAPA','MG'),(3171709,'VIRGINIA','MG'),(3171808,'VIRGINOPOLIS','MG'),(3171907,'VIRGOLANDIA','MG'),(3172004,'VISCONDE DO RIO BRANCO','MG'),(3172103,'VOLTA GRANDE','MG'),(3172202,'WENCESLAU BRAZ','MG'),(3200102,'AFONSO CLAUDIO','ES'),(3200136,'AGUIA BRANCA','ES'),(3200169,'AGUA DOCE DO NORTE','ES'),(3200201,'ALEGRE','ES'),(3200300,'ALFREDO CHAVES','ES'),(3200359,'ALTO RIO NOVO','ES'),(3200409,'ANCHIETA','ES'),(3200508,'APIACA','ES'),(3200607,'ARACRUZ','ES'),(3200706,'ATILIO VIVACQUA','ES'),(3200805,'BAIXO GUANDU','ES'),(3200904,'BARRA DE SAO FRANCISCO','ES'),(3201001,'BOA ESPERANCA','ES'),(3201100,'BOM JESUS DO NORTE','ES'),(3201159,'BREJETUBA','ES'),(3201209,'CACHOEIRO DE ITAPEMIRIM','ES'),(3201308,'CARIACICA','ES'),(3201407,'CASTELO','ES'),(3201506,'COLATINA','ES'),(3201605,'CONCEICAO DA BARRA','ES'),(3201704,'CONCEICAO DO CASTELO','ES'),(3201803,'DIVINO DE SAO LOURENCO','ES'),(3201902,'DOMINGOS MARTINS','ES'),(3202009,'DORES DO RIO PRETO','ES'),(3202108,'ECOPORANGA','ES'),(3202207,'FUNDAO','ES'),(3202256,'GOVERNADOR LINDENBERG','ES'),(3202306,'GUACUI','ES'),(3202405,'GUARAPARI','ES'),(3202454,'IBATIBA','ES'),(3202504,'IBIRACU','ES'),(3202553,'IBITIRAMA','ES'),(3202603,'ICONHA','ES'),(3202652,'IRUPI','ES'),(3202702,'ITAGUACU','ES'),(3202801,'ITAPEMIRIM','ES'),(3202900,'ITARANA','ES'),(3203007,'IUNA','ES'),(3203056,'JAGUARE','ES'),(3203106,'JERONIMO MONTEIRO','ES'),(3203130,'JOAO NEIVA','ES'),(3203163,'LARANJA DA TERRA','ES'),(3203205,'LINHARES','ES'),(3203304,'MANTENOPOLIS','ES'),(3203320,'MARATAIZES','ES'),(3203346,'MARECHAL FLORIANO','ES'),(3203353,'MARILANDIA','ES'),(3203403,'MIMOSO DO SUL','ES'),(3203502,'MONTANHA','ES'),(3203601,'MUCURICI','ES'),(3203700,'MUNIZ FREIRE','ES'),(3203809,'MUQUI','ES'),(3203908,'NOVA VENECIA','ES'),(3204005,'PANCAS','ES'),(3204054,'PEDRO CANARIO','ES'),(3204104,'PINHEIROS','ES'),(3204203,'PIUMA','ES'),(3204252,'PONTO BELO','ES'),(3204302,'PRESIDENTE KENNEDY','ES'),(3204351,'RIO BANANAL','ES'),(3204401,'RIO NOVO DO SUL','ES'),(3204500,'SANTA LEOPOLDINA','ES'),(3204559,'SANTA MARIA DE JETIBA','ES'),(3204609,'SANTA TERESA','ES'),(3204658,'SAO DOMINGOS DO NORTE','ES'),(3204708,'SAO GABRIEL DA PALHA','ES'),(3204807,'SAO JOSE DO CALCADO','ES'),(3204906,'SAO MATEUS','ES'),(3204955,'SAO ROQUE DO CANAA','ES'),(3205002,'SERRA','ES'),(3205010,'SOORETAMA','ES'),(3205036,'VARGEM ALTA','ES'),(3205069,'VENDA NOVA DO IMIGRANTE','ES'),(3205101,'VIANA','ES'),(3205150,'VILA PAVAO','ES'),(3205176,'VILA VALERIO','ES'),(3205200,'VILA VELHA','ES'),(3205309,'VITORIA','ES'),(3300100,'ANGRA DOS REIS','RJ'),(3300159,'APERIBE','RJ'),(3300209,'ARARUAMA','RJ'),(3300225,'AREAL','RJ'),(3300233,'ARMACAO DOS BUZIOS','RJ'),(3300258,'ARRAIAL DO CABO','RJ'),(3300308,'BARRA DO PIRAI','RJ'),(3300407,'BARRA MANSA','RJ'),(3300456,'BELFORD ROXO','RJ'),(3300506,'BOM JARDIM','RJ'),(3300605,'BOM JESUS DO ITABAPOANA','RJ'),(3300704,'CABO FRIO','RJ'),(3300803,'CACHOEIRAS DE MACACU','RJ'),(3300902,'CAMBUCI','RJ'),(3300936,'CARAPEBUS','RJ'),(3300951,'COMENDADOR LEVY GASPARIAN','RJ'),(3301009,'CAMPOS DOS GOYTACAZES','RJ'),(3301108,'CANTAGALO','RJ'),(3301157,'CARDOSO MOREIRA','RJ'),(3301207,'CARMO','RJ'),(3301306,'CASIMIRO DE ABREU','RJ'),(3301405,'CONCEICAO DE MACABU','RJ'),(3301504,'CORDEIRO','RJ'),(3301603,'DUAS BARRAS','RJ'),(3301702,'DUQUE DE CAXIAS','RJ'),(3301801,'ENGENHEIRO PAULO DE FRONTIN','RJ'),(3301850,'GUAPIMIRIM','RJ'),(3301876,'IGUABA GRANDE','RJ'),(3301900,'ITABORAI','RJ'),(3302007,'ITAGUAI','RJ'),(3302056,'ITALVA','RJ'),(3302106,'ITAOCARA','RJ'),(3302205,'ITAPERUNA','RJ'),(3302254,'ITATIAIA','RJ'),(3302270,'JAPERI','RJ'),(3302304,'LAJE DO MURIAE','RJ'),(3302403,'MACAE','RJ'),(3302452,'MACUCO','RJ'),(3302502,'MAGE','RJ'),(3302601,'MANGARATIBA','RJ'),(3302700,'MARICA','RJ'),(3302809,'MENDES','RJ'),(3302858,'MESQUITA','RJ'),(3302908,'MIGUEL PEREIRA','RJ'),(3303005,'MIRACEMA','RJ'),(3303104,'NATIVIDADE','RJ'),(3303203,'NILOPOLIS','RJ'),(3303302,'NITEROI','RJ'),(3303401,'NOVA FRIBURGO','RJ'),(3303500,'NOVA IGUACU','RJ'),(3303609,'PARACAMBI','RJ'),(3303708,'PARAIBA DO SUL','RJ'),(3303807,'PARATI','RJ'),(3303856,'PATY DO ALFERES','RJ'),(3303906,'PETROPOLIS','RJ'),(3303955,'PINHEIRAL','RJ'),(3304003,'PIRAI','RJ'),(3304102,'PORCIUNCULA','RJ'),(3304110,'PORTO REAL','RJ'),(3304128,'QUATIS','RJ'),(3304144,'QUEIMADOS','RJ'),(3304151,'QUISSAMA','RJ'),(3304201,'RESENDE','RJ'),(3304300,'RIO BONITO','RJ'),(3304409,'RIO CLARO','RJ'),(3304508,'RIO DAS FLORES','RJ'),(3304524,'RIO DAS OSTRAS','RJ'),(3304557,'RIO DE JANEIRO','RJ'),(3304607,'SANTA MARIA MADALENA','RJ'),(3304706,'SANTO ANTONIO DE PADUA','RJ'),(3304755,'SAO FRANCISCO DE ITABAPOANA','RJ'),(3304805,'SAO FIDELIS','RJ'),(3304904,'SAO GONCALO','RJ'),(3305000,'SAO JOAO DA BARRA','RJ'),(3305109,'SAO JOAO DE MERITI','RJ'),(3305133,'SAO JOSE DE UBA','RJ'),(3305158,'SAO JOSE DO VALE DO RIO PRETO','RJ'),(3305208,'SAO PEDRO DA ALDEIA','RJ'),(3305307,'SAO SEBASTIAO DO ALTO','RJ'),(3305406,'SAPUCAIA','RJ'),(3305505,'SAQUAREMA','RJ'),(3305554,'SEROPEDICA','RJ'),(3305604,'SILVA JARDIM','RJ'),(3305703,'SUMIDOURO','RJ'),(3305752,'TANGUA','RJ'),(3305802,'TERESOPOLIS','RJ'),(3305901,'TRAJANO DE MORAIS','RJ'),(3306008,'TRES RIOS','RJ'),(3306107,'VALENCA','RJ'),(3306156,'VARRE-SAI','RJ'),(3306206,'VASSOURAS','RJ'),(3306305,'VOLTA REDONDA','RJ'),(3500105,'ADAMANTINA','SP'),(3500204,'ADOLFO','SP'),(3500303,'AGUAI','SP'),(3500402,'AGUAS DA PRATA','SP'),(3500501,'AGUAS DE LINDOIA','SP'),(3500550,'AGUAS DE SANTA BARBARA','SP'),(3500600,'AGUAS DE SAO PEDRO','SP'),(3500709,'AGUDOS','SP'),(3500758,'ALAMBARI','SP'),(3500808,'ALFREDO MARCONDES','SP'),(3500907,'ALTAIR','SP'),(3501004,'ALTINOPOLIS','SP'),(3501103,'ALTO ALEGRE','SP'),(3501152,'ALUMINIO','SP'),(3501202,'ALVARES FLORENCE','SP'),(3501301,'ALVARES MACHADO','SP'),(3501400,'ALVARO DE CARVALHO','SP'),(3501509,'ALVINLANDIA','SP'),(3501608,'AMERICANA','SP'),(3501707,'AMERICO BRASILIENSE','SP'),(3501806,'AMERICO DE CAMPOS','SP'),(3501905,'AMPARO','SP'),(3502002,'ANALANDIA','SP'),(3502101,'ANDRADINA','SP'),(3502200,'ANGATUBA','SP'),(3502309,'ANHEMBI','SP'),(3502408,'ANHUMAS','SP'),(3502507,'APARECIDA','SP'),(3502606,'APARECIDA D\'OESTE','SP'),(3502705,'APIAI','SP'),(3502754,'ARACARIGUAMA','SP'),(3502804,'ARACATUBA','SP'),(3502903,'ARACOIABA DA SERRA','SP'),(3503000,'ARAMINA','SP'),(3503109,'ARANDU','SP'),(3503158,'ARAPEI','SP'),(3503208,'ARARAQUARA','SP'),(3503307,'ARARAS','SP'),(3503356,'ARCO-IRIS','SP'),(3503406,'AREALVA','SP'),(3503505,'AREIAS','SP'),(3503604,'AREIOPOLIS','SP'),(3503703,'ARIRANHA','SP'),(3503802,'ARTUR NOGUEIRA','SP'),(3503901,'ARUJA','SP'),(3503950,'ASPASIA','SP'),(3504008,'ASSIS','SP'),(3504107,'ATIBAIA','SP'),(3504206,'AURIFLAMA','SP'),(3504305,'AVAI','SP'),(3504404,'AVANHANDAVA','SP'),(3504503,'AVARE','SP'),(3504602,'BADY BASSITT','SP'),(3504701,'BALBINOS','SP'),(3504800,'BALSAMO','SP'),(3504909,'BANANAL','SP'),(3505005,'BARAO DE ANTONINA','SP'),(3505104,'BARBOSA','SP'),(3505203,'BARIRI','SP'),(3505302,'BARRA BONITA','SP'),(3505351,'BARRA DO CHAPEU','SP'),(3505401,'BARRA DO TURVO','SP'),(3505500,'BARRETOS','SP'),(3505609,'BARRINHA','SP'),(3505708,'BARUERI','SP'),(3505807,'BASTOS','SP'),(3505906,'BATATAIS','SP'),(3506003,'BAURU','SP'),(3506102,'BEBEDOURO','SP'),(3506201,'BENTO DE ABREU','SP'),(3506300,'BERNARDINO DE CAMPOS','SP'),(3506359,'BERTIOGA','SP'),(3506409,'BILAC','SP'),(3506508,'BIRIGUI','SP'),(3506607,'BIRITIBA-MIRIM','SP'),(3506706,'BOA ESPERANCA DO SUL','SP'),(3506805,'BOCAINA','SP'),(3506904,'BOFETE','SP'),(3507001,'BOITUVA','SP'),(3507100,'BOM JESUS DOS PERDOES','SP'),(3507159,'BOM SUCESSO DE ITARARE','SP'),(3507209,'BORA','SP'),(3507308,'BORACEIA','SP'),(3507407,'BORBOREMA','SP'),(3507456,'BOREBI','SP'),(3507506,'BOTUCATU','SP'),(3507605,'BRAGANCA PAULISTA','SP'),(3507704,'BRAUNA','SP'),(3507753,'BREJO ALEGRE','SP'),(3507803,'BRODOWSKI','SP'),(3507902,'BROTAS','SP'),(3508009,'BURI','SP'),(3508108,'BURITAMA','SP'),(3508207,'BURITIZAL','SP'),(3508306,'CABRALIA PAULISTA','SP'),(3508405,'CABREUVA','SP'),(3508504,'CACAPAVA','SP'),(3508603,'CACHOEIRA PAULISTA','SP'),(3508702,'CACONDE','SP'),(3508801,'CAFELANDIA','SP'),(3508900,'CAIABU','SP'),(3509007,'CAIEIRAS','SP'),(3509106,'CAIUA','SP'),(3509205,'CAJAMAR','SP'),(3509254,'CAJATI','SP'),(3509304,'CAJOBI','SP'),(3509403,'CAJURU','SP'),(3509452,'CAMPINA DO MONTE ALEGRE','SP'),(3509502,'CAMPINAS','SP'),(3509601,'CAMPO LIMPO PAULISTA','SP'),(3509700,'CAMPOS DO JORDAO','SP'),(3509809,'CAMPOS NOVOS PAULISTA','SP'),(3509908,'CANANEIA','SP'),(3509957,'CANAS','SP'),(3510005,'CANDIDO MOTA','SP'),(3510104,'CANDIDO RODRIGUES','SP'),(3510153,'CANITAR','SP'),(3510203,'CAPAO BONITO','SP'),(3510302,'CAPELA DO ALTO','SP'),(3510401,'CAPIVARI','SP'),(3510500,'CARAGUATATUBA','SP'),(3510609,'CARAPICUIBA','SP'),(3510708,'CARDOSO','SP'),(3510807,'CASA BRANCA','SP'),(3510906,'CASSIA DOS COQUEIROS','SP'),(3511003,'CASTILHO','SP'),(3511102,'CATANDUVA','SP'),(3511201,'CATIGUA','SP'),(3511300,'CEDRAL','SP'),(3511409,'CERQUEIRA CESAR','SP'),(3511508,'CERQUILHO','SP'),(3511607,'CESARIO LANGE','SP'),(3511706,'CHARQUEADA','SP'),(3511904,'CLEMENTINA','SP'),(3512001,'COLINA','SP'),(3512100,'COLOMBIA','SP'),(3512209,'CONCHAL','SP'),(3512308,'CONCHAS','SP'),(3512407,'CORDEIROPOLIS','SP'),(3512506,'COROADOS','SP'),(3512605,'CORONEL MACEDO','SP'),(3512704,'CORUMBATAI','SP'),(3512803,'COSMOPOLIS','SP'),(3512902,'COSMORAMA','SP'),(3513009,'COTIA','SP'),(3513108,'CRAVINHOS','SP'),(3513207,'CRISTAIS PAULISTA','SP'),(3513306,'CRUZALIA','SP'),(3513405,'CRUZEIRO','SP'),(3513504,'CUBATAO','SP'),(3513603,'CUNHA','SP'),(3513702,'DESCALVADO','SP'),(3513801,'DIADEMA','SP'),(3513850,'DIRCE REIS','SP'),(3513900,'DIVINOLANDIA','SP'),(3514007,'DOBRADA','SP'),(3514106,'DOIS CORREGOS','SP'),(3514205,'DOLCINOPOLIS','SP'),(3514304,'DOURADO','SP'),(3514403,'DRACENA','SP'),(3514502,'DUARTINA','SP'),(3514601,'DUMONT','SP'),(3514700,'ECHAPORA','SP'),(3514809,'ELDORADO','SP'),(3514908,'ELIAS FAUSTO','SP'),(3514924,'ELISIARIO','SP'),(3514957,'EMBAUBA','SP'),(3515004,'EMBU','SP'),(3515103,'EMBU-GUACU','SP'),(3515129,'EMILIANOPOLIS','SP'),(3515152,'ENGENHEIRO COELHO','SP'),(3515186,'ESPIRITO SANTO DO PINHAL','SP'),(3515194,'ESPIRITO SANTO DO TURVO','SP'),(3515202,'ESTRELA D\'OESTE','SP'),(3515301,'ESTRELA DO NORTE','SP'),(3515350,'EUCLIDES DA CUNHA PAULISTA','SP'),(3515400,'FARTURA','SP'),(3515509,'FERNANDOPOLIS','SP'),(3515608,'FERNANDO PRESTES','SP'),(3515657,'FERNAO','SP'),(3515707,'FERRAZ DE VASCONCELOS','SP'),(3515806,'FLORA RICA','SP'),(3515905,'FLOREAL','SP'),(3516002,'FLORIDA PAULISTA','SP'),(3516101,'FLORINIA','SP'),(3516200,'FRANCA','SP'),(3516309,'FRANCISCO MORATO','SP'),(3516408,'FRANCO DA ROCHA','SP'),(3516507,'GABRIEL MONTEIRO','SP'),(3516606,'GALIA','SP'),(3516705,'GARCA','SP'),(3516804,'GASTAO VIDIGAL','SP'),(3516853,'GAVIAO PEIXOTO','SP'),(3516903,'GENERAL SALGADO','SP'),(3517000,'GETULINA','SP'),(3517109,'GLICERIO','SP'),(3517208,'GUAICARA','SP'),(3517307,'GUAIMBE','SP'),(3517406,'GUAIRA','SP'),(3517505,'GUAPIACU','SP'),(3517604,'GUAPIARA','SP'),(3517703,'GUARA','SP'),(3517802,'GUARACAI','SP'),(3517901,'GUARACI','SP'),(3518008,'GUARANI D\'OESTE','SP'),(3518107,'GUARANTA','SP'),(3518206,'GUARARAPES','SP'),(3518305,'GUARAREMA','SP'),(3518404,'GUARATINGUETA','SP'),(3518503,'GUAREI','SP'),(3518602,'GUARIBA','SP'),(3518701,'GUARUJA','SP'),(3518800,'GUARULHOS','SP'),(3518859,'GUATAPARA','SP'),(3518909,'GUZOLANDIA','SP'),(3519006,'HERCULANDIA','SP'),(3519055,'HOLAMBRA','SP'),(3519071,'HORTOLANDIA','SP'),(3519105,'IACANGA','SP'),(3519204,'IACRI','SP'),(3519253,'IARAS','SP'),(3519303,'IBATE','SP'),(3519402,'IBIRA','SP'),(3519501,'IBIRAREMA','SP'),(3519600,'IBITINGA','SP'),(3519709,'IBIUNA','SP'),(3519808,'ICEM','SP'),(3519907,'IEPE','SP'),(3520004,'IGARACU DO TIETE','SP'),(3520103,'IGARAPAVA','SP'),(3520202,'IGARATA','SP'),(3520301,'IGUAPE','SP'),(3520400,'ILHABELA','SP'),(3520426,'ILHA COMPRIDA','SP'),(3520442,'ILHA SOLTEIRA','SP'),(3520509,'INDAIATUBA','SP'),(3520608,'INDIANA','SP'),(3520707,'INDIAPORA','SP'),(3520806,'INUBIA PAULISTA','SP'),(3520905,'IPAUSSU','SP'),(3521002,'IPERO','SP'),(3521101,'IPEUNA','SP'),(3521150,'IPIGUA','SP'),(3521200,'IPORANGA','SP'),(3521309,'IPUA','SP'),(3521408,'IRACEMAPOLIS','SP'),(3521507,'IRAPUA','SP'),(3521606,'IRAPURU','SP'),(3521705,'ITABERA','SP'),(3521804,'ITAI','SP'),(3521903,'ITAJOBI','SP'),(3522000,'ITAJU','SP'),(3522109,'ITANHAEM','SP'),(3522158,'ITAOCA','SP'),(3522208,'ITAPECERICA DA SERRA','SP'),(3522307,'ITAPETININGA','SP'),(3522406,'ITAPEVA','SP'),(3522505,'ITAPEVI','SP'),(3522604,'ITAPIRA','SP'),(3522653,'ITAPIRAPUA PAULISTA','SP'),(3522703,'ITAPOLIS','SP'),(3522802,'ITAPORANGA','SP'),(3522901,'ITAPUI','SP'),(3523008,'ITAPURA','SP'),(3523107,'ITAQUAQUECETUBA','SP'),(3523206,'ITARARE','SP'),(3523305,'ITARIRI','SP'),(3523404,'ITATIBA','SP'),(3523503,'ITATINGA','SP'),(3523602,'ITIRAPINA','SP'),(3523701,'ITIRAPUA','SP'),(3523800,'ITOBI','SP'),(3523909,'ITU','SP'),(3524006,'ITUPEVA','SP'),(3524105,'ITUVERAVA','SP'),(3524204,'JABORANDI','SP'),(3524303,'JABOTICABAL','SP'),(3524402,'JACAREI','SP'),(3524501,'JACI','SP'),(3524600,'JACUPIRANGA','SP'),(3524709,'JAGUARIUNA','SP'),(3524808,'JALES','SP'),(3524907,'JAMBEIRO','SP'),(3525003,'JANDIRA','SP'),(3525102,'JARDINOPOLIS','SP'),(3525201,'JARINU','SP'),(3525300,'JAU','SP'),(3525409,'JERIQUARA','SP'),(3525508,'JOANOPOLIS','SP'),(3525607,'JOAO RAMALHO','SP'),(3525706,'JOSE BONIFACIO','SP'),(3525805,'JULIO MESQUITA','SP'),(3525854,'JUMIRIM','SP'),(3525904,'JUNDIAI','SP'),(3526001,'JUNQUEIROPOLIS','SP'),(3526100,'JUQUIA','SP'),(3526209,'JUQUITIBA','SP'),(3526308,'LAGOINHA','SP'),(3526407,'LARANJAL PAULISTA','SP'),(3526506,'LAVINIA','SP'),(3526605,'LAVRINHAS','SP'),(3526704,'LEME','SP'),(3526803,'LENCOIS PAULISTA','SP'),(3526902,'LIMEIRA','SP'),(3527009,'LINDOIA','SP'),(3527108,'LINS','SP'),(3527207,'LORENA','SP'),(3527256,'LOURDES','SP'),(3527306,'LOUVEIRA','SP'),(3527405,'LUCELIA','SP'),(3527504,'LUCIANOPOLIS','SP'),(3527603,'LUIS ANTONIO','SP'),(3527702,'LUIZIANIA','SP'),(3527801,'LUPERCIO','SP'),(3527900,'LUTECIA','SP'),(3528007,'MACATUBA','SP'),(3528106,'MACAUBAL','SP'),(3528205,'MACEDONIA','SP'),(3528304,'MAGDA','SP'),(3528403,'MAIRINQUE','SP'),(3528502,'MAIRIPORA','SP'),(3528601,'MANDURI','SP'),(3528700,'MARABA PAULISTA','SP'),(3528809,'MARACAI','SP'),(3528858,'MARAPOAMA','SP'),(3528908,'MARIAPOLIS','SP'),(3529005,'MARILIA','SP'),(3529104,'MARINOPOLIS','SP'),(3529203,'MARTINOPOLIS','SP'),(3529302,'MATAO','SP'),(3529401,'MAUA','SP'),(3529500,'MENDONCA','SP'),(3529609,'MERIDIANO','SP'),(3529658,'MESOPOLIS','SP'),(3529708,'MIGUELOPOLIS','SP'),(3529807,'MINEIROS DO TIETE','SP'),(3529906,'MIRACATU','SP'),(3530003,'MIRA ESTRELA','SP'),(3530102,'MIRANDOPOLIS','SP'),(3530201,'MIRANTE DO PARANAPANEMA','SP'),(3530300,'MIRASSOL','SP'),(3530409,'MIRASSOLANDIA','SP'),(3530508,'MOCOCA','SP'),(3530607,'MOGI DAS CRUZES','SP'),(3530706,'MOGI GUACU','SP'),(3530805,'MOJI MIRIM','SP'),(3530904,'MOMBUCA','SP'),(3531001,'MONCOES','SP'),(3531100,'MONGAGUA','SP'),(3531209,'MONTE ALEGRE DO SUL','SP'),(3531308,'MONTE ALTO','SP'),(3531407,'MONTE APRAZIVEL','SP'),(3531506,'MONTE AZUL PAULISTA','SP'),(3531605,'MONTE CASTELO','SP'),(3531704,'MONTEIRO LOBATO','SP'),(3531803,'MONTE MOR','SP'),(3531902,'MORRO AGUDO','SP'),(3532009,'MORUNGABA','SP'),(3532058,'MOTUCA','SP'),(3532108,'MURUTINGA DO SUL','SP'),(3532157,'NANTES','SP'),(3532207,'NARANDIBA','SP'),(3532306,'NATIVIDADE DA SERRA','SP'),(3532405,'NAZARE PAULISTA','SP'),(3532504,'NEVES PAULISTA','SP'),(3532603,'NHANDEARA','SP'),(3532702,'NIPOA','SP'),(3532801,'NOVA ALIANCA','SP'),(3532827,'NOVA CAMPINA','SP'),(3532843,'NOVA CANAA PAULISTA','SP'),(3532868,'NOVA CASTILHO','SP'),(3532900,'NOVA EUROPA','SP'),(3533007,'NOVA GRANADA','SP'),(3533106,'NOVA GUATAPORANGA','SP'),(3533205,'NOVA INDEPENDENCIA','SP'),(3533254,'NOVAIS','SP'),(3533304,'NOVA LUZITANIA','SP'),(3533403,'NOVA ODESSA','SP'),(3533502,'NOVO HORIZONTE','SP'),(3533601,'NUPORANGA','SP'),(3533700,'OCAUCU','SP'),(3533809,'OLEO','SP'),(3533908,'OLIMPIA','SP'),(3534005,'ONDA VERDE','SP'),(3534104,'ORIENTE','SP'),(3534203,'ORINDIUVA','SP'),(3534302,'ORLANDIA','SP'),(3534401,'OSASCO','SP'),(3534500,'OSCAR BRESSANE','SP'),(3534609,'OSVALDO CRUZ','SP'),(3534708,'OURINHOS','SP'),(3534757,'OUROESTE','SP'),(3534807,'OURO VERDE','SP'),(3534906,'PACAEMBU','SP'),(3535002,'PALESTINA','SP'),(3535101,'PALMARES PAULISTA','SP'),(3535200,'PALMEIRA D\'OESTE','SP'),(3535309,'PALMITAL','SP'),(3535408,'PANORAMA','SP'),(3535507,'PARAGUACU PAULISTA','SP'),(3535606,'PARAIBUNA','SP'),(3535705,'PARAISO','SP'),(3535804,'PARANAPANEMA','SP'),(3535903,'PARANAPUA','SP'),(3536000,'PARAPUA','SP'),(3536109,'PARDINHO','SP'),(3536208,'PARIQUERA-ACU','SP'),(3536257,'PARISI','SP'),(3536307,'PATROCINIO PAULISTA','SP'),(3536406,'PAULICEIA','SP'),(3536505,'PAULINIA','SP'),(3536570,'PAULISTANIA','SP'),(3536604,'PAULO DE FARIA','SP'),(3536703,'PEDERNEIRAS','SP'),(3536802,'PEDRA BELA','SP'),(3536901,'PEDRANOPOLIS','SP'),(3537008,'PEDREGULHO','SP'),(3537107,'PEDREIRA','SP'),(3537156,'PEDRINHAS PAULISTA','SP'),(3537206,'PEDRO DE TOLEDO','SP'),(3537305,'PENAPOLIS','SP'),(3537404,'PEREIRA BARRETO','SP'),(3537503,'PEREIRAS','SP'),(3537602,'PERUIBE','SP'),(3537701,'PIACATU','SP'),(3537800,'PIEDADE','SP'),(3537909,'PILAR DO SUL','SP'),(3538006,'PINDAMONHANGABA','SP'),(3538105,'PINDORAMA','SP'),(3538204,'PINHALZINHO','SP'),(3538303,'PIQUEROBI','SP'),(3538501,'PIQUETE','SP'),(3538600,'PIRACAIA','SP'),(3538709,'PIRACICABA','SP'),(3538808,'PIRAJU','SP'),(3538907,'PIRAJUI','SP'),(3539004,'PIRANGI','SP'),(3539103,'PIRAPORA DO BOM JESUS','SP'),(3539202,'PIRAPOZINHO','SP'),(3539301,'PIRASSUNUNGA','SP'),(3539400,'PIRATININGA','SP'),(3539509,'PITANGUEIRAS','SP'),(3539608,'PLANALTO','SP'),(3539707,'PLATINA','SP'),(3539806,'POA','SP'),(3539905,'POLONI','SP'),(3540002,'POMPEIA','SP'),(3540101,'PONGAI','SP'),(3540200,'PONTAL','SP'),(3540259,'PONTALINDA','SP'),(3540309,'PONTES GESTAL','SP'),(3540408,'POPULINA','SP'),(3540507,'PORANGABA','SP'),(3540606,'PORTO FELIZ','SP'),(3540705,'PORTO FERREIRA','SP'),(3540754,'POTIM','SP'),(3540804,'POTIRENDABA','SP'),(3540853,'PRACINHA','SP'),(3540903,'PRADOPOLIS','SP'),(3541000,'PRAIA GRANDE','SP'),(3541059,'PRATANIA','SP'),(3541109,'PRESIDENTE ALVES','SP'),(3541208,'PRESIDENTE BERNARDES','SP'),(3541307,'PRESIDENTE EPITACIO','SP'),(3541406,'PRESIDENTE PRUDENTE','SP'),(3541505,'PRESIDENTE VENCESLAU','SP'),(3541604,'PROMISSAO','SP'),(3541653,'QUADRA','SP'),(3541703,'QUATA','SP'),(3541802,'QUEIROZ','SP'),(3541901,'QUELUZ','SP'),(3542008,'QUINTANA','SP'),(3542107,'RAFARD','SP'),(3542206,'RANCHARIA','SP'),(3542305,'REDENCAO DA SERRA','SP'),(3542404,'REGENTE FEIJO','SP'),(3542503,'REGINOPOLIS','SP'),(3542602,'REGISTRO','SP'),(3542701,'RESTINGA','SP'),(3542800,'RIBEIRA','SP'),(3542909,'RIBEIRAO BONITO','SP'),(3543006,'RIBEIRAO BRANCO','SP'),(3543105,'RIBEIRAO CORRENTE','SP'),(3543204,'RIBEIRAO DO SUL','SP'),(3543238,'RIBEIRAO DOS INDIOS','SP'),(3543253,'RIBEIRAO GRANDE','SP'),(3543303,'RIBEIRAO PIRES','SP'),(3543402,'RIBEIRAO PRETO','SP'),(3543501,'RIVERSUL','SP'),(3543600,'RIFAINA','SP'),(3543709,'RINCAO','SP'),(3543808,'RINOPOLIS','SP'),(3543907,'RIO CLARO','SP'),(3544004,'RIO DAS PEDRAS','SP'),(3544103,'RIO GRANDE DA SERRA','SP'),(3544202,'RIOLANDIA','SP'),(3544251,'ROSANA','SP'),(3544301,'ROSEIRA','SP'),(3544400,'RUBIACEA','SP'),(3544509,'RUBINEIA','SP'),(3544608,'SABINO','SP'),(3544707,'SAGRES','SP'),(3544806,'SALES','SP'),(3544905,'SALES OLIVEIRA','SP'),(3545001,'SALESOPOLIS','SP'),(3545100,'SALMOURAO','SP'),(3545159,'SALTINHO','SP'),(3545209,'SALTO','SP'),(3545308,'SALTO DE PIRAPORA','SP'),(3545407,'SALTO GRANDE','SP'),(3545506,'SANDOVALINA','SP'),(3545605,'SANTA ADELIA','SP'),(3545704,'SANTA ALBERTINA','SP'),(3545803,'SANTA BARBARA D\'OESTE','SP'),(3546009,'SANTA BRANCA','SP'),(3546108,'SANTA CLARA D\'OESTE','SP'),(3546207,'SANTA CRUZ DA CONCEICAO','SP'),(3546256,'SANTA CRUZ DA ESPERANCA','SP'),(3546306,'SANTA CRUZ DAS PALMEIRAS','SP'),(3546405,'SANTA CRUZ DO RIO PARDO','SP'),(3546504,'SANTA ERNESTINA','SP'),(3546603,'SANTA FE DO SUL','SP'),(3546702,'SANTA GERTRUDES','SP'),(3546801,'SANTA ISABEL','SP'),(3546900,'SANTA LUCIA','SP'),(3547007,'SANTA MARIA DA SERRA','SP'),(3547106,'SANTA MERCEDES','SP'),(3547205,'SANTANA DA PONTE PENSA','SP'),(3547304,'SANTANA DE PARNAIBA','SP'),(3547403,'SANTA RITA D\'OESTE','SP'),(3547502,'SANTA RITA DO PASSA QUATRO','SP'),(3547601,'SANTA ROSA DE VITERBO','SP'),(3547650,'SANTA SALETE','SP'),(3547700,'SANTO ANASTACIO','SP'),(3547809,'SANTO ANDRE','SP'),(3547908,'SANTO ANTONIO DA ALEGRIA','SP'),(3548005,'SANTO ANTONIO DE POSSE','SP'),(3548054,'SANTO ANTONIO DO ARACANGUA','SP'),(3548104,'SANTO ANTONIO DO JARDIM','SP'),(3548203,'SANTO ANTONIO DO PINHAL','SP'),(3548302,'SANTO EXPEDITO','SP'),(3548401,'SANTOPOLIS DO AGUAPEI','SP'),(3548500,'SANTOS','SP'),(3548609,'SAO BENTO DO SAPUCAI','SP'),(3548708,'SAO BERNARDO DO CAMPO','SP'),(3548807,'SAO CAETANO DO SUL','SP'),(3548906,'SAO CARLOS','SP'),(3549003,'SAO FRANCISCO','SP'),(3549102,'SAO JOAO DA BOA VISTA','SP'),(3549201,'SAO JOAO DAS DUAS PONTES','SP'),(3549250,'SAO JOAO DE IRACEMA','SP'),(3549300,'SAO JOAO DO PAU D\'ALHO','SP'),(3549409,'SAO JOAQUIM DA BARRA','SP'),(3549508,'SAO JOSE DA BELA VISTA','SP'),(3549607,'SAO JOSE DO BARREIRO','SP'),(3549706,'SAO JOSE DO RIO PARDO','SP'),(3549805,'SAO JOSE DO RIO PRETO','SP'),(3549904,'SAO JOSE DOS CAMPOS','SP'),(3549953,'SAO LOURENCO DA SERRA','SP'),(3550001,'SAO LUIS DO PARAITINGA','SP'),(3550100,'SAO MANUEL','SP'),(3550209,'SAO MIGUEL ARCANJO','SP'),(3550308,'SAO PAULO','SP'),(3550407,'SAO PEDRO','SP'),(3550506,'SAO PEDRO DO TURVO','SP'),(3550605,'SAO ROQUE','SP'),(3550704,'SAO SEBASTIAO','SP'),(3550803,'SAO SEBASTIAO DA GRAMA','SP'),(3550902,'SAO SIMAO','SP'),(3551009,'SAO VICENTE','SP'),(3551108,'SARAPUI','SP'),(3551207,'SARUTAIA','SP'),(3551306,'SEBASTIANOPOLIS DO SUL','SP'),(3551405,'SERRA AZUL','SP'),(3551504,'SERRANA','SP'),(3551603,'SERRA NEGRA','SP'),(3551702,'SERTAOZINHO','SP'),(3551801,'SETE BARRAS','SP'),(3551900,'SEVERINIA','SP'),(3552007,'SILVEIRAS','SP'),(3552106,'SOCORRO','SP'),(3552205,'SOROCABA','SP'),(3552304,'SUD MENNUCCI','SP'),(3552403,'SUMARE','SP'),(3552502,'SUZANO','SP'),(3552551,'SUZANAPOLIS','SP'),(3552601,'TABAPUA','SP'),(3552700,'TABATINGA','SP'),(3552809,'TABOAO DA SERRA','SP'),(3552908,'TACIBA','SP'),(3553005,'TAGUAI','SP'),(3553104,'TAIACU','SP'),(3553203,'TAIUVA','SP'),(3553302,'TAMBAU','SP'),(3553401,'TANABI','SP'),(3553500,'TAPIRAI','SP'),(3553609,'TAPIRATIBA','SP'),(3553658,'TAQUARAL','SP'),(3553708,'TAQUARITINGA','SP'),(3553807,'TAQUARITUBA','SP'),(3553856,'TAQUARIVAI','SP'),(3553906,'TARABAI','SP'),(3553955,'TARUMA','SP'),(3554003,'TATUI','SP'),(3554102,'TAUBATE','SP'),(3554201,'TEJUPA','SP'),(3554300,'TEODORO SAMPAIO','SP'),(3554409,'TERRA ROXA','SP'),(3554508,'TIETE','SP'),(3554607,'TIMBURI','SP'),(3554656,'TORRE DE PEDRA','SP'),(3554706,'TORRINHA','SP'),(3554755,'TRABIJU','SP'),(3554805,'TREMEMBE','SP'),(3554904,'TRES FRONTEIRAS','SP'),(3554953,'TUIUTI','SP'),(3555000,'TUPA','SP'),(3555109,'TUPI PAULISTA','SP'),(3555208,'TURIUBA','SP'),(3555307,'TURMALINA','SP'),(3555356,'UBARANA','SP'),(3555406,'UBATUBA','SP'),(3555505,'UBIRAJARA','SP'),(3555604,'UCHOA','SP'),(3555703,'UNIAO PAULISTA','SP'),(3555802,'URANIA','SP'),(3555901,'URU','SP'),(3556008,'URUPES','SP'),(3556107,'VALENTIM GENTIL','SP'),(3556206,'VALINHOS','SP'),(3556305,'VALPARAISO','SP'),(3556354,'VARGEM','SP'),(3556404,'VARGEM GRANDE DO SUL','SP'),(3556453,'VARGEM GRANDE PAULISTA','SP'),(3556503,'VARZEA PAULISTA','SP'),(3556602,'VERA CRUZ','SP'),(3556701,'VINHEDO','SP'),(3556800,'VIRADOURO','SP'),(3556909,'VISTA ALEGRE DO ALTO','SP'),(3556958,'VITORIA BRASIL','SP'),(3557006,'VOTORANTIM','SP'),(3557105,'VOTUPORANGA','SP'),(3557154,'ZACARIAS','SP'),(3557204,'CHAVANTES','SP'),(3557303,'ESTIVA GERBI','SP'),(4100103,'ABATIA','PR'),(4100202,'ADRIANOPOLIS','PR'),(4100301,'AGUDOS DO SUL','PR'),(4100400,'ALMIRANTE TAMANDARE','PR'),(4100459,'ALTAMIRA DO PARANA','PR'),(4100509,'ALTONIA','PR'),(4100608,'ALTO PARANA','PR'),(4100707,'ALTO PIQUIRI','PR'),(4100806,'ALVORADA DO SUL','PR'),(4100905,'AMAPORA','PR'),(4101002,'AMPERE','PR'),(4101051,'ANAHY','PR'),(4101101,'ANDIRA','PR'),(4101150,'ANGULO','PR'),(4101200,'ANTONINA','PR'),(4101309,'ANTONIO OLINTO','PR'),(4101408,'APUCARANA','PR'),(4101507,'ARAPONGAS','PR'),(4101606,'ARAPOTI','PR'),(4101655,'ARAPUA','PR'),(4101705,'ARARUNA','PR'),(4101804,'ARAUCARIA','PR'),(4101853,'ARIRANHA DO IVAI','PR'),(4101903,'ASSAI','PR'),(4102000,'ASSIS CHATEAUBRIAND','PR'),(4102109,'ASTORGA','PR'),(4102208,'ATALAIA','PR'),(4102307,'BALSA NOVA','PR'),(4102406,'BANDEIRANTES','PR'),(4102505,'BARBOSA FERRAZ','PR'),(4102604,'BARRACAO','PR'),(4102703,'BARRA DO JACARE','PR'),(4102752,'BELA VISTA DA CAROBA','PR'),(4102802,'BELA VISTA DO PARAISO','PR'),(4102901,'BITURUNA','PR'),(4103008,'BOA ESPERANCA','PR'),(4103024,'BOA ESPERANCA DO IGUACU','PR'),(4103040,'BOA VENTURA DE SAO ROQUE','PR'),(4103057,'BOA VISTA DA APARECIDA','PR'),(4103107,'BOCAIUVA DO SUL','PR'),(4103156,'BOM JESUS DO SUL','PR'),(4103206,'BOM SUCESSO','PR'),(4103222,'BOM SUCESSO DO SUL','PR'),(4103305,'BORRAZOPOLIS','PR'),(4103354,'BRAGANEY','PR'),(4103370,'BRASILANDIA DO SUL','PR'),(4103404,'CAFEARA','PR'),(4103453,'CAFELANDIA','PR'),(4103479,'CAFEZAL DO SUL','PR'),(4103503,'CALIFORNIA','PR'),(4103602,'CAMBARA','PR'),(4103701,'CAMBE','PR'),(4103800,'CAMBIRA','PR'),(4103909,'CAMPINA DA LAGOA','PR'),(4103958,'CAMPINA DO SIMAO','PR'),(4104006,'CAMPINA GRANDE DO SUL','PR'),(4104055,'CAMPO BONITO','PR'),(4104105,'CAMPO DO TENENTE','PR'),(4104204,'CAMPO LARGO','PR'),(4104253,'CAMPO MAGRO','PR'),(4104303,'CAMPO MOURAO','PR'),(4104402,'CANDIDO DE ABREU','PR'),(4104428,'CANDOI','PR'),(4104451,'CANTAGALO','PR'),(4104501,'CAPANEMA','PR'),(4104600,'CAPITAO LEONIDAS MARQUES','PR'),(4104659,'CARAMBEI','PR'),(4104709,'CARLOPOLIS','PR'),(4104808,'CASCAVEL','PR'),(4104907,'CASTRO','PR'),(4105003,'CATANDUVAS','PR'),(4105102,'CENTENARIO DO SUL','PR'),(4105201,'CERRO AZUL','PR'),(4105300,'CEU AZUL','PR'),(4105409,'CHOPINZINHO','PR'),(4105508,'CIANORTE','PR'),(4105607,'CIDADE GAUCHA','PR'),(4105706,'CLEVELANDIA','PR'),(4105805,'COLOMBO','PR'),(4105904,'COLORADO','PR'),(4106001,'CONGONHINHAS','PR'),(4106100,'CONSELHEIRO MAIRINCK','PR'),(4106209,'CONTENDA','PR'),(4106308,'CORBELIA','PR'),(4106407,'CORNELIO PROCOPIO','PR'),(4106456,'CORONEL DOMINGOS SOARES','PR'),(4106506,'CORONEL VIVIDA','PR'),(4106555,'CORUMBATAI DO SUL','PR'),(4106571,'CRUZEIRO DO IGUACU','PR'),(4106605,'CRUZEIRO DO OESTE','PR'),(4106704,'CRUZEIRO DO SUL','PR'),(4106803,'CRUZ MACHADO','PR'),(4106852,'CRUZMALTINA','PR'),(4106902,'CURITIBA','PR'),(4107009,'CURIUVA','PR'),(4107108,'DIAMANTE DO NORTE','PR'),(4107124,'DIAMANTE DO SUL','PR'),(4107157,'DIAMANTE D\'OESTE','PR'),(4107207,'DOIS VIZINHOS','PR'),(4107256,'DOURADINA','PR'),(4107306,'DOUTOR CAMARGO','PR'),(4107405,'ENEAS MARQUES','PR'),(4107504,'ENGENHEIRO BELTRAO','PR'),(4107520,'ESPERANCA NOVA','PR'),(4107538,'ENTRE RIOS DO OESTE','PR'),(4107546,'ESPIGAO ALTO DO IGUACU','PR'),(4107553,'FAROL','PR'),(4107603,'FAXINAL','PR'),(4107652,'FAZENDA RIO GRANDE','PR'),(4107702,'FENIX','PR'),(4107736,'FERNANDES PINHEIRO','PR'),(4107751,'FIGUEIRA','PR'),(4107801,'FLORAI','PR'),(4107850,'FLOR DA SERRA DO SUL','PR'),(4107900,'FLORESTA','PR'),(4108007,'FLORESTOPOLIS','PR'),(4108106,'FLORIDA','PR'),(4108205,'FORMOSA DO OESTE','PR'),(4108304,'FOZ DO IGUACU','PR'),(4108320,'FRANCISCO ALVES','PR'),(4108403,'FRANCISCO BELTRAO','PR'),(4108452,'FOZ DO JORDAO','PR'),(4108502,'GENERAL CARNEIRO','PR'),(4108551,'GODOY MOREIRA','PR'),(4108601,'GOIOERE','PR'),(4108650,'GOIOXIM','PR'),(4108700,'GRANDES RIOS','PR'),(4108809,'GUAIRA','PR'),(4108908,'GUAIRACA','PR'),(4108957,'GUAMIRANGA','PR'),(4109005,'GUAPIRAMA','PR'),(4109104,'GUAPOREMA','PR'),(4109203,'GUARACI','PR'),(4109302,'GUARANIACU','PR'),(4109401,'GUARAPUAVA','PR'),(4109500,'GUARAQUECABA','PR'),(4109609,'GUARATUBA','PR'),(4109658,'HONORIO SERPA','PR'),(4109708,'IBAITI','PR'),(4109757,'IBEMA','PR'),(4109807,'IBIPORA','PR'),(4109906,'ICARAIMA','PR'),(4110003,'IGUARACU','PR'),(4110052,'IGUATU','PR'),(4110078,'IMBAU','PR'),(4110102,'IMBITUVA','PR'),(4110201,'INACIO MARTINS','PR'),(4110300,'INAJA','PR'),(4110409,'INDIANOPOLIS','PR'),(4110508,'IPIRANGA','PR'),(4110607,'IPORA','PR'),(4110656,'IRACEMA DO OESTE','PR'),(4110706,'IRATI','PR'),(4110805,'IRETAMA','PR'),(4110904,'ITAGUAJE','PR'),(4110953,'ITAIPULANDIA','PR'),(4111001,'ITAMBARACA','PR'),(4111100,'ITAMBE','PR'),(4111209,'ITAPEJARA D\'OESTE','PR'),(4111258,'ITAPERUCU','PR'),(4111308,'ITAUNA DO SUL','PR'),(4111407,'IVAI','PR'),(4111506,'IVAIPORA','PR'),(4111555,'IVATE','PR'),(4111605,'IVATUBA','PR'),(4111704,'JABOTI','PR'),(4111803,'JACAREZINHO','PR'),(4111902,'JAGUAPITA','PR'),(4112009,'JAGUARIAIVA','PR'),(4112108,'JANDAIA DO SUL','PR'),(4112207,'JANIOPOLIS','PR'),(4112306,'JAPIRA','PR'),(4112405,'JAPURA','PR'),(4112504,'JARDIM ALEGRE','PR'),(4112603,'JARDIM OLINDA','PR'),(4112702,'JATAIZINHO','PR'),(4112751,'JESUITAS','PR'),(4112801,'JOAQUIM TAVORA','PR'),(4112900,'JUNDIAI DO SUL','PR'),(4112959,'JURANDA','PR'),(4113007,'JUSSARA','PR'),(4113106,'KALORE','PR'),(4113205,'LAPA','PR'),(4113254,'LARANJAL','PR'),(4113304,'LARANJEIRAS DO SUL','PR'),(4113403,'LEOPOLIS','PR'),(4113429,'LIDIANOPOLIS','PR'),(4113452,'LINDOESTE','PR'),(4113502,'LOANDA','PR'),(4113601,'LOBATO','PR'),(4113700,'LONDRINA','PR'),(4113734,'LUIZIANA','PR'),(4113759,'LUNARDELLI','PR'),(4113809,'LUPIONOPOLIS','PR'),(4113908,'MALLET','PR'),(4114005,'MAMBORE','PR'),(4114104,'MANDAGUACU','PR'),(4114203,'MANDAGUARI','PR'),(4114302,'MANDIRITUBA','PR'),(4114351,'MANFRINOPOLIS','PR'),(4114401,'MANGUEIRINHA','PR'),(4114500,'MANOEL RIBAS','PR'),(4114609,'MARECHAL CANDIDO RONDON','PR'),(4114708,'MARIA HELENA','PR'),(4114807,'MARIALVA','PR'),(4114906,'MARILANDIA DO SUL','PR'),(4115002,'MARILENA','PR'),(4115101,'MARILUZ','PR'),(4115200,'MARINGA','PR'),(4115309,'MARIOPOLIS','PR'),(4115358,'MARIPA','PR'),(4115408,'MARMELEIRO','PR'),(4115457,'MARQUINHO','PR'),(4115507,'MARUMBI','PR'),(4115606,'MATELANDIA','PR'),(4115705,'MATINHOS','PR'),(4115739,'MATO RICO','PR'),(4115754,'MAUA DA SERRA','PR'),(4115804,'MEDIANEIRA','PR'),(4115853,'MERCEDES','PR'),(4115903,'MIRADOR','PR'),(4116000,'MIRASELVA','PR'),(4116059,'MISSAL','PR'),(4116109,'MOREIRA SALES','PR'),(4116208,'MORRETES','PR'),(4116307,'MUNHOZ DE MELO','PR'),(4116406,'NOSSA SENHORA DAS GRACAS','PR'),(4116505,'NOVA ALIANCA DO IVAI','PR'),(4116604,'NOVA AMERICA DA COLINA','PR'),(4116703,'NOVA AURORA','PR'),(4116802,'NOVA CANTU','PR'),(4116901,'NOVA ESPERANCA','PR'),(4116950,'NOVA ESPERANCA DO SUDOESTE','PR'),(4117008,'NOVA FATIMA','PR'),(4117057,'NOVA LARANJEIRAS','PR'),(4117107,'NOVA LONDRINA','PR'),(4117206,'NOVA OLIMPIA','PR'),(4117214,'NOVA SANTA BARBARA','PR'),(4117222,'NOVA SANTA ROSA','PR'),(4117255,'NOVA PRATA DO IGUACU','PR'),(4117271,'NOVA TEBAS','PR'),(4117297,'NOVO ITACOLOMI','PR'),(4117305,'ORTIGUEIRA','PR'),(4117404,'OURIZONA','PR'),(4117453,'OURO VERDE DO OESTE','PR'),(4117503,'PAICANDU','PR'),(4117602,'PALMAS','PR'),(4117701,'PALMEIRA','PR'),(4117800,'PALMITAL','PR'),(4117909,'PALOTINA','PR'),(4118006,'PARAISO DO NORTE','PR'),(4118105,'PARANACITY','PR'),(4118204,'PARANAGUA','PR'),(4118303,'PARANAPOEMA','PR'),(4118402,'PARANAVAI','PR'),(4118451,'PATO BRAGADO','PR'),(4118501,'PATO BRANCO','PR'),(4118600,'PAULA FREITAS','PR'),(4118709,'PAULO FRONTIN','PR'),(4118808,'PEABIRU','PR'),(4118857,'PEROBAL','PR'),(4118907,'PEROLA','PR'),(4119004,'PEROLA D\'OESTE','PR'),(4119103,'PIEN','PR'),(4119152,'PINHAIS','PR'),(4119202,'PINHALAO','PR'),(4119251,'PINHAL DE SAO BENTO','PR'),(4119301,'PINHAO','PR'),(4119400,'PIRAI DO SUL','PR'),(4119509,'PIRAQUARA','PR'),(4119608,'PITANGA','PR'),(4119657,'PITANGUEIRAS','PR'),(4119707,'PLANALTINA DO PARANA','PR'),(4119806,'PLANALTO','PR'),(4119905,'PONTA GROSSA','PR'),(4119954,'PONTAL DO PARANA','PR'),(4120002,'PORECATU','PR'),(4120101,'PORTO AMAZONAS','PR'),(4120150,'PORTO BARREIRO','PR'),(4120200,'PORTO RICO','PR'),(4120309,'PORTO VITORIA','PR'),(4120333,'PRADO FERREIRA','PR'),(4120358,'PRANCHITA','PR'),(4120408,'PRESIDENTE CASTELO BRANCO','PR'),(4120507,'PRIMEIRO DE MAIO','PR'),(4120606,'PRUDENTOPOLIS','PR'),(4120655,'QUARTO CENTENARIO','PR'),(4120705,'QUATIGUA','PR'),(4120804,'QUATRO BARRAS','PR'),(4120853,'QUATRO PONTES','PR'),(4120903,'QUEDAS DO IGUACU','PR'),(4121000,'QUERENCIA DO NORTE','PR'),(4121109,'QUINTA DO SOL','PR'),(4121208,'QUITANDINHA','PR'),(4121257,'RAMILANDIA','PR'),(4121307,'RANCHO ALEGRE','PR'),(4121356,'RANCHO ALEGRE D\'OESTE','PR'),(4121406,'REALEZA','PR'),(4121505,'REBOUCAS','PR'),(4121604,'RENASCENCA','PR'),(4121703,'RESERVA','PR'),(4121752,'RESERVA DO IGUACU','PR'),(4121802,'RIBEIRAO CLARO','PR'),(4121901,'RIBEIRAO DO PINHAL','PR'),(4122008,'RIO AZUL','PR'),(4122107,'RIO BOM','PR'),(4122156,'RIO BONITO DO IGUACU','PR'),(4122172,'RIO BRANCO DO IVAI','PR'),(4122206,'RIO BRANCO DO SUL','PR'),(4122305,'RIO NEGRO','PR'),(4122404,'ROLANDIA','PR'),(4122503,'RONCADOR','PR'),(4122602,'RONDON','PR'),(4122651,'ROSARIO DO IVAI','PR'),(4122701,'SABAUDIA','PR'),(4122800,'SALGADO FILHO','PR'),(4122909,'SALTO DO ITARARE','PR'),(4123006,'SALTO DO LONTRA','PR'),(4123105,'SANTA AMELIA','PR'),(4123204,'SANTA CECILIA DO PAVAO','PR'),(4123303,'SANTA CRUZ DE MONTE CASTELO','PR'),(4123402,'SANTA FE','PR'),(4123501,'SANTA HELENA','PR'),(4123600,'SANTA INES','PR'),(4123709,'SANTA ISABEL DO IVAI','PR'),(4123808,'SANTA IZABEL DO OESTE','PR'),(4123824,'SANTA LUCIA','PR'),(4123857,'SANTA MARIA DO OESTE','PR'),(4123907,'SANTA MARIANA','PR'),(4123956,'SANTA MONICA','PR'),(4124004,'SANTANA DO ITARARE','PR'),(4124020,'SANTA TEREZA DO OESTE','PR'),(4124053,'SANTA TEREZINHA DE ITAIPU','PR'),(4124103,'SANTO ANTONIO DA PLATINA','PR'),(4124202,'SANTO ANTONIO DO CAIUA','PR'),(4124301,'SANTO ANTONIO DO PARAISO','PR'),(4124400,'SANTO ANTONIO DO SUDOESTE','PR'),(4124509,'SANTO INACIO','PR'),(4124608,'SAO CARLOS DO IVAI','PR'),(4124707,'SAO JERONIMO DA SERRA','PR'),(4124806,'SAO JOAO','PR'),(4124905,'SAO JOAO DO CAIUA','PR'),(4125001,'SAO JOAO DO IVAI','PR'),(4125100,'SAO JOAO DO TRIUNFO','PR'),(4125209,'SAO JORGE D\'OESTE','PR'),(4125308,'SAO JORGE DO IVAI','PR'),(4125357,'SAO JORGE DO PATROCINIO','PR'),(4125407,'SAO JOSE DA BOA VISTA','PR'),(4125456,'SAO JOSE DAS PALMEIRAS','PR'),(4125506,'SAO JOSE DOS PINHAIS','PR'),(4125555,'SAO MANOEL DO PARANA','PR'),(4125605,'SAO MATEUS DO SUL','PR'),(4125704,'SAO MIGUEL DO IGUACU','PR'),(4125753,'SAO PEDRO DO IGUACU','PR'),(4125803,'SAO PEDRO DO IVAI','PR'),(4125902,'SAO PEDRO DO PARANA','PR'),(4126009,'SAO SEBASTIAO DA AMOREIRA','PR'),(4126108,'SAO TOME','PR'),(4126207,'SAPOPEMA','PR'),(4126256,'SARANDI','PR'),(4126272,'SAUDADE DO IGUACU','PR'),(4126306,'SENGES','PR'),(4126355,'SERRANOPOLIS DO IGUACU','PR'),(4126405,'SERTANEJA','PR'),(4126504,'SERTANOPOLIS','PR'),(4126603,'SIQUEIRA CAMPOS','PR'),(4126652,'SULINA','PR'),(4126678,'TAMARANA','PR'),(4126702,'TAMBOARA','PR'),(4126801,'TAPEJARA','PR'),(4126900,'TAPIRA','PR'),(4127007,'TEIXEIRA SOARES','PR'),(4127106,'TELEMACO BORBA','PR'),(4127205,'TERRA BOA','PR'),(4127304,'TERRA RICA','PR'),(4127403,'TERRA ROXA','PR'),(4127502,'TIBAGI','PR'),(4127601,'TIJUCAS DO SUL','PR'),(4127700,'TOLEDO','PR'),(4127809,'TOMAZINA','PR'),(4127858,'TRES BARRAS DO PARANA','PR'),(4127882,'TUNAS DO PARANA','PR'),(4127908,'TUNEIRAS DO OESTE','PR'),(4127957,'TUPASSI','PR'),(4127965,'TURVO','PR'),(4128005,'UBIRATA','PR'),(4128104,'UMUARAMA','PR'),(4128203,'UNIAO DA VITORIA','PR'),(4128302,'UNIFLOR','PR'),(4128401,'URAI','PR'),(4128500,'WENCESLAU BRAZ','PR'),(4128534,'VENTANIA','PR'),(4128559,'VERA CRUZ DO OESTE','PR'),(4128609,'VERE','PR'),(4128625,'ALTO PARAISO','PR'),(4128633,'DOUTOR ULYSSES','PR'),(4128658,'VIRMOND','PR'),(4128708,'VITORINO','PR'),(4128807,'XAMBRE','PR'),(4200051,'ABDON BATISTA','SC'),(4200101,'ABELARDO LUZ','SC'),(4200200,'AGROLANDIA','SC'),(4200309,'AGRONOMICA','SC'),(4200408,'AGUA DOCE','SC'),(4200507,'AGUAS DE CHAPECO','SC'),(4200556,'AGUAS FRIAS','SC'),(4200606,'AGUAS MORNAS','SC'),(4200705,'ALFREDO WAGNER','SC'),(4200754,'ALTO BELA VISTA','SC'),(4200804,'ANCHIETA','SC'),(4200903,'ANGELINA','SC'),(4201000,'ANITA GARIBALDI','SC'),(4201109,'ANITAPOLIS','SC'),(4201208,'ANTONIO CARLOS','SC'),(4201257,'APIUNA','SC'),(4201273,'ARABUTA','SC'),(4201307,'ARAQUARI','SC'),(4201406,'ARARANGUA','SC'),(4201505,'ARMAZEM','SC'),(4201604,'ARROIO TRINTA','SC'),(4201653,'ARVOREDO','SC'),(4201703,'ASCURRA','SC'),(4201802,'ATALANTA','SC'),(4201901,'AURORA','SC'),(4201950,'BALNEARIO ARROIO DO SILVA','SC'),(4202008,'BALNEARIO CAMBORIU','SC'),(4202057,'BALNEARIO BARRA DO SUL','SC'),(4202073,'BALNEARIO GAIVOTA','SC'),(4202081,'BANDEIRANTE','SC'),(4202099,'BARRA BONITA','SC'),(4202107,'BARRA VELHA','SC'),(4202131,'BELA VISTA DO TOLDO','SC'),(4202156,'BELMONTE','SC'),(4202206,'BENEDITO NOVO','SC'),(4202305,'BIGUACU','SC'),(4202404,'BLUMENAU','SC'),(4202438,'BOCAINA DO SUL','SC'),(4202453,'BOMBINHAS','SC'),(4202503,'BOM JARDIM DA SERRA','SC'),(4202537,'BOM JESUS','SC'),(4202578,'BOM JESUS DO OESTE','SC'),(4202602,'BOM RETIRO','SC'),(4202701,'BOTUVERA','SC'),(4202800,'BRACO DO NORTE','SC'),(4202859,'BRACO DO TROMBUDO','SC'),(4202875,'BRUNOPOLIS','SC'),(4202909,'BRUSQUE','SC'),(4203006,'CACADOR','SC'),(4203105,'CAIBI','SC'),(4203154,'CALMON','SC'),(4203204,'CAMBORIU','SC'),(4203253,'CAPAO ALTO','SC'),(4203303,'CAMPO ALEGRE','SC'),(4203402,'CAMPO BELO DO SUL','SC'),(4203501,'CAMPO ERE','SC'),(4203600,'CAMPOS NOVOS','SC'),(4203709,'CANELINHA','SC'),(4203808,'CANOINHAS','SC'),(4203907,'CAPINZAL','SC'),(4203956,'CAPIVARI DE BAIXO','SC'),(4204004,'CATANDUVAS','SC'),(4204103,'CAXAMBU DO SUL','SC'),(4204152,'CELSO RAMOS','SC'),(4204178,'CERRO NEGRO','SC'),(4204194,'CHAPADAO DO LAGEADO','SC'),(4204202,'CHAPECO','SC'),(4204251,'COCAL DO SUL','SC'),(4204301,'CONCORDIA','SC'),(4204350,'CORDILHEIRA ALTA','SC'),(4204400,'CORONEL FREITAS','SC'),(4204459,'CORONEL MARTINS','SC'),(4204509,'CORUPA','SC'),(4204558,'CORREIA PINTO','SC'),(4204608,'CRICIUMA','SC'),(4204707,'CUNHA PORA','SC'),(4204756,'CUNHATAI','SC'),(4204806,'CURITIBANOS','SC'),(4204905,'DESCANSO','SC'),(4205001,'DIONISIO CERQUEIRA','SC'),(4205100,'DONA EMMA','SC'),(4205159,'DOUTOR PEDRINHO','SC'),(4205175,'ENTRE RIOS','SC'),(4205191,'ERMO','SC'),(4205209,'ERVAL VELHO','SC'),(4205308,'FAXINAL DOS GUEDES','SC'),(4205357,'FLOR DO SERTAO','SC'),(4205407,'FLORIANOPOLIS','SC'),(4205431,'FORMOSA DO SUL','SC'),(4205456,'FORQUILHINHA','SC'),(4205506,'FRAIBURGO','SC'),(4205555,'FREI ROGERIO','SC'),(4205605,'GALVAO','SC'),(4205704,'GAROPABA','SC'),(4205803,'GARUVA','SC'),(4205902,'GASPAR','SC'),(4206009,'GOVERNADOR CELSO RAMOS','SC'),(4206108,'GRAO PARA','SC'),(4206207,'GRAVATAL','SC'),(4206306,'GUABIRUBA','SC'),(4206405,'GUARACIABA','SC'),(4206504,'GUARAMIRIM','SC'),(4206603,'GUARUJA DO SUL','SC'),(4206652,'GUATAMBU','SC'),(4206702,'HERVAL D\'OESTE','SC'),(4206751,'IBIAM','SC'),(4206801,'IBICARE','SC'),(4206900,'IBIRAMA','SC'),(4207007,'ICARA','SC'),(4207106,'ILHOTA','SC'),(4207205,'IMARUI','SC'),(4207304,'IMBITUBA','SC'),(4207403,'IMBUIA','SC'),(4207502,'INDAIAL','SC'),(4207577,'IOMERE','SC'),(4207601,'IPIRA','SC'),(4207650,'IPORA DO OESTE','SC'),(4207684,'IPUACU','SC'),(4207700,'IPUMIRIM','SC'),(4207759,'IRACEMINHA','SC'),(4207809,'IRANI','SC'),(4207858,'IRATI','SC'),(4207908,'IRINEOPOLIS','SC'),(4208005,'ITA','SC'),(4208104,'ITAIOPOLIS','SC'),(4208203,'ITAJAI','SC'),(4208302,'ITAPEMA','SC'),(4208401,'ITAPIRANGA','SC'),(4208450,'ITAPOA','SC'),(4208500,'ITUPORANGA','SC'),(4208609,'JABORA','SC'),(4208708,'JACINTO MACHADO','SC'),(4208807,'JAGUARUNA','SC'),(4208906,'JARAGUA DO SUL','SC'),(4208955,'JARDINOPOLIS','SC'),(4209003,'JOACABA','SC'),(4209102,'JOINVILLE','SC'),(4209151,'JOSE BOITEUX','SC'),(4209177,'JUPIA','SC'),(4209201,'LACERDOPOLIS','SC'),(4209300,'LAGES','SC'),(4209409,'LAGUNA','SC'),(4209458,'LAJEADO GRANDE','SC'),(4209508,'LAURENTINO','SC'),(4209607,'LAURO MULLER','SC'),(4209706,'LEBON REGIS','SC'),(4209805,'LEOBERTO LEAL','SC'),(4209854,'LINDOIA DO SUL','SC'),(4209904,'LONTRAS','SC'),(4210001,'LUIZ ALVES','SC'),(4210035,'LUZERNA','SC'),(4210050,'MACIEIRA','SC'),(4210100,'MAFRA','SC'),(4210209,'MAJOR GERCINO','SC'),(4210308,'MAJOR VIEIRA','SC'),(4210407,'MARACAJA','SC'),(4210506,'MARAVILHA','SC'),(4210555,'MAREMA','SC'),(4210605,'MASSARANDUBA','SC'),(4210704,'MATOS COSTA','SC'),(4210803,'MELEIRO','SC'),(4210852,'MIRIM DOCE','SC'),(4210902,'MODELO','SC'),(4211009,'MONDAI','SC'),(4211058,'MONTE CARLO','SC'),(4211108,'MONTE CASTELO','SC'),(4211207,'MORRO DA FUMACA','SC'),(4211256,'MORRO GRANDE','SC'),(4211306,'NAVEGANTES','SC'),(4211405,'NOVA ERECHIM','SC'),(4211454,'NOVA ITABERABA','SC'),(4211504,'NOVA TRENTO','SC'),(4211603,'NOVA VENEZA','SC'),(4211652,'NOVO HORIZONTE','SC'),(4211702,'ORLEANS','SC'),(4211751,'OTACILIO COSTA','SC'),(4211801,'OURO','SC'),(4211850,'OURO VERDE','SC'),(4211876,'PAIAL','SC'),(4211892,'PAINEL','SC'),(4211900,'PALHOCA','SC'),(4212007,'PALMA SOLA','SC'),(4212056,'PALMEIRA','SC'),(4212106,'PALMITOS','SC'),(4212205,'PAPANDUVA','SC'),(4212239,'PARAISO','SC'),(4212254,'PASSO DE TORRES','SC'),(4212270,'PASSOS MAIA','SC'),(4212304,'PAULO LOPES','SC'),(4212403,'PEDRAS GRANDES','SC'),(4212502,'PENHA','SC'),(4212601,'PERITIBA','SC'),(4212700,'PETROLANDIA','SC'),(4212809,'BALNEARIO PICARRAS','SC'),(4212908,'PINHALZINHO','SC'),(4213005,'PINHEIRO PRETO','SC'),(4213104,'PIRATUBA','SC'),(4213153,'PLANALTO ALEGRE','SC'),(4213203,'POMERODE','SC'),(4213302,'PONTE ALTA','SC'),(4213351,'PONTE ALTA DO NORTE','SC'),(4213401,'PONTE SERRADA','SC'),(4213500,'PORTO BELO','SC'),(4213609,'PORTO UNIAO','SC'),(4213708,'POUSO REDONDO','SC'),(4213807,'PRAIA GRANDE','SC'),(4213906,'PRESIDENTE CASTELLO BRANCO','SC'),(4214003,'PRESIDENTE GETULIO','SC'),(4214102,'PRESIDENTE NEREU','SC'),(4214151,'PRINCESA','SC'),(4214201,'QUILOMBO','SC'),(4214300,'RANCHO QUEIMADO','SC'),(4214409,'RIO DAS ANTAS','SC'),(4214508,'RIO DO CAMPO','SC'),(4214607,'RIO DO OESTE','SC'),(4214706,'RIO DOS CEDROS','SC'),(4214805,'RIO DO SUL','SC'),(4214904,'RIO FORTUNA','SC'),(4215000,'RIO NEGRINHO','SC'),(4215059,'RIO RUFINO','SC'),(4215075,'RIQUEZA','SC'),(4215109,'RODEIO','SC'),(4215208,'ROMELANDIA','SC'),(4215307,'SALETE','SC'),(4215356,'SALTINHO','SC'),(4215406,'SALTO VELOSO','SC'),(4215455,'SANGAO','SC'),(4215505,'SANTA CECILIA','SC'),(4215554,'SANTA HELENA','SC'),(4215604,'SANTA ROSA DE LIMA','SC'),(4215653,'SANTA ROSA DO SUL','SC'),(4215679,'SANTA TEREZINHA','SC'),(4215687,'SANTA TEREZINHA DO PROGRESSO','SC'),(4215695,'SANTIAGO DO SUL','SC'),(4215703,'SANTO AMARO DA IMPERATRIZ','SC'),(4215752,'SAO BERNARDINO','SC'),(4215802,'SAO BENTO DO SUL','SC'),(4215901,'SAO BONIFACIO','SC'),(4216008,'SAO CARLOS','SC'),(4216057,'SAO CRISTOVAO DO SUL','SC'),(4216107,'SAO DOMINGOS','SC'),(4216206,'SAO FRANCISCO DO SUL','SC'),(4216255,'SAO JOAO DO OESTE','SC'),(4216305,'SAO JOAO BATISTA','SC'),(4216354,'SAO JOAO DO ITAPERIU','SC'),(4216404,'SAO JOAO DO SUL','SC'),(4216503,'SAO JOAQUIM','SC'),(4216602,'SAO JOSE','SC'),(4216701,'SAO JOSE DO CEDRO','SC'),(4216800,'SAO JOSE DO CERRITO','SC'),(4216909,'SAO LOURENCO DO OESTE','SC'),(4217006,'SAO LUDGERO','SC'),(4217105,'SAO MARTINHO','SC'),(4217154,'SAO MIGUEL DA BOA VISTA','SC'),(4217204,'SAO MIGUEL DO OESTE','SC'),(4217253,'SAO PEDRO DE ALCANTARA','SC'),(4217303,'SAUDADES','SC'),(4217402,'SCHROEDER','SC'),(4217501,'SEARA','SC'),(4217550,'SERRA ALTA','SC'),(4217600,'SIDEROPOLIS','SC'),(4217709,'SOMBRIO','SC'),(4217758,'SUL BRASIL','SC'),(4217808,'TAIO','SC'),(4217907,'TANGARA','SC'),(4217956,'TIGRINHOS','SC'),(4218004,'TIJUCAS','SC'),(4218103,'TIMBE DO SUL','SC'),(4218202,'TIMBO','SC'),(4218251,'TIMBO GRANDE','SC'),(4218301,'TRES BARRAS','SC'),(4218350,'TREVISO','SC'),(4218400,'TREZE DE MAIO','SC'),(4218509,'TREZE TILIAS','SC'),(4218608,'TROMBUDO CENTRAL','SC'),(4218707,'TUBARAO','SC'),(4218756,'TUNAPOLIS','SC'),(4218806,'TURVO','SC'),(4218855,'UNIAO DO OESTE','SC'),(4218905,'URUBICI','SC'),(4218954,'URUPEMA','SC'),(4219002,'URUSSANGA','SC'),(4219101,'VARGEAO','SC'),(4219150,'VARGEM','SC'),(4219176,'VARGEM BONITA','SC'),(4219200,'VIDAL RAMOS','SC'),(4219309,'VIDEIRA','SC'),(4219358,'VITOR MEIRELES','SC'),(4219408,'WITMARSUM','SC'),(4219507,'XANXERE','SC'),(4219606,'XAVANTINA','SC'),(4219705,'XAXIM','SC'),(4219853,'ZORTEA','SC'),(4300034,'ACEGUA','RS'),(4300059,'AGUA SANTA','RS'),(4300109,'AGUDO','RS'),(4300208,'AJURICABA','RS'),(4300307,'ALECRIM','RS'),(4300406,'ALEGRETE','RS'),(4300455,'ALEGRIA','RS'),(4300471,'ALMIRANTE TAMANDARE DO SUL','RS'),(4300505,'ALPESTRE','RS'),(4300554,'ALTO ALEGRE','RS'),(4300570,'ALTO FELIZ','RS'),(4300604,'ALVORADA','RS'),(4300638,'AMARAL FERRADOR','RS'),(4300646,'AMETISTA DO SUL','RS'),(4300661,'ANDRE DA ROCHA','RS'),(4300703,'ANTA GORDA','RS'),(4300802,'ANTONIO PRADO','RS'),(4300851,'ARAMBARE','RS'),(4300877,'ARARICA','RS'),(4300901,'ARATIBA','RS'),(4301008,'ARROIO DO MEIO','RS'),(4301057,'ARROIO DO SAL','RS'),(4301073,'ARROIO DO PADRE','RS'),(4301107,'ARROIO DOS RATOS','RS'),(4301206,'ARROIO DO TIGRE','RS'),(4301305,'ARROIO GRANDE','RS'),(4301404,'ARVOREZINHA','RS'),(4301503,'AUGUSTO PESTANA','RS'),(4301552,'AUREA','RS'),(4301602,'BAGE','RS'),(4301636,'BALNEARIO PINHAL','RS'),(4301651,'BARAO','RS'),(4301701,'BARAO DE COTEGIPE','RS'),(4301750,'BARAO DO TRIUNFO','RS'),(4301800,'BARRACAO','RS'),(4301859,'BARRA DO GUARITA','RS'),(4301875,'BARRA DO QUARAI','RS'),(4301909,'BARRA DO RIBEIRO','RS'),(4301925,'BARRA DO RIO AZUL','RS'),(4301958,'BARRA FUNDA','RS'),(4302006,'BARROS CASSAL','RS'),(4302055,'BENJAMIN CONSTANT DO SUL','RS'),(4302105,'BENTO GONCALVES','RS'),(4302154,'BOA VISTA DAS MISSOES','RS'),(4302204,'BOA VISTA DO BURICA','RS'),(4302220,'BOA VISTA DO CADEADO','RS'),(4302238,'BOA VISTA DO INCRA','RS'),(4302253,'BOA VISTA DO SUL','RS'),(4302303,'BOM JESUS','RS'),(4302352,'BOM PRINCIPIO','RS'),(4302378,'BOM PROGRESSO','RS'),(4302402,'BOM RETIRO DO SUL','RS'),(4302451,'BOQUEIRAO DO LEAO','RS'),(4302501,'BOSSOROCA','RS'),(4302584,'BOZANO','RS'),(4302600,'BRAGA','RS'),(4302659,'BROCHIER','RS'),(4302709,'BUTIA','RS'),(4302808,'CACAPAVA DO SUL','RS'),(4302907,'CACEQUI','RS'),(4303004,'CACHOEIRA DO SUL','RS'),(4303103,'CACHOEIRINHA','RS'),(4303202,'CACIQUE DOBLE','RS'),(4303301,'CAIBATE','RS'),(4303400,'CAICARA','RS'),(4303509,'CAMAQUA','RS'),(4303558,'CAMARGO','RS'),(4303608,'CAMBARA DO SUL','RS'),(4303673,'CAMPESTRE DA SERRA','RS'),(4303707,'CAMPINA DAS MISSOES','RS'),(4303806,'CAMPINAS DO SUL','RS'),(4303905,'CAMPO BOM','RS'),(4304002,'CAMPO NOVO','RS'),(4304101,'CAMPOS BORGES','RS'),(4304200,'CANDELARIA','RS'),(4304309,'CANDIDO GODOI','RS'),(4304358,'CANDIOTA','RS'),(4304408,'CANELA','RS'),(4304507,'CANGUCU','RS'),(4304606,'CANOAS','RS'),(4304614,'CANUDOS DO VALE','RS'),(4304622,'CAPAO BONITO DO SUL','RS'),(4304630,'CAPAO DA CANOA','RS'),(4304655,'CAPAO DO CIPO','RS'),(4304663,'CAPAO DO LEAO','RS'),(4304671,'CAPIVARI DO SUL','RS'),(4304689,'CAPELA DE SANTANA','RS'),(4304697,'CAPITAO','RS'),(4304705,'CARAZINHO','RS'),(4304713,'CARAA','RS'),(4304804,'CARLOS BARBOSA','RS'),(4304853,'CARLOS GOMES','RS'),(4304903,'CASCA','RS'),(4304952,'CASEIROS','RS'),(4305009,'CATUIPE','RS'),(4305108,'CAXIAS DO SUL','RS'),(4305116,'CENTENARIO','RS'),(4305124,'CERRITO','RS'),(4305132,'CERRO BRANCO','RS'),(4305157,'CERRO GRANDE','RS'),(4305173,'CERRO GRANDE DO SUL','RS'),(4305207,'CERRO LARGO','RS'),(4305306,'CHAPADA','RS'),(4305355,'CHARQUEADAS','RS'),(4305371,'CHARRUA','RS'),(4305405,'CHIAPETTA','RS'),(4305439,'CHUI','RS'),(4305447,'CHUVISCA','RS'),(4305454,'CIDREIRA','RS'),(4305504,'CIRIACO','RS'),(4305587,'COLINAS','RS'),(4305603,'COLORADO','RS'),(4305702,'CONDOR','RS'),(4305801,'CONSTANTINA','RS'),(4305835,'COQUEIRO BAIXO','RS'),(4305850,'COQUEIROS DO SUL','RS'),(4305871,'CORONEL BARROS','RS'),(4305900,'CORONEL BICACO','RS'),(4305934,'CORONEL PILAR','RS'),(4305959,'COTIPORA','RS'),(4305975,'COXILHA','RS'),(4306007,'CRISSIUMAL','RS'),(4306056,'CRISTAL','RS'),(4306072,'CRISTAL DO SUL','RS'),(4306106,'CRUZ ALTA','RS'),(4306130,'CRUZALTENSE','RS'),(4306205,'CRUZEIRO DO SUL','RS'),(4306304,'DAVID CANABARRO','RS'),(4306320,'DERRUBADAS','RS'),(4306353,'DEZESSEIS DE NOVEMBRO','RS'),(4306379,'DILERMANDO DE AGUIAR','RS'),(4306403,'DOIS IRMAOS','RS'),(4306429,'DOIS IRMAOS DAS MISSOES','RS'),(4306452,'DOIS LAJEADOS','RS'),(4306502,'DOM FELICIANO','RS'),(4306551,'DOM PEDRO DE ALCANTARA','RS'),(4306601,'DOM PEDRITO','RS'),(4306700,'DONA FRANCISCA','RS'),(4306734,'DOUTOR MAURICIO CARDOSO','RS'),(4306759,'DOUTOR RICARDO','RS'),(4306767,'ELDORADO DO SUL','RS'),(4306809,'ENCANTADO','RS'),(4306908,'ENCRUZILHADA DO SUL','RS'),(4306924,'ENGENHO VELHO','RS'),(4306932,'ENTRE-IJUIS','RS'),(4306957,'ENTRE RIOS DO SUL','RS'),(4306973,'EREBANGO','RS'),(4307005,'ERECHIM','RS'),(4307054,'ERNESTINA','RS'),(4307104,'HERVAL','RS'),(4307203,'ERVAL GRANDE','RS'),(4307302,'ERVAL SECO','RS'),(4307401,'ESMERALDAS','RS'),(4307450,'ESPERANCA DO SUL','RS'),(4307500,'ESPUMOSO','RS'),(4307559,'ESTACAO','RS'),(4307609,'ESTANCIA VELHA','RS'),(4307708,'ESTEIO','RS'),(4307807,'ESTRELA','RS'),(4307815,'ESTRELA VELHA','RS'),(4307831,'EUGENIO DE CASTRO','RS'),(4307864,'FAGUNDES VARELA','RS'),(4307906,'FARROUPILHA','RS'),(4308003,'FAXINAL DO SOTURNO','RS'),(4308052,'FAXINALZINHO','RS'),(4308078,'FAZENDA VILANOVA','RS'),(4308102,'FELIZ','RS'),(4308201,'FLORES DA CUNHA','RS'),(4308250,'FLORIANO PEIXOTO','RS'),(4308300,'FONTOURA XAVIER','RS'),(4308409,'FORMIGUEIRO','RS'),(4308433,'FORQUETINHA','RS'),(4308458,'FORTALEZA DOS VALOS','RS'),(4308508,'FREDERICO WESTPHALEN','RS'),(4308607,'GARIBALDI','RS'),(4308656,'GARRUCHOS','RS'),(4308706,'GAURAMA','RS'),(4308805,'GENERAL CAMARA','RS'),(4308854,'GENTIL','RS'),(4308904,'GETULIO VARGAS','RS'),(4309001,'GIRUA','RS'),(4309050,'GLORINHA','RS'),(4309100,'GRAMADO','RS'),(4309126,'GRAMADO DOS LOUREIROS','RS'),(4309159,'GRAMADO XAVIER','RS'),(4309209,'GRAVATAI','RS'),(4309258,'GUABIJU','RS'),(4309308,'GUAIBA','RS'),(4309407,'GUAPORE','RS'),(4309506,'GUARANI DAS MISSOES','RS'),(4309555,'HARMONIA','RS'),(4309571,'HERVEIRAS','RS'),(4309605,'HORIZONTINA','RS'),(4309654,'HULHA NEGRA','RS'),(4309704,'HUMAITA','RS'),(4309753,'IBARAMA','RS'),(4309803,'IBIACA','RS'),(4309902,'IBIRAIARAS','RS'),(4309951,'IBIRAPUITA','RS'),(4310009,'IBIRUBA','RS'),(4310108,'IGREJINHA','RS'),(4310207,'IJUI','RS'),(4310306,'ILOPOLIS','RS'),(4310330,'IMBE','RS'),(4310363,'IMIGRANTE','RS'),(4310405,'INDEPENDENCIA','RS'),(4310413,'INHACORA','RS'),(4310439,'IPE','RS'),(4310462,'IPIRANGA DO SUL','RS'),(4310504,'IRAI','RS'),(4310538,'ITAARA','RS'),(4310553,'ITACURUBI','RS'),(4310579,'ITAPUCA','RS'),(4310603,'ITAQUI','RS'),(4310652,'ITATI','RS'),(4310702,'ITATIBA DO SUL','RS'),(4310751,'IVORA','RS'),(4310801,'IVOTI','RS'),(4310850,'JABOTICABA','RS'),(4310876,'JACUIZINHO','RS'),(4310900,'JACUTINGA','RS'),(4311007,'JAGUARAO','RS'),(4311106,'JAGUARI','RS'),(4311122,'JAQUIRANA','RS'),(4311130,'JARI','RS'),(4311155,'JOIA','RS'),(4311205,'JULIO DE CASTILHOS','RS'),(4311239,'LAGOA BONITA DO SUL','RS'),(4311254,'LAGOAO','RS'),(4311270,'LAGOA DOS TRES CANTOS','RS'),(4311304,'LAGOA VERMELHA','RS'),(4311403,'LAJEADO','RS'),(4311429,'LAJEADO DO BUGRE','RS'),(4311502,'LAVRAS DO SUL','RS'),(4311601,'LIBERATO SALZANO','RS'),(4311627,'LINDOLFO COLLOR','RS'),(4311643,'LINHA NOVA','RS'),(4311700,'MACHADINHO','RS'),(4311718,'MACAMBARA','RS'),(4311734,'MAMPITUBA','RS'),(4311759,'MANOEL VIANA','RS'),(4311775,'MAQUINE','RS'),(4311791,'MARATA','RS'),(4311809,'MARAU','RS'),(4311908,'MARCELINO RAMOS','RS'),(4311981,'MARIANA PIMENTEL','RS'),(4312005,'MARIANO MORO','RS'),(4312054,'MARQUES DE SOUZA','RS'),(4312104,'MATA','RS'),(4312138,'MATO CASTELHANO','RS'),(4312153,'MATO LEITAO','RS'),(4312179,'MATO QUEIMADO','RS'),(4312203,'MAXIMILIANO DE ALMEIDA','RS'),(4312252,'MINAS DO LEAO','RS'),(4312302,'MIRAGUAI','RS'),(4312351,'MONTAURI','RS'),(4312377,'MONTE ALEGRE DOS CAMPOS','RS'),(4312385,'MONTE BELO DO SUL','RS'),(4312401,'MONTENEGRO','RS'),(4312427,'MORMACO','RS'),(4312443,'MORRINHOS DO SUL','RS'),(4312450,'MORRO REDONDO','RS'),(4312476,'MORRO REUTER','RS'),(4312500,'MOSTARDAS','RS'),(4312609,'MUCUM','RS'),(4312617,'MUITOS CAPOES','RS'),(4312625,'MULITERNO','RS'),(4312658,'NAO-ME-TOQUE','RS'),(4312674,'NICOLAU VERGUEIRO','RS'),(4312708,'NONOAI','RS'),(4312757,'NOVA ALVORADA','RS'),(4312807,'NOVA ARACA','RS'),(4312906,'NOVA BASSANO','RS'),(4312955,'NOVA BOA VISTA','RS'),(4313003,'NOVA BRESCIA','RS'),(4313011,'NOVA CANDELARIA','RS'),(4313037,'NOVA ESPERANCA DO SUL','RS'),(4313060,'NOVA HARTZ','RS'),(4313086,'NOVA PADUA','RS'),(4313102,'NOVA PALMA','RS'),(4313201,'NOVA PETROPOLIS','RS'),(4313300,'NOVA PRATA','RS'),(4313334,'NOVA RAMADA','RS'),(4313359,'NOVA ROMA DO SUL','RS'),(4313375,'NOVA SANTA RITA','RS'),(4313391,'NOVO CABRAIS','RS'),(4313409,'NOVO HAMBURGO','RS'),(4313425,'NOVO MACHADO','RS'),(4313441,'NOVO TIRADENTES','RS'),(4313466,'NOVO XINGU','RS'),(4313490,'NOVO BARREIRO','RS'),(4313508,'OSORIO','RS'),(4313607,'PAIM FILHO','RS'),(4313656,'PALMARES DO SUL','RS'),(4313706,'PALMEIRA DAS MISSOES','RS'),(4313805,'PALMITINHO','RS'),(4313904,'PANAMBI','RS'),(4313953,'PANTANO GRANDE','RS'),(4314001,'PARAI','RS'),(4314027,'PARAISO DO SUL','RS'),(4314035,'PARECI NOVO','RS'),(4314050,'PAROBE','RS'),(4314068,'PASSA SETE','RS'),(4314076,'PASSO DO SOBRADO','RS'),(4314100,'PASSO FUNDO','RS'),(4314134,'PAULO BENTO','RS'),(4314159,'PAVERAMA','RS'),(4314175,'PEDRAS ALTAS','RS'),(4314209,'PEDRO OSORIO','RS'),(4314308,'PEJUCARA','RS'),(4314407,'PELOTAS','RS'),(4314423,'PICADA CAFE','RS'),(4314456,'PINHAL','RS'),(4314464,'PINHAL DA SERRA','RS'),(4314472,'PINHAL GRANDE','RS'),(4314498,'PINHEIRINHO DO VALE','RS'),(4314506,'PINHEIRO MACHADO','RS'),(4314555,'PIRAPO','RS'),(4314605,'PIRATINI','RS'),(4314704,'PLANALTO','RS'),(4314753,'POCO DAS ANTAS','RS'),(4314779,'PONTAO','RS'),(4314787,'PONTE PRETA','RS'),(4314803,'PORTAO','RS'),(4314902,'PORTO ALEGRE','RS'),(4315008,'PORTO LUCENA','RS'),(4315057,'PORTO MAUA','RS'),(4315073,'PORTO VERA CRUZ','RS'),(4315107,'PORTO XAVIER','RS'),(4315131,'POUSO NOVO','RS'),(4315149,'PRESIDENTE LUCENA','RS'),(4315156,'PROGRESSO','RS'),(4315172,'PROTASIO ALVES','RS'),(4315206,'PUTINGA','RS'),(4315305,'QUARAI','RS'),(4315313,'QUATRO IRMAOS','RS'),(4315321,'QUEVEDOS','RS'),(4315354,'QUINZE DE NOVEMBRO','RS'),(4315404,'REDENTORA','RS'),(4315453,'RELVADO','RS'),(4315503,'RESTINGA SECA','RS'),(4315552,'RIO DOS INDIOS','RS'),(4315602,'RIO GRANDE','RS'),(4315701,'RIO PARDO','RS'),(4315750,'RIOZINHO','RS'),(4315800,'ROCA SALES','RS'),(4315909,'RODEIO BONITO','RS'),(4315958,'ROLADOR','RS'),(4316006,'ROLANTE','RS'),(4316105,'RONDA ALTA','RS'),(4316204,'RONDINHA','RS'),(4316303,'ROQUE GONZALES','RS'),(4316402,'ROSARIO DO SUL','RS'),(4316428,'SAGRADA FAMILIA','RS'),(4316436,'SALDANHA MARINHO','RS'),(4316451,'SALTO DO JACUI','RS'),(4316477,'SALVADOR DAS MISSOES','RS'),(4316501,'SALVADOR DO SUL','RS'),(4316600,'SANANDUVA','RS'),(4316709,'SANTA BARBARA DO SUL','RS'),(4316733,'SANTA CECILIA DO SUL','RS'),(4316758,'SANTA CLARA DO SUL','RS'),(4316808,'SANTA CRUZ DO SUL','RS'),(4316907,'SANTA MARIA','RS'),(4316956,'SANTA MARIA DO HERVAL','RS'),(4316972,'SANTA MARGARIDA DO SUL','RS'),(4317004,'SANTANA DA BOA VISTA','RS'),(4317103,'SANTANA DO LIVRAMENTO','RS'),(4317202,'SANTA ROSA','RS'),(4317251,'SANTA TEREZA','RS'),(4317301,'SANTA VITORIA DO PALMAR','RS'),(4317400,'SANTIAGO','RS'),(4317509,'SANTO ANGELO','RS'),(4317558,'SANTO ANTONIO DO PALMA','RS'),(4317608,'SANTO ANTONIO DA PATRULHA','RS'),(4317707,'SANTO ANTONIO DAS MISSOES','RS'),(4317756,'SANTO ANTONIO DO PLANALTO','RS'),(4317806,'SANTO AUGUSTO','RS'),(4317905,'SANTO CRISTO','RS'),(4317954,'SANTO EXPEDITO DO SUL','RS'),(4318002,'SAO BORJA','RS'),(4318051,'SAO DOMINGOS DO SUL','RS'),(4318101,'SAO FRANCISCO DE ASSIS','RS'),(4318200,'SAO FRANCISCO DE PAULA','RS'),(4318309,'SAO GABRIEL','RS'),(4318408,'SAO JERONIMO','RS'),(4318424,'SAO JOAO DA URTIGA','RS'),(4318432,'SAO JOAO DO POLESINE','RS'),(4318440,'SAO JORGE','RS'),(4318457,'SAO JOSE DAS MISSOES','RS'),(4318465,'SAO JOSE DO HERVAL','RS'),(4318481,'SAO JOSE DO HORTENCIO','RS'),(4318499,'SAO JOSE DO INHACORA','RS'),(4318507,'SAO JOSE DO NORTE','RS'),(4318606,'SAO JOSE DO OURO','RS'),(4318614,'SAO JOSE DO SUL','RS'),(4318622,'SAO JOSE DOS AUSENTES','RS'),(4318705,'SAO LEOPOLDO','RS'),(4318804,'SAO LOURENCO DO SUL','RS'),(4318903,'SAO LUIZ GONZAGA','RS'),(4319000,'SAO MARCOS','RS'),(4319109,'SAO MARTINHO','RS'),(4319125,'SAO MARTINHO DA SERRA','RS'),(4319158,'SAO MIGUEL DAS MISSOES','RS'),(4319208,'SAO NICOLAU','RS'),(4319307,'SAO PAULO DAS MISSOES','RS'),(4319356,'SAO PEDRO DA SERRA','RS'),(4319364,'SAO PEDRO DAS MISSOES','RS'),(4319372,'SAO PEDRO DO BUTIA','RS'),(4319406,'SAO PEDRO DO SUL','RS'),(4319505,'SAO SEBASTIAO DO CAI','RS'),(4319604,'SAO SEPE','RS'),(4319703,'SAO VALENTIM','RS'),(4319711,'SAO VALENTIM DO SUL','RS'),(4319737,'SAO VALERIO DO SUL','RS'),(4319752,'SAO VENDELINO','RS'),(4319802,'SAO VICENTE DO SUL','RS'),(4319901,'SAPIRANGA','RS'),(4320008,'SAPUCAIA DO SUL','RS'),(4320107,'SARANDI','RS'),(4320206,'SEBERI','RS'),(4320230,'SEDE NOVA','RS'),(4320263,'SEGREDO','RS'),(4320305,'SELBACH','RS'),(4320321,'SENADOR SALGADO FILHO','RS'),(4320354,'SENTINELA DO SUL','RS'),(4320404,'SERAFINA CORREA','RS'),(4320453,'SERIO','RS'),(4320503,'SERTAO','RS'),(4320552,'SERTAO SANTANA','RS'),(4320578,'SETE DE SETEMBRO','RS'),(4320602,'SEVERIANO DE ALMEIDA','RS'),(4320651,'SILVEIRA MARTINS','RS'),(4320677,'SINIMBU','RS'),(4320701,'SOBRADINHO','RS'),(4320800,'SOLEDADE','RS'),(4320859,'TABAI','RS'),(4320909,'TAPEJARA','RS'),(4321006,'TAPERA','RS'),(4321105,'TAPES','RS'),(4321204,'TAQUARA','RS'),(4321303,'TAQUARI','RS'),(4321329,'TAQUARUCU DO SUL','RS'),(4321352,'TAVARES','RS'),(4321402,'TENENTE PORTELA','RS'),(4321436,'TERRA DE AREIA','RS'),(4321451,'TEUTONIA','RS'),(4321469,'TIO HUGO','RS'),(4321477,'TIRADENTES DO SUL','RS'),(4321493,'TOROPI','RS'),(4321501,'TORRES','RS'),(4321600,'TRAMANDAI','RS'),(4321626,'TRAVESSEIRO','RS'),(4321634,'TRES ARROIOS','RS'),(4321667,'TRES CACHOEIRAS','RS'),(4321709,'TRES COROAS','RS'),(4321808,'TRES DE MAIO','RS'),(4321832,'TRES FORQUILHAS','RS'),(4321857,'TRES PALMEIRAS','RS'),(4321907,'TRES PASSOS','RS'),(4321956,'TRINDADE DO SUL','RS'),(4322004,'TRIUNFO','RS'),(4322103,'TUCUNDUVA','RS'),(4322152,'TUNAS','RS'),(4322186,'TUPANCI DO SUL','RS'),(4322202,'TUPANCIRETA','RS'),(4322251,'TUPANDI','RS'),(4322301,'TUPARENDI','RS'),(4322327,'TURUCU','RS'),(4322343,'UBIRETAMA','RS'),(4322350,'UNIAO DA SERRA','RS'),(4322376,'UNISTALDA','RS'),(4322400,'URUGUAIANA','RS'),(4322509,'VACARIA','RS'),(4322525,'VALE VERDE','RS'),(4322533,'VALE DO SOL','RS'),(4322541,'VALE REAL','RS'),(4322558,'VANINI','RS'),(4322608,'VENANCIO AIRES','RS'),(4322707,'VERA CRUZ','RS'),(4322806,'VERANOPOLIS','RS'),(4322855,'VESPASIANO CORREA','RS'),(4322905,'VIADUTOS','RS'),(4323002,'VIAMAO','RS'),(4323101,'VICENTE DUTRA','RS'),(4323200,'VICTOR GRAEFF','RS'),(4323309,'VILA FLORES','RS'),(4323358,'VILA LANGARO','RS'),(4323408,'VILA MARIA','RS'),(4323457,'VILA NOVA DO SUL','RS'),(4323507,'VISTA ALEGRE','RS'),(4323606,'VISTA ALEGRE DO PRATA','RS'),(4323705,'VISTA GAUCHA','RS'),(4323754,'VITORIA DAS MISSOES','RS'),(4323770,'WESTFALIA','RS'),(4323804,'XANGRI-LA','RS'),(5000203,'AGUA CLARA','MS'),(5000252,'ALCINOPOLIS','MS'),(5000609,'AMAMBAI','MS'),(5000708,'ANASTACIO','MS'),(5000807,'ANAURILANDIA','MS'),(5000856,'ANGELICA','MS'),(5000906,'ANTONIO JOAO','MS'),(5001003,'APARECIDA DO TABOADO','MS'),(5001102,'AQUIDAUANA','MS'),(5001243,'ARAL MOREIRA','MS'),(5001508,'BANDEIRANTES','MS'),(5001904,'BATAGUASSU','MS'),(5002001,'BATAYPORA','MS'),(5002100,'BELA VISTA','MS'),(5002159,'BODOQUENA','MS'),(5002209,'BONITO','MS'),(5002308,'BRASILANDIA','MS'),(5002407,'CAARAPO','MS'),(5002605,'CAMAPUA','MS'),(5002704,'CAMPO GRANDE','MS'),(5002803,'CARACOL','MS'),(5002902,'CASSILANDIA','MS'),(5002951,'CHAPADAO DO SUL','MS'),(5003108,'CORGUINHO','MS'),(5003157,'CORONEL SAPUCAIA','MS'),(5003207,'CORUMBA','MS'),(5003256,'COSTA RICA','MS'),(5003306,'COXIM','MS'),(5003454,'DEODAPOLIS','MS'),(5003488,'DOIS IRMAOS DO BURITI','MS'),(5003504,'DOURADINA','MS'),(5003702,'DOURADOS','MS'),(5003751,'ELDORADO','MS'),(5003801,'FATIMA DO SUL','MS'),(5003900,'FIGUEIRAO','MS'),(5004007,'GLORIA DE DOURADOS','MS'),(5004106,'GUIA LOPES DA LAGUNA','MS'),(5004304,'IGUATEMI','MS'),(5004403,'INOCENCIA','MS'),(5004502,'ITAPORA','MS'),(5004601,'ITAQUIRAI','MS'),(5004700,'IVINHEMA','MS'),(5004809,'JAPORA','MS'),(5004908,'JARAGUARI','MS'),(5005004,'JARDIM','MS'),(5005103,'JATEI','MS'),(5005152,'JUTI','MS'),(5005202,'LADARIO','MS'),(5005251,'LAGUNA CARAPA','MS'),(5005400,'MARACAJU','MS'),(5005608,'MIRANDA','MS'),(5005681,'MUNDO NOVO','MS'),(5005707,'NAVIRAI','MS'),(5005806,'NIOAQUE','MS'),(5006002,'NOVA ALVORADA DO SUL','MS'),(5006200,'NOVA ANDRADINA','MS'),(5006259,'NOVO HORIZONTE DO SUL','MS'),(5006309,'PARANAIBA','MS'),(5006358,'PARANHOS','MS'),(5006408,'PEDRO GOMES','MS'),(5006606,'PONTA PORA','MS'),(5006903,'PORTO MURTINHO','MS'),(5007109,'RIBAS DO RIO PARDO','MS'),(5007208,'RIO BRILHANTE','MS'),(5007307,'RIO NEGRO','MS'),(5007406,'RIO VERDE DE MATO GROSSO','MS'),(5007505,'ROCHEDO','MS'),(5007554,'SANTA RITA DO PARDO','MS'),(5007695,'SAO GABRIEL DO OESTE','MS'),(5007703,'SETE QUEDAS','MS'),(5007802,'SELVIRIA','MS'),(5007901,'SIDROLANDIA','MS'),(5007935,'SONORA','MS'),(5007950,'TACURU','MS'),(5007976,'TAQUARUSSU','MS'),(5008008,'TERENOS','MS'),(5008305,'TRES LAGOAS','MS'),(5008404,'VICENTINA','MS'),(5100102,'ACORIZAL','MT'),(5100201,'AGUA BOA','MT'),(5100250,'ALTA FLORESTA','MT'),(5100300,'ALTO ARAGUAIA','MT'),(5100359,'ALTO BOA VISTA','MT'),(5100409,'ALTO GARCAS','MT'),(5100508,'ALTO PARAGUAI','MT'),(5100607,'ALTO TAQUARI','MT'),(5100805,'APIACAS','MT'),(5101001,'ARAGUAIANA','MT'),(5101209,'ARAGUAINHA','MT'),(5101258,'ARAPUTANGA','MT'),(5101308,'ARENAPOLIS','MT'),(5101407,'ARIPUANA','MT'),(5101605,'BARAO DE MELGACO','MT'),(5101704,'BARRA DO BUGRES','MT'),(5101803,'BARRA DO GARCAS','MT'),(5101852,'BOM JESUS DO ARAGUAIA','MT'),(5101902,'BRASNORTE','MT'),(5102504,'CACERES','MT'),(5102603,'CAMPINAPOLIS','MT'),(5102637,'CAMPO NOVO DO PARECIS','MT'),(5102678,'CAMPO VERDE','MT'),(5102686,'CAMPOS DE JULIO','MT'),(5102694,'CANABRAVA DO NORTE','MT'),(5102702,'CANARANA','MT'),(5102793,'CARLINDA','MT'),(5102850,'CASTANHEIRA','MT'),(5103007,'CHAPADA DOS GUIMARAES','MT'),(5103056,'CLAUDIA','MT'),(5103106,'COCALINHO','MT'),(5103205,'COLIDER','MT'),(5103254,'COLNIZA','MT'),(5103304,'COMODORO','MT'),(5103353,'CONFRESA','MT'),(5103361,'CONQUISTA D\'OESTE','MT'),(5103379,'COTRIGUACU','MT'),(5103403,'CUIABA','MT'),(5103437,'CURVELANDIA','MT'),(5103452,'DENISE','MT'),(5103502,'DIAMANTINO','MT'),(5103601,'DOM AQUINO','MT'),(5103700,'FELIZ NATAL','MT'),(5103809,'FIGUEIROPOLIS D\'OESTE','MT'),(5103858,'GAUCHA DO NORTE','MT'),(5103908,'GENERAL CARNEIRO','MT'),(5103957,'GLORIA D\'OESTE','MT'),(5104104,'GUARANTA DO NORTE','MT'),(5104203,'GUIRATINGA','MT'),(5104500,'INDIAVAI','MT'),(5104526,'IPIRANGA DO NORTE','MT'),(5104542,'ITANHANGA','MT'),(5104559,'ITAUBA','MT'),(5104609,'ITIQUIRA','MT'),(5104807,'JACIARA','MT'),(5104906,'JANGADA','MT'),(5105002,'JAURU','MT'),(5105101,'JUARA','MT'),(5105150,'JUINA','MT'),(5105176,'JURUENA','MT'),(5105200,'JUSCIMEIRA','MT'),(5105234,'LAMBARI D\'OESTE','MT'),(5105259,'LUCAS DO RIO VERDE','MT'),(5105309,'LUCIARA','MT'),(5105507,'VILA BELA DA SANTISSIMA TRINDADE','MT'),(5105580,'MARCELANDIA','MT'),(5105606,'MATUPA','MT'),(5105622,'MIRASSOL D\'OESTE','MT'),(5105903,'NOBRES','MT'),(5106000,'NORTELANDIA','MT'),(5106109,'NOSSA SENHORA DO LIVRAMENTO','MT'),(5106158,'NOVA BANDEIRANTES','MT'),(5106174,'NOVA NAZARE','MT'),(5106182,'NOVA LACERDA','MT'),(5106190,'NOVA SANTA HELENA','MT'),(5106208,'NOVA BRASILANDIA','MT'),(5106216,'NOVA CANAA DO NORTE','MT'),(5106224,'NOVA MUTUM','MT'),(5106232,'NOVA OLIMPIA','MT'),(5106240,'NOVA UBIRATA','MT'),(5106257,'NOVA XAVANTINA','MT'),(5106265,'NOVO MUNDO','MT'),(5106273,'NOVO HORIZONTE DO NORTE','MT'),(5106281,'NOVO SAO JOAQUIM','MT'),(5106299,'PARANAITA','MT'),(5106307,'PARANATINGA','MT'),(5106315,'NOVO SANTO ANTONIO','MT'),(5106372,'PEDRA PRETA','MT'),(5106422,'PEIXOTO DE AZEVEDO','MT'),(5106455,'PLANALTO DA SERRA','MT'),(5106505,'POCONE','MT'),(5106653,'PONTAL DO ARAGUAIA','MT'),(5106703,'PONTE BRANCA','MT'),(5106752,'PONTES E LACERDA','MT'),(5106778,'PORTO ALEGRE DO NORTE','MT'),(5106802,'PORTO DOS GAUCHOS','MT'),(5106828,'PORTO ESPERIDIAO','MT'),(5106851,'PORTO ESTRELA','MT'),(5107008,'POXOREO','MT'),(5107040,'PRIMAVERA DO LESTE','MT'),(5107065,'QUERENCIA','MT'),(5107107,'SAO JOSE DOS QUATRO MARCOS','MT'),(5107156,'RESERVA DO CABACAL','MT'),(5107180,'RIBEIRAO CASCALHEIRA','MT'),(5107198,'RIBEIRAOZINHO','MT'),(5107206,'RIO BRANCO','MT'),(5107248,'SANTA CARMEM','MT'),(5107263,'SANTO AFONSO','MT'),(5107297,'SAO JOSE DO POVO','MT'),(5107305,'SAO JOSE DO RIO CLARO','MT'),(5107354,'SAO JOSE DO XINGU','MT'),(5107404,'SAO PEDRO DA CIPA','MT'),(5107578,'RONDOLANDIA','MT'),(5107602,'RONDONOPOLIS','MT'),(5107701,'ROSARIO OESTE','MT'),(5107743,'SANTA CRUZ DO XINGU','MT'),(5107750,'SALTO DO CEU','MT'),(5107768,'SANTA RITA DO TRIVELATO','MT'),(5107776,'SANTA TEREZINHA','MT'),(5107792,'SANTO ANTONIO DO LESTE','MT'),(5107800,'SANTO ANTONIO DO LEVERGER','MT'),(5107859,'SAO FELIX DO ARAGUAIA','MT'),(5107875,'SAPEZAL','MT'),(5107883,'SERRA NOVA DOURADA','MT'),(5107909,'SINOP','MT'),(5107925,'SORRISO','MT'),(5107941,'TABAPORA','MT'),(5107958,'TANGARA DA SERRA','MT'),(5108006,'TAPURAH','MT'),(5108055,'TERRA NOVA DO NORTE','MT'),(5108105,'TESOURO','MT'),(5108204,'TORIXOREU','MT'),(5108303,'UNIAO DO SUL','MT'),(5108352,'VALE DE SAO DOMINGOS','MT'),(5108402,'VARZEA GRANDE','MT'),(5108501,'VERA','MT'),(5108600,'VILA RICA','MT'),(5108808,'NOVA GUARITA','MT'),(5108857,'NOVA MARILANDIA','MT'),(5108907,'NOVA MARINGA','MT'),(5108956,'NOVA MONTE VERDE','MT'),(5200050,'ABADIA DE GOIAS','GO'),(5200100,'ABADIANIA','GO'),(5200134,'ACREUNA','GO'),(5200159,'ADELANDIA','GO'),(5200175,'AGUA FRIA DE GOIAS','GO'),(5200209,'AGUA LIMPA','GO'),(5200258,'AGUAS LINDAS DE GOIAS','GO'),(5200308,'ALEXANIA','GO'),(5200506,'ALOANDIA','GO'),(5200555,'ALTO HORIZONTE','GO'),(5200605,'ALTO PARAISO DE GOIAS','GO'),(5200803,'ALVORADA DO NORTE','GO'),(5200829,'AMARALINA','GO'),(5200852,'AMERICANO DO BRASIL','GO'),(5200902,'AMORINOPOLIS','GO'),(5201108,'ANAPOLIS','GO'),(5201207,'ANHANGUERA','GO'),(5201306,'ANICUNS','GO'),(5201405,'APARECIDA DE GOIANIA','GO'),(5201454,'APARECIDA DO RIO DOCE','GO'),(5201504,'APORE','GO'),(5201603,'ARACU','GO'),(5201702,'ARAGARCAS','GO'),(5201801,'ARAGOIANIA','GO'),(5202155,'ARAGUAPAZ','GO'),(5202353,'ARENOPOLIS','GO'),(5202502,'ARUANA','GO'),(5202601,'AURILANDIA','GO'),(5202809,'AVELINOPOLIS','GO'),(5203104,'BALIZA','GO'),(5203203,'BARRO ALTO','GO'),(5203302,'BELA VISTA DE GOIAS','GO'),(5203401,'BOM JARDIM DE GOIAS','GO'),(5203500,'BOM JESUS DE GOIAS','GO'),(5203559,'BONFINOPOLIS','GO'),(5203575,'BONOPOLIS','GO'),(5203609,'BRAZABRANTES','GO'),(5203807,'BRITANIA','GO'),(5203906,'BURITI ALEGRE','GO'),(5203939,'BURITI DE GOIAS','GO'),(5203962,'BURITINOPOLIS','GO'),(5204003,'CABECEIRAS','GO'),(5204102,'CACHOEIRA ALTA','GO'),(5204201,'CACHOEIRA DE GOIAS','GO'),(5204250,'CACHOEIRA DOURADA','GO'),(5204300,'CACU','GO'),(5204409,'CAIAPONIA','GO'),(5204508,'CALDAS NOVAS','GO'),(5204557,'CALDAZINHA','GO'),(5204607,'CAMPESTRE DE GOIAS','GO'),(5204656,'CAMPINACU','GO'),(5204706,'CAMPINORTE','GO'),(5204805,'CAMPO ALEGRE DE GOIAS','GO'),(5204854,'CAMPO LIMPO DE GOIAS','GO'),(5204904,'CAMPOS BELOS','GO'),(5204953,'CAMPOS VERDES','GO'),(5205000,'CARMO DO RIO VERDE','GO'),(5205059,'CASTELANDIA','GO'),(5205109,'CATALAO','GO'),(5205208,'CATURAI','GO'),(5205307,'CAVALCANTE','GO'),(5205406,'CERES','GO'),(5205455,'CEZARINA','GO'),(5205471,'CHAPADAO DO CEU','GO'),(5205497,'CIDADE OCIDENTAL','GO'),(5205513,'COCALZINHO DE GOIAS','GO'),(5205521,'COLINAS DO SUL','GO'),(5205703,'CORREGO DO OURO','GO'),(5205802,'CORUMBA DE GOIAS','GO'),(5205901,'CORUMBAIBA','GO'),(5206206,'CRISTALINA','GO'),(5206305,'CRISTIANOPOLIS','GO'),(5206404,'CRIXAS','GO'),(5206503,'CROMINIA','GO'),(5206602,'CUMARI','GO'),(5206701,'DAMIANOPOLIS','GO'),(5206800,'DAMOLANDIA','GO'),(5206909,'DAVINOPOLIS','GO'),(5207105,'DIORAMA','GO'),(5207253,'DOVERLANDIA','GO'),(5207352,'EDEALINA','GO'),(5207402,'EDEIA','GO'),(5207501,'ESTRELA DO NORTE','GO'),(5207535,'FAINA','GO'),(5207600,'FAZENDA NOVA','GO'),(5207808,'FIRMINOPOLIS','GO'),(5207907,'FLORES DE GOIAS','GO'),(5208004,'FORMOSA','GO'),(5208103,'FORMOSO','GO'),(5208152,'GAMELEIRA DE GOIAS','GO'),(5208301,'DIVINOPOLIS DE GOIAS','GO'),(5208400,'GOIANAPOLIS','GO'),(5208509,'GOIANDIRA','GO'),(5208608,'GOIANESIA','GO'),(5208707,'GOIANIA','GO'),(5208806,'GOIANIRA','GO'),(5208905,'GOIAS','GO'),(5209101,'GOIATUBA','GO'),(5209150,'GOUVELANDIA','GO'),(5209200,'GUAPO','GO'),(5209291,'GUARAITA','GO'),(5209408,'GUARANI DE GOIAS','GO'),(5209457,'GUARINOS','GO'),(5209606,'HEITORAI','GO'),(5209705,'HIDROLANDIA','GO'),(5209804,'HIDROLINA','GO'),(5209903,'IACIARA','GO'),(5209937,'INACIOLANDIA','GO'),(5209952,'INDIARA','GO'),(5210000,'INHUMAS','GO'),(5210109,'IPAMERI','GO'),(5210158,'IPIRANGA DE GOIAS','GO'),(5210208,'IPORA','GO'),(5210307,'ISRAELANDIA','GO'),(5210406,'ITABERAI','GO'),(5210562,'ITAGUARI','GO'),(5210604,'ITAGUARU','GO'),(5210802,'ITAJA','GO'),(5210901,'ITAPACI','GO'),(5211008,'ITAPIRAPUA','GO'),(5211206,'ITAPURANGA','GO'),(5211305,'ITARUMA','GO'),(5211404,'ITAUCU','GO'),(5211503,'ITUMBIARA','GO'),(5211602,'IVOLANDIA','GO'),(5211701,'JANDAIA','GO'),(5211800,'JARAGUA','GO'),(5211909,'JATAI','GO'),(5212006,'JAUPACI','GO'),(5212055,'JESUPOLIS','GO'),(5212105,'JOVIANIA','GO'),(5212204,'JUSSARA','GO'),(5212303,'LEOPOLDO DE BULHOES','GO'),(5212501,'LUZIANIA','GO'),(5212600,'MAIRIPOTABA','GO'),(5212709,'MAMBAI','GO'),(5212808,'MARA ROSA','GO'),(5212907,'MARZAGAO','GO'),(5212956,'MATRINCHA','GO'),(5213004,'MAURILANDIA','GO'),(5213053,'MIMOSO DE GOIAS','GO'),(5213087,'MINACU','GO'),(5213103,'MINEIROS','GO'),(5213400,'MOIPORA','GO'),(5213509,'MONTE ALEGRE DE GOIAS','GO'),(5213707,'MONTES CLAROS DE GOIAS','GO'),(5213756,'MONTIVIDIU','GO'),(5213772,'MONTIVIDIU DO NORTE','GO'),(5213806,'MORRINHOS','GO'),(5213855,'MORRO AGUDO DE GOIAS','GO'),(5213905,'MOSSAMEDES','GO'),(5214002,'MOZARLANDIA','GO'),(5214051,'MUNDO NOVO','GO'),(5214101,'MUTUNOPOLIS','GO'),(5214408,'NAZARIO','GO'),(5214507,'NEROPOLIS','GO'),(5214606,'NIQUELANDIA','GO'),(5214705,'NOVA AMERICA','GO'),(5214804,'NOVA AURORA','GO'),(5214838,'NOVA CRIXAS','GO'),(5214861,'NOVA GLORIA','GO'),(5214879,'NOVA IGUACU DE GOIAS','GO'),(5214903,'NOVA ROMA','GO'),(5215009,'NOVA VENEZA','GO'),(5215207,'NOVO BRASIL','GO'),(5215231,'NOVO GAMA','GO'),(5215256,'NOVO PLANALTO','GO'),(5215306,'ORIZONA','GO'),(5215405,'OURO VERDE DE GOIAS','GO'),(5215504,'OUVIDOR','GO'),(5215603,'PADRE BERNARDO','GO'),(5215652,'PALESTINA DE GOIAS','GO'),(5215702,'PALMEIRAS DE GOIAS','GO'),(5215801,'PALMELO','GO'),(5215900,'PALMINOPOLIS','GO'),(5216007,'PANAMA','GO'),(5216304,'PARANAIGUARA','GO'),(5216403,'PARAUNA','GO'),(5216452,'PEROLANDIA','GO'),(5216809,'PETROLINA DE GOIAS','GO'),(5216908,'PILAR DE GOIAS','GO'),(5217104,'PIRACANJUBA','GO'),(5217203,'PIRANHAS','GO'),(5217302,'PIRENOPOLIS','GO'),(5217401,'PIRES DO RIO','GO'),(5217609,'PLANALTINA','GO'),(5217708,'PONTALINA','GO'),(5218003,'PORANGATU','GO'),(5218052,'PORTEIRAO','GO'),(5218102,'PORTELANDIA','GO'),(5218300,'POSSE','GO'),(5218391,'PROFESSOR JAMIL','GO'),(5218508,'QUIRINOPOLIS','GO'),(5218607,'RIALMA','GO'),(5218706,'RIANAPOLIS','GO'),(5218789,'RIO QUENTE','GO'),(5218805,'RIO VERDE','GO'),(5218904,'RUBIATABA','GO'),(5219001,'SANCLERLANDIA','GO'),(5219100,'SANTA BARBARA DE GOIAS','GO'),(5219209,'SANTA CRUZ DE GOIAS','GO'),(5219258,'SANTA FE DE GOIAS','GO'),(5219308,'SANTA HELENA DE GOIAS','GO'),(5219357,'SANTA ISABEL','GO'),(5219407,'SANTA RITA DO ARAGUAIA','GO'),(5219456,'SANTA RITA DO NOVO DESTINO','GO'),(5219506,'SANTA ROSA DE GOIAS','GO'),(5219605,'SANTA TEREZA DE GOIAS','GO'),(5219704,'SANTA TEREZINHA DE GOIAS','GO'),(5219712,'SANTO ANTONIO DA BARRA','GO'),(5219738,'SANTO ANTONIO DE GOIAS','GO'),(5219753,'SANTO ANTONIO DO DESCOBERTO','GO'),(5219803,'SAO DOMINGOS','GO'),(5219902,'SAO FRANCISCO DE GOIAS','GO'),(5220009,'SAO JOAO D\'ALIANCA','GO'),(5220058,'SAO JOAO DA PARAUNA','GO'),(5220108,'SAO LUIS DE MONTES BELOS','GO'),(5220157,'SAO LUIZ DO NORTE','GO'),(5220207,'SAO MIGUEL DO ARAGUAIA','GO'),(5220264,'SAO MIGUEL DO PASSA QUATRO','GO'),(5220280,'SAO PATRICIO','GO'),(5220405,'SAO SIMAO','GO'),(5220454,'SENADOR CANEDO','GO'),(5220504,'SERRANOPOLIS','GO'),(5220603,'SILVANIA','GO'),(5220686,'SIMOLANDIA','GO'),(5220702,'SITIO D\'ABADIA','GO'),(5221007,'TAQUARAL DE GOIAS','GO'),(5221080,'TERESINA DE GOIAS','GO'),(5221197,'TEREZOPOLIS DE GOIAS','GO'),(5221304,'TRES RANCHOS','GO'),(5221403,'TRINDADE','GO'),(5221452,'TROMBAS','GO'),(5221502,'TURVANIA','GO'),(5221551,'TURVELANDIA','GO'),(5221577,'UIRAPURU','GO'),(5221601,'URUACU','GO'),(5221700,'URUANA','GO'),(5221809,'URUTAI','GO'),(5221858,'VALPARAISO DE GOIAS','GO'),(5221908,'VARJAO','GO'),(5222005,'VIANOPOLIS','GO'),(5222054,'VICENTINOPOLIS','GO'),(5222203,'VILA BOA','GO'),(5222302,'VILA PROPICIO','GO'),(5300108,'BRASILIA','DF');
/*!40000 ALTER TABLE `pref_abrasf_cidades` ENABLE KEYS */;
UNLOCK TABLES;

--
-- Table structure for table `pref_abrasf_solucoes`
--

DROP TABLE IF EXISTS `pref_abrasf_solucoes`;
/*!40101 SET @saved_cs_client     = @@character_set_client */;
/*!50503 SET character_set_client = utf8mb4 */;
CREATE TABLE `pref_abrasf_solucoes` (
  `cod_solu` varchar(255) DEFAULT NULL,
  `des_solu` longtext
) ENGINE=InnoDB DEFAULT CHARSET=utf8 ROW_FORMAT=COMPACT COMMENT='ABRASF: Tabela de solucoes - Termo Ref Anexo 10';
/*!40101 SET character_set_client = @saved_cs_client */;

--
-- Dumping data for table `pref_abrasf_solucoes`
--

LOCK TABLES `pref_abrasf_solucoes` WRITE;
/*!40000 ALTER TABLE `pref_abrasf_solucoes` DISABLE KEYS */;
INSERT INTO `pref_abrasf_solucoes` VALUES ('0001','<br>1.Verifique se o código de dependência informado no registro 0410 está correto\n<br>2.Verifique se o indicador de contabilidade própria informado para essa dependência no registro 0410 está correto'),('0002','<br>1.Verifique se o código de dependência informado no registro 0410 está correto\n<br>2.Verifique se o indicador de contabilidade própria informado para essa dependência no registro 0410 está correto.'),('0003','<br>1.Verifique os dados do balancete informados para a conta, no mês indicado.\n<br>2.È obrigatório informar o valor do Saldo Inicial, campo  6 do registro 0410.'),('0004','<br>1.Verifique os dados do balancete informados para a conta, no mês indicado e no mês imediatamente anterior.\n<br>2.O saldo Inicial de um mês deve ser sempre o Saldo Final do mês anterior.'),('0005','<br>1.Verifique o valor do saldo inicial, campo 6, informado para a conta na competência no registro 0410.\n<br>2.Verifique se existe e deixaram de ser informados no registro 0410 lançamentos  dessa conta para competências anteriores. Informe-os\n<br>3.O saldo inicial para a primeira ocorrência da conta no período da declaração deve ser sempre zero.'),('0006','<br>1.Verifique os dados do balancete informados para a conta, no mês indicado.\n<br>2.È obrigatório informar o valor total  dos Débitos, campo 7 do registro 0410.'),('0007','<br>1.Verifique o valor do Débito informado no campo 7 do registro 0410.\n<br>2.O valor do débito não pode ter sinal (-), deve ser informado valor absoluto.'),('0008','<br>1.Verifique os dados do balancete informados para a conta, no mês indicado.\n<br>2.È obrigatório informar o valor total  dos Créditos, campo 8 do registro 0410.'),('0009','<br>1.Verifique o valor do Crédito informado no campo 8 do registro 0410.\n<br>2.O valor do crédito não pode ter sinal (-), deve ser informado valor absoluto.'),('0010','<br>1.Verifique os dados do balancete informados para a conta, no mês indicado.\n<br>2.È obrigatório informar o valor do Saldo Final, campo 9 do registro 0410.'),('0011','<br>1.Verifique os dados do balancete informados para a conta, no mês indicado.\n<br>2.O valor do Saldo Final no mês, campo 9 do registro 0410, deve ser igual ao resultado da operação abaixo:\n<br>3.Saldo Inicial + Créditos – Débitos , para  mesmo mês, lembrando que os valores dos créditos e débitos são sempre valores absolutos.'),('0012','<br>1.Verifique os registros 0410 informados para a dependência\n<br>2.Informe o registro 0410 para a competência que está faltando.'),('0013','<br>1.Identifique todos os registros 0410 para a conta e verifique as competências informadas, campo 4 do registro 0410\n<br>2.Para uma mesma conta só pode existir uma única ocorrência por competência.'),('0014','<br>1.Verifique a competência inicial, campo 7, e a competência final, campo 8, informadas no registro 0000.\n<br>2.O ano e o mês de competência sempre devem pertencer ao período, campos 7 e 8,  informado no registro 0000 da declaração.'),('0015','<br>1.Verifique os valores de rateio informados para a dependência, no  mês de competência especificado.\n<br>2.É obrigatório informar a descrição do rateio, campo 5 do registro 0420.'),('0016','<br>1.Verifique os valores de rateio informados para a dependência, no  mês de competência especificado.\n<br>2.É obrigatório informar o valor rateado, campo 6 do registro 0420.'),('0017','<br>1.Verifique os dados do balancete informados para a conta, no mês indicado  <br>2.Quando houver movimentação em um mês, deverá haver lançamento até o final do semestre ou do mês/ano indicado no campo 8 do registro 0000, ainda que o saldo seja igual a zero ou que não haja lançamento posterior à data de movimentação.'),('0018','<br>1.Verifique os valores de rateio informados para a dependência, no  mês de competência especificado.\n<br>2.É obrigatório informar o código de evento, campo 8 do registro 0420, para todas as partidas de rateio.'),('0019','<br>1.Verifique os valores de rateio informados para a dependência, no  mês de competência especificado.\n<br>2.O código de evento, campo 8 do registro 0420,  informado para as partidas de rateio deve constar na Tabela  de Eventos Contábeis em Contas de Resultado.'),('0020','<br>1.Verifique os valores de rateio informados para a dependência, no  mês de competência especificado.\n<br>2.O código de evento, campo 8 do registro 0420,  informado para as partidas de rateio não pode ser 113. Informe o código de evento apropriado.'),('0021','<br>1.Verifique se não foi inserido indevidamente um separador de campo (|) no registro 0000\n<br>2.Verifique se todos os caracteres informados são numéricos \n<br>3.O CNPJ é o terceiro campo do Registro 0000 e deve ser preenchido nesse formato:<br>Num_linha|0000|CNPJ|'),('0022','<br>1.Verifique se não foi inserido indevidamente um separador de campo ( | ) no registro 0000\n<br>2.A razão social é o quarto campo do Registro 0000 e deve ser preenchido nesse formato:<br>Num_linha|0000|CNPJ|razaosocial|'),('0023','<br>1.Verifique se o quinto campo do Registro 0000 é uma letra;\n<br>2.Verifique se a letra informada no sexto campo do Registro 0000 existe na Tabela de Títulos – Anexo 2 da DES-IF .O formato do registro 0000 deve ser:<br>Num_linha|0000|CNPJ|razaosocial|tipode instituição|'),('0024','<br>1.Verifique se o ano informado é realmente o ano da declaração. <br>2.Se o ano estiver correto, abandone essa declaração, pois não serão recebidas declarações referentes a períodos anteriores a 10 anos.\n<br>3.Se for o caso, procure a gerência especializada de fiscalização bancária do ISSQN.'),('0025','<br>1.Verifique a competência, campos 7 e 8 do registro 0000 e identifique o ano. O formato da competência é aaaamm (ano-mês)\n<br>2.Corrija o ano da competência, nunca pode posterior ao ano corrente.'),('0026','<br>1.O tipo da declaração, campo 10 do registro 0000, só pode ser 1 ou 2 para declarações Normais ou Retificadoras, respectivamente.\n<br>2.Verifique se o campo 10 do registro 0000 é igual a 1 ou 2.'),('0027','<br>1.Verifique se o campo 4 do registro 0400 foi informado.\n<br>2.Só pode ser informado 1ou 2. Informar 1 se o código da dependência for o número da inscrição municipal ou 2 se não for a inscrição municipal.'),('0028','<br>1.Verifique se o tipo de dependência informado, campo 6 do Registro 0400,  é uma número de  um algarismo\n<br>2.Verifique se o número informado no campo 6 do Registro 0400 existe na Tabela de Tipos de Dependências – Anexo 8 da DES-IF .\n<br>3.Informe somente os tipos de dependência constantes na tabela (Anexo 8)'),('0029','<br>1.Preencha o campo 7 do registro 0400 com o endereço da dependência sempre que o código informado para a dependência não for a inscrição municipal, isto é o indicador de inscrição (campo 4) for igual a 2.\n<br>2.Verifique se o código da dependência (campo 3) do registro 0400 é igual a inscrição municipal. Se for, corrija o indicador de inscrição municipal, campo 4, alterando-o para 1.'),('0030','<br>1.Verifique a data fim de paralisação, campo 12 do registro 0400.\nQuando a data de fim de paralisação é informada (campo 12), obrigatoriamente deve ser informada a data de início de paralisação (campo 11);\n<br>2.A data de fim da paralisação deve ser posterior a de inicio da paralisação.'),('0031','<br>1.Verifique as datas inicio e fim de paralisação, campos 11 e campo12 do registro 0400.\n<br>2.A data de fim da paralisação deve ser posterior a de inicio da paralisação.'),('0032','<br>1.Verifique qual o módulo dessa declaração, campo 9 do registro 0000.\n<br>2.Verifique o tipo de consolidação informado, campo 12 do registro 0000.\n<br>3.Sempre que o módulo da declaração for igual a 2 (Apuração Mensal do ISSQN) é obrigatório informar o tipo de consolidação.'),('0033','<br>1.Verifique o módulo da declaração informado, campo 9 do registro 0000.\n<br>2.Verifique o tipo de consolidação informado, campo 12 do registro 0000.\n<br>3.Verifique o CNPJ responsável pelo recolhimento, campo 13 do registro 0000\n<br>4.Se o módulo da declaração é igual a 2 (Apuração Mensal do ISSQN)  e o tipo de consolidação for 1 ou 2, consolidação por instituição, é obrigatório informar o CNPJ responsável pelo recolhimento.'),('0034','<br>1.Não foi informado o módulo da declaração, campo 9 do registro 0000. \n<br>2.Preencha o campo 9 do registro 0000 com:\n<br>1 – se módulo Contábil ou\n<br>2 – se módulo da declaração for Apuração Mensal do ISSQN da declaração for Demonstrativo \n<br>3 – se módulo de Informações Comuns aos Municípios'),('0035','<br>1.Verifique o módulo da declaração, campo 9 do registro 0000. \n<br>2.O módulo da declaração só pode ser 1 ou 2, a saber:\n<br>1 – se módulo da declaração for Demonstrativo Contábil ou\n<br>2 – se módulo da declaração for Apuração Mensal do ISSQN\n<br>3 – se módulo de Informações Comuns aos Municípios'),('0036','<br>1.Verifique a identificação de contabilidade própria, campo 10 do registro 0400.\n<br>2.Verifique o CNPJ unificador, campo 8 do registro 0400.\n<br>3.Verifique o CNPJ próprio, campo 5 do registro 0400.\n<br>4.Dependências que possuem contabilidade própria, isto é, campo 10 do registro 0430 igual a 1, devem ter o CNPJ unificador igual ao CNPJ próprio   \n<br>5.Dependências que não possuem contabilidade própria, isto é, campo 10 do registro 0430 igual a 2, devem ter o CNPJ unificador diferente do CNPJ próprio.'),('0037','<br>1.Preencha o campo 6 do registro 0400 com o tipo de dependência conforme tabela de Tipos de Dependências – Anexo 8 da DES-IF'),('0038','<br>1.Informe o tipo de declaração, campo 10 do registro 0000.'),('0039','<br>1.Verifique o CNPJ responsável pelo recolhimento, campo 13 do registro 0000\n<br>2.Identifique o registro 0400 onde o CNPJ próprio, campo 5, é igual ao CNPJ responsável pelo recolhimento\n<br>3.Se  a dependência do registro 0400 encontrado possui contabilidade própria, corrija o indicador de contabilidade própria, campo 10 do registro 0400, informando 1.\n<br>4.Se a dependência do registro 0400 encontrado não possui contabilidade própria, ela não pode ser responsável pelo recolhimento. Informe outro CNPJ, de outra dependência no campo 13 do registro 0000'),('0040','<br>1.Preencha o campo 5 do registro 0000 com o tipo de instituição conforme tabela de Tipos de Títulos – Anexo 2 da DES-IF'),('0041','<br>1.Verifique se o módulo da declaração, campo 9 do registro 0000,  informado está correto.\n<br>2.Se o módulo da declaração estiver correto, não informe o tipo de consolidação, ou seja, não preencha o campo 12 do registro 0000.\n<br>3.Se  o módulo da declaração for Apuração Mensal do ISSQN, corrija o registro 0000, informando 2 no campo 9.'),('0042','<br>1.Verifique o tipo de consolidação aceito pelo município'),('0043','<br>1.Verifique o módulo da declaração, campo 9 do registro 0000\n<br>2.Verifique o ano e o mês de início da competência da declaração, campo 7 do registro 0000  \n<br>3.Verifique o ano e o mês de fim da competência da declaração, campo 8 do registro 0000\n<br>4.Quando o módulo da declaração (campo 9)  for igual a 2 (Apuração Mensal do ISSQN), o ano-mês de inicio da competência deve ser igual ao ano-mês fim da competência.'),('0044','<br>1.Verifique o tipo de declaração informado no campo 10 do registro 0000\n<br>2.Verifique o numero do protocolo informado no campo 11 do registro 0000\n<br>3.Se o tipo da declaração for igual a 2 (retificadora), é obrigatório informar o número do Protocolo da declaração anterior.'),('0045','<br>1.Verifique o número do protocolo da declaração anterior informado no campo 11 do registro 0000\n<br>2.Confira com o número oficial do protocolo da declaração anterior que está sendo retificada ou complementada.\n<br>3.Informe o número de protocolo correto.'),('0046','<br>1.Verifique o número do protocolo da declaração anterior informado no campo 11 do registro 0000\n<br>2.Verifique o tipo de declaração informado no campo 10 do registro 0000\n<br>3.Número do protocolo só deve ser informado quando o tipo de declaração for igual a 2 (retificadora)'),('0047','<br>1.Verifique a competência da declaração, campo 7 do registro 0000.\n<br>2.Verifique a data fim de paralisação, campo 12 do registro 0400.\n<br>3.A data fim de paralisação da dependência não pode ser  anterior a competência da declaração.'),('0048','<br>1.Verifique os  códigos de dependência,campo 3 dos registros 0400.\n<br>2.Não pode existir mais de um registro 0400 com o mesmo código de dependência '),('0049','<br>1.Verifique os CNPJ’s próprios,campo 5 dos registros 0400.\n<br>2.Não pode existir mais de um registro 0400 com o mesmo CNPJ próprio\n<br>3.Elimine a duplicação, excluindo ou corrigindo os registros duplicados.'),('0050','<br>1.Verifique a data inicio de paralisação, campo 12 do registro 0400.\n<br>2.Verifique a competência da declaração, campo 7 do registro 0000\n<br>3.A data de início da paralisação não pode ser posterior à competência da declaração.'),('0051','<br>1.Verifique o tipo de consolidação informado no campo12 do registro 0000.\n<br>2.O tipo de consolidação é informação obrigatória quando o módulo da declaração é igual a 2 (Apuração Mensal do ISSQN) é deve ser 1 ou 2 ou 3 ou 4, a saber:\n<br>1 – Consolidação por instituição e alíquota\n<br>2 – Consolidação por instituição, código de tributação e alíquota\n<br>3 – Consolidação por dependência e alíquota\n<br>4 – Consolidação por dependência, código de tributação e alíquota'),('0052','<br>1.Verifique o CNPJ responsável pelo recolhimento, campo 13 do registro 0000 e confirme se esse CNPJ existe para a instituição.\n<br>2.Se CNPJ existe, informe um registro 0400  para essa dependência ou seja,onde o CNPJ próprio, campo 5, seja igual ao CNPJ responsável pelo recolhimento.'),('0053','<br>1.Verifique o CNPJ responsável pelo recolhimento, campo 13 do registro 0000\n<br>2.Identifique o registro 0400 onde o CNPJ próprio, campo 5, é igual ao CNPJ responsável pelo recolhimento\n<br>3.Verifique e confirme o código do município, campo 9 do registro 0400. Se estiver errado corrija-o.\n<br>4.Se  a dependência do registro 0400 encontrado for fora do município da declaração (Código do município, campo 9 do registro 0400 diferente do código do município, campo 6 do registro 0000), ela não pode ser responsável pelo recolhimento. Informe outro CNPJ, de outra dependência no campo 13 do registro 0000, que pertença ao município da declaração'),('0054','<br>1.Verifique o módulo da declaração informado, campo 9 do registro 0000.\n<br>2.Verifique o CNPJ responsável pelo recolhimento, campo 13 do registro 0000\n<br>3.Se o módulo da declaração é igual a 1 (Demonstrativo Contábil) o CNPJ responsável pelo recolhimento não deve ser informado.'),('0055','<br>1.Verifique a informação que vem logo após o primeiro Pipe (|) da primeira linha do arquivo.  A primeira a linha deve sempre começar com:<br> 1|0000|\n<br>2.O primeiro registro do arquivo da DESIF deve obrigatoriamente ser o registro 0000 começar com:<br>1|0000|'),('0056','<br>1.Informe os registros 0400, um para cada dependência da instituição no município da declaração e ou vinculada ao município da declaração.'),('0057','<br>1.Verifique as ocorrências dos registros 0000<br>2.Elimine as excedentes e mantenha apenas um registro'),('0058','<br>1.Verifique o CNPJ Unificador, campo 8 do registro 0400<br>2.Insira o registro 0400 com o CNPJ próprio, campo 5, é ao igual ao CNPJ Unificador'),('0059','<br>1.Verifique o Indicador de Inscrição Municipal, campo 4 do registro 0400, se igual a 1 (Inscrição Municipal)\n<br>2.Verifique o Código da Dependência, campo 3 do registro 0400\n<br>3.O conteúdo do Código da Dependência deve estar de acordo com as regras do município, por exemplo, cálculo do dígito verificador'),('0060','<br>1.Verifique o Tipo da Dependência, campo 6 do registro 0400, se igual a 1 ou 2 (Tabela de Tipos de Dependência –  Anexo 8)\n<br>2.CNPJ Unificador, campo 8 do registro 0400 deve ser igual ao CNPJ Próprio, campo 5 do registro 0400'),('0061','<br>1.Verifique se CNPJ Unificador, campo 8 do registro 0400 é igual ao CNPJ Próprio, campo 5 do registro 0400\n<br>2.Indicador de Inscrição Municipal, campo 4 do registro 0400, se igual a  1 (Inscrição Municipal)'),('0062','<br>1.Verifique se não foi inserido indevidamente um separador de campo ( | ) no registro 0000\n<br>2.O indicador de versão é o décimo quinto campo do Registro 0000 e deve ser preenchido nesse formato:\n<br>Num_linha|0000|(...)| CNPJ_Resp_Rclh |Ind_Versao|'),('0063','<br>1.Verifique se não foi inserido indevidamente um separador de campo (|) no registro 0000\n<br>2.Verifique se a versão informada é a mesma em vigor no município\n<br>3.O Indicador de versão  é o décimo quinto campo do Registro 0000 e deve ser preenchido nesse formato:\n<br>Num_linha|0000|(...)| CNPJ_Resp_Rclh |Ind_Versao|'),('0064','<br>1.Verifique o tipo de arredondamento informado no campo 15 do registro 0000.\n<br>2.O tipo de arredondamento é informação obrigatória quando o módulo da declaração é igual a 2 (Apuração Mensal do ISSQN) é deve ser 1 ou 2 saber:\n<br>1 – Arredondado\n<br>2 – Truncado'),('0065','<br>1.Verifique o tipo de arredondamento informado no campo 15 do registro 0000.\n<br>2.O tipo de arredondamento não dever ser informação quando o módulo da declaração é igual a 1 (Demonstrativo Contábil) ou 3 (Informações Comuns aos Municípios)'),('0066','<br>1.Verifique o módulo da declaração, campo 9 do registro 0000\n<br>2.Verifique o tipo da declaração, campo 10 do registro 0000 \n<br>3.Quando o módulo da declaração (campo 9)  for igual a 3 (Informações Comuns aos Municípios), o tipo da declaração (campo 10) deve ser a 1 (Normal).'),('0067','<br>1.Verifique o módulo da declaração informado, campo 9 do registro 0000.\n<br>2.Verifique o tipo de consolidação informado, campo 12 do registro 0000.\n<br>3.Se o módulo da declaração é igual a 1 (Demonstrativo Contábil) ou 3 (Informações Comuns aos Municípios) e o tipo de consolidação não deve ser informado.'),('0068','<br>1.Verifique o módulo da declaração informado, campo 9 do registro 0000.\n<br>2.Verifique o responsável pelo recolhimento informado, campo 13 do registro 0000.\n<br>3.Se o módulo da declaração é igual a 1 (Demonstrativo Contábil) ou 3 (Informações Comuns aos Municípios), o responsável pelo recolhimento não deve ser informado.'),('0069','<br>1.Verifique o módulo da declaração informado, campo 9 do registro 0000.\n<br>2.Verifique o tipo de arredondamento informado, campo 15 do registro 0000.\n<br>3.Se o módulo da declaração é igual a 1 (Demonstrativo Contábil) ou 3 (Informações Comuns aos Municípios) e o tipo de arredondamento não deve ser informado.'),('0070','<br>1.Elimine os registros 0400 da declaração.'),('0071','<br>1.Verifique o módulo da declaração informado, campo 9 do registro 0000.\n<br>2.Verifique o tipo de consolidação informado, campo 12 do registro 0000.\n<br>3.Se o módulo da declaração é igual a 2 (Apuração Mensal do ISSQN) e o tipo de consolidação igual a 3 (Dependência e alíquota) ou 4 (Dependência, alíquota e código de tributação DES-IF), responsável pelo recolhimento não deve ser informado.'),('0072','<br>1.Verifique a competência, campos 7 e 8 do registro 0000 e identifique o ano. O formato da competência é aaaamm (ano-mês)\n<br>2.Corrija o ano da competência inicial ou final, que devem ser iguais (mesmo exercício).'),('0073','<br>1.Verifique se o sexto campo do Registro 0000 é um número com 7 algarismos;\nVerifique se código do município informado existe na Tabela de Municípios do IBGE – Anexo 5 da DES-IF'),('0074','<br>1.O código da dependência deve ser informado:\n<br>no campo 3 do registro 0400;\n<br>no campo 3 do registro 0430\n<br>Obedecendo ao seguinte formato:\n<br>Num_linha|tipo do registro|código da dependência|\n<br>2.Verifique se os registros 0400 e 0430 estão nesse formato.\n<br>3.Informe a inscrição municipal ou o código interno da dependência nos campos 3 dos registros 0400  e 0430.'),('0075','<br>1.O número da linha é sempre a primeira informação de todos os registros. Deve começar por 1 no primeiro registro , 2 no segundo, 3 no terceiro e assim sucessivamente até o ultimo registro do arquivo.\n<br>2.Corrija a sequência de numeração, não pode pular números.'),('0076','<br>1.A parte variável do  CNPJ deve ser informada:\n<br>no campo 5 do registro 0400;\n<br>no campo 8 do registro 0400;\n<br>no campo 3 do registro 0440\n<br>2.Verifique se existe para a instituição o CNPJ com a parte variável isto é, os 6 últimos algarismos do CNPJ, inclusive dígito verificador,informada nos campos 5 e 8 do registro 0400 e campo 3 do registro 0440.\n<br>3.Corrija a parte variável do CNPJ informada nos campo 5 ou campo 8 do registro 0400 ou no campo 3 do registro 0440.'),('0077','<br>1.Verifique as datas informadas nos campos 11 e 12 do registro 0400 e corrija-as\nou. \n<br>2.Verifique a data informada no campo 6 do registro 1000 e corrija-a'),('0078','<br>1.Todos os códigos de dependência informados no campo 3 do registro 0430 devem ter sido informados no campo3 de um registro 0400.\n<br>2.Verifique os códigos de dependências informados no campo 3 do registro 0400\n<br>3.Verifique os códigos de dependência informados no campo 3 dos registros 0430.'),('0079','<br>1.Verifique o valor informado para o campo'),('0080','<br>1.Verifique o valor informado para o campo'),('0081','<br>1.Verifique as definições do leiaute para o registro.\n<br>2.Confira os campos e separadores de campos do registro.'),('0082','<br>1.Verifique se o campo 6 do registro 0000, que corresponde ao código do município, foi informado.\n<br>2.Verifique se o campo 9 do registro 0400, que corresponde ao código do município, foi informado.\n<br>O código do município é informação obrigatória nos registro 0000 e 0400.'),('0083','<br>1.Verifique o código de tributação DES-IF informado no campo 5 do registro 0430, localize-o na Tabela de Código de Tributação da DES-IF  – anexo 6. Se não achou, corrija o registro 0430 informando no campo 5 um código de tributação existente na tabela. \n<br>2.Verifique o código de tributação DES-IF informado no campo 4 do registro 0440, localize-o na Tabela de Código de Tributação da DES-IF  – anexo 6. Se não achou, corrija o registro 0440 informando no campo 4 um código de tributação existente na tabela.\n<br>3.Informe somente códigos de tributação DES-IF constantes na tabela de Códigos de Tributação DES-IF.'),('0084','<br>1.Verifique os tipos de registros informados, campo 2 de todos os registros.\n<br>2.Os únicos tipos de registros válidos, conforme a declaração, são: \n<br>. Demonstrativo Contábil:\n<br>0000\n<br>0400\n<br>0410\n<br>0420\n<br>. Informações Comuns aos Municípios:\n<br>0000\n<br>0100\n<br>0200\n<br>0300\n<br>. Apuração Mensal do ISSQN\n<br>0000\n<br>0400\n<br>0430\n<br>0440\n<br>. Demonstrativo das Partidas dos Lançamentos:\n<br>1000'),('0085','<br>1.Verifique o número das linhas, campo 1 de todos os registros.\n<br>2.O número da linha é obrigatório e sequencial no arquivo, independentemente do tipo de registro.'),('0086','<br>1.Verifique os registros informados. Eles devem seguir rigorosamente o leiaute definido para o tipo de registro informado no campo 2 de cada registro.'),('0087','<br>1.O subtítulo deve ser informado:\n<br>no campo 5 do registro 0200;\n<br>no campo 5 do registro 0300;\n<br>no campo 8 do registro 1000'),('0088','<br>1.A conta deve ser informada:\n<br>no campo 3 do registro 0100;\n<br>no campo 5 do registro 0410'),('0089','<br>1.Verifique o tipo de partida informado:\n<br>no campo 7 do registro 0420;\n<br>no campo 9 do registro 1000\n<br>2.O tipo de partida é informação obrigatória e deve ser 1 ou 2 saber:\n<br>1 – Crédito\n<br>2 – Débito'),('0090','<br>1.Identifique todos os registro 0100 onde a conta informada no campo 3 é igual a essa conta.\n<br>2.Para toda conta só pode existir um único registro 0100 em que ela conste no campo 3'),('0091','<br>1.Verifique o registro 0200 onde o campo 3 é igual a essa tarifa.\n<br>2.Identifique os registros 0100 onde esse subtítulo foi  informado  no campo 6, conta superior.\n<br>3.No campo 5 do registro 0200 só podem ser informados subtítulos que não foram informados no campo 6, conta superior, dos registro 0100.'),('0092','<br>1.Identifique o registro 0100 onde o numero da conta informado no campo 3 é igual a essa conta.\n<br>2.Informe o nome da conta, campo 4 do registro 0100.'),('0093','<br>1.Identifique o registro 0100 onde o numero da conta informado no campo 3 é igual a essa conta.\n<br>2.Informe a descrição da conta, campo 5 do registro 0100.'),('0094','<br>1.Identifique o registro 0100 onde o numero da conta superior informado no campo 6  é igual a essa conta.\n<br>2.Verifique se número de conta existe no Plano Geral de Contas Comentado da instituição \n<br>3.Se não existir, corrija o campo 6 do registro encontrado informando uma conta existente no Plano Geral de Contas Comentado.'),('0095','<br>1.Identifique o registro 0100 onde o numero da conta informado no campo 3  é igual a essa conta.\n<br>2.Verifique o número de conta superior informado no campo 6 do registro encontrado.\n<br>3.Corrija a registro encontrado, pois uma conta nunca pode ser superior dela mesma.'),('0096','<br>1.Identifique o registro 0100 onde o campo 3, Conta, é correspondente ao Grupo inicial do COSIF, campo 7\n<br>2.Verifique se foi incluído um separador (“|”) indevidamente.\n<br>3.Corrija o registro excluindo a informação da conta superior, campo 6 \n<br>4.Ou inclua o registro com a conta com conta superior, campo 6, sem informação'),('0097','<br>1.Identifique o registro 0100 onde o numero da conta informado no campo 3  é igual a essa conta.\n<br>2.Verifique a Conta_COSIF informada no campo 7 do registro encontrado.\n<br>3.Identifique se existe na Tabela do COSIF a Conta_COSIF informada. \n<br>4.Informe no campo 7 do registro encontrado uma Conta_COSIF existente na Tabela do COSIF.'),('0098','<br>1.Identifique o registro 0100 onde o numero da conta informado no campo 3  é igual a essa conta.\n<br>2.Verifique a Conta_COSIF informada no campo 7 do registro encontrado.\n<br>3.Informe no campo 7 do registro 0100 encontrado uma Conta_COSIF dos Grupos 7 ou 8.'),('0099','<br>1.Identifique o registro 0100 onde o campo 6, Conta_Supe, é igual a essa conta. \n<br>2.Identifique o registro 0100 onde o numero da conta informado no campo 3  é igual a essa conta.\n<br>3.Verifique que foi informado indevidamente o código de tributação DESIF para essa conta.\n<br>4.Se essa conta é conta superior no plano de contas da instituição, corrija o registro 0100 dessa conta excluindo o código de tributação DESIF.\n<br>5.Se não, corrija o registro 0100 onde essa conta foi informada como conta superior.'),('0100','<br>1.Identifique o registro 0200 onde o campo 4 é igual a essa descrição da tarifa.\n<br>2.Informe o código de identificação da tarifa, campo 3 do registro 0200 encontrado.'),('0101','<br>1.Identifique o registro 0200 onde o campo 3 é igual a esse código de identificação da tarifa.\n<br>2.Informe a descrição da tarifa, campo 4 do registro 0200 encontrado.'),('0102','<br>1.Identifique o registro 0200 onde o campo 3 é igual a esse código de identificação da tarifa.\n<br>2.Verifique se  o subtítulo informado no campo 5 do registro 0200 encontrado existe no Plano de Contas da instituição.\n<br>3.Se existir, informe o registro 0100 para esse subtítulo.\n<br>4.Se não existir, corrija o subtítulo informado no campo 5 do registro 0200 para essa tarifa.'),('0103','<br>1.Identifique o registro 0100 onde o campo 3  é igual a essa conta. \n<br>2.Informe o código de tributação DESIF para essa conta, campo 8 do registro 0100 encontrado.'),('0104','<br>1.Identifique todos os registro 0200 onde o campo 3 é igual a esse código de identificação da tarifa e o campo 5  é igual a esse subtítulo.\n<br>2.Verifique a existência de mais de um registro 0200 para essa tarifa com o mesmo subtítulo informado no campo 5.\n<br>3.Verifique se existem subtítulos onde essa tarifa é contabilizada e que não foram informados em nenhum dos  registros  0200 dessa tarifa. Se existir, informe os registros 0200 correspondentes aos subtítulos\n<br>4.Exclua os registros 0200 repetidos.'),('0105','<br>1.Identifique o registro 0300 onde o campo 4 é igual a essa descrição da complementar do serviço de remuneração variável.\n<br>2.Informe o código de identificação do serviço de remuneração variável no campo 3 do registro 0300 encontrado.'),('0106','<br>1.Identifique o registro 0300 onde o campo 3 é igual a esse  código de identificação do serviço de remuneração  variável.\n<br>2.Identifique na Tabela de Serviços de Remuneração Variável, o código de identificação correto para o serviço.\n<br>3.Corrija o campo 3 do registro 0300 encontrado.'),('0107','<br>1.Identifique o registro 0100 onde o campo 3  é igual a essa conta e o campo 6 é igual a essa conta superior.\n<br>2.Informe no campo 7 do registro 0100 a conta do COSIF vinculada a essa conta.'),('0108','<br>1.Identifique todos os registro 0300 onde o campo 3 é igual a esse código de identificação do serviço e o campo 5 é igual a esse subtítulo.\n<br>2.Verifique a existência de mais de um registro 0300 para essa serviço com o mesmo subtítulo informado no campo 5.\n<br>3.Verifique se existem subtítulos onde esse serviço é contabilizado e que não foram informados em nenhum dos  registros  0300 desse serviço. Se existir, informe os registros 0300 correspondentes aos subtítulos\n<br>4.Exclua os registros 0300 repetidos.'),('0109','<br>1.Identifique todos os registro 0200 onde o campo 3 é igual a esse código de identificação da tarifa.\n<br>2.Verifique as descrições da tarifa informadas nos registros 0200 encontrados.\n<br>3.Concatene as descrições e informe em apenas um registro 0200 dessa tarifa. \n<br>4.Só pode existir uma única descrição para a mesma tarifa.'),('0110','<br>1.Identifique os registros 0100 onde o campo 6, Conta_Supe, não é informada. \n<br>2.Verifique se foi incluído um separador (“|”) indevidamente.\n<br>3.Identifique as contas que estão indevidamente sem conta superior, campo 6 não informado\n<br>4.Corrija o registro informando a conta superior, campo 6, ou elimine as contas incorretas.'),('0111','<br>1.Identifique o registro 0300 onde o campo 3 é igual a esse  código de identificação do serviço de remuneração  variável.\n<br>2.Verifique na Tabela de Serviços complementares que é obrigatório informar a descrição complementar para esse serviço.\n<br>3.Informe a descrição complementar, 4 do registro 0300 encontrado.'),('0112','<br>1.Informe os registros 0100 com os dados do Plano Geral de Contas Comentado.'),('0113','<br>1.Informe os registros 0200 com as informações da tabela de tarifas da instituição.'),('0114','<br>1.Identifique o registro 0300 onde o campo 5 é igual a esse subtítulo.\n<br>2.Verifique a ocorrência deste subtítulo em conta superior, campo 6 informado no registro 0100.\n<br>3.Corrija o registro 0300 informando uma conta que não tenha desdobramento\n<br>4.Ou corrija o(s) registro(s) 0100 retirando a referência na conta superior'),('0115','<br>1.Identifique o registro 0300 onde o campo 5 é igual a esse subtítulo.\n<br>2.Verifique a ocorrência deste subtítulo, campo 3 informado no registro 0100.\n<br>3.Corrija o registro 0300 informando uma conta existente no registro 0100\n<br>4.Ou insira o registro 0100 para a respectiva conta'),('0116','<br>1.Os níveis das contas Cosif informadas para uma conta no plano interno e sua conta superior devem preservar a correspondente hierarquia de níveis no plano COSIF. <br>2.Devem fazer parte de uma mesma cadeia de contas do COSIF. <br>3.Identifique a Tabela do COSIF onde o número da conta do COSIF informado na Conta_COSIF é igual ao campo 7 do registro 0100 da conta superior <br>4.Verifique se a conta do COSIF informada no campo 7 do registro 0100 da conta superior dessa conta é igual à conta superior da conta da tabela do COSIF. <br>5.Se for diferente, corrija o campo 7 do registro 0100 dessa conta informando uma conta do COSIF que esteja na mesma estrutura da conta superior no campo 6 <br>6.Senão, corrija o campo 7 do registro 0100 da conta superior dessa conta informando a conta do COSIF que esteja na estrutura correta '),('0117','<br>1.Identifique o registro 0100 onde o numero da conta superior informado no campo 6  é igual a essa conta.\n<br>2.Identifique a Tabela do COSIF onde o número da conta do COSIF informado no campo 7 é igual à conta superior do COSIF\n<br>3.Corrija o PGCC criando contas que correspondam ao desdobramento do COSIF informando a conta do COSIF que esteja na estrutura correta'),('0118','<br>1.Verifique a competência inicial, campo 7, e a competência final, campo 8, informadas no registro 0000.\n<br>2.A data de criação da conta do COSIF não deve ser maior que o campo 8 informado no registro 0000 da declaração \n<br>3.A data de extinção da conta do COSIF não deve ser menor ou igual campo 7 informado no registro 0000 da declaração.\n<br>4.Corrija a conta do PGCC para apontar para uma conta do COSIF que esteja vigente na competência da declaração'),('0119','<br>1.Identifique o registro 1000 onde o campo 5 é igual a esse número de lançamento,  o campo 9 é igual a esse tipo de partida e o campo 10 é igual a esse código de evento\n<br>2.Identifique na Tabela de Eventos Contábeis o código do evento que corresponde a essa partida do lançamento.\n<br>3.Corrija o campo 10 do registro 1000 encontrado informando o código de evento correto.'),('0120','<br>1.Identifique o registro 1000 onde o campo 5 é igual a esse número de lançamento.\n<br>2.Verifique se não está faltando informar alguma partida desse lançamento.\n<br>3.Verifique se o tipo da partida foi informado corretamente em todas as partidas desse lançamento.\n<br>4.Verifique se não foi informada alguma partida com o número do lançamento incorreto.'),('0121','<br>1.Identifique o registro 1000 onde o campo 5 é igual a esse número de lançamento,  o campo 9 é igual a esse tipo de partida e o campo 7 é igual a esse valor .\n<br>2.Informe a data do lançamento no campo 6 do registro 1000 encontrado.'),('0122','<br>1.Identifique o registro 1000 onde o campo 6 é igual a essa data,  o campo 9 é igual a esse tipo de partida e o campo 7 é igual a esse valor .\n<br>2.Informe o número do lançamento no campo 5 do registro 1000 encontrado.'),('0123','<br>1.Identifique o registro 1000 onde o campo 5 é igual a esse número de lançamento,  o campo 9 é igual a esse tipo de partida e o campo 7 não foi preenchido .\n<br>2.Informe o valor dessa partida de lançamento no registro 1000 encontrado.'),('0124','<br>1.Identifique o registro 1000 onde o campo 5 é igual a esse número de lançamento,  o campo 9 é igual a esse tipo de partida e o campo 7 é igual a esse valor .\n<br>2.Informe o histórico da partida do lançamento no campo 12 do registro 1000 encontrado.'),('0125','<br>1.Verifique o CNPJ (campo 3) informado no registro 0440.\n<br>2.Procure o registro 0400 onde o CNPJ Unificador (campo 8) é igual ao CNPJ do registro 0440 e identifique o código de dependência do registro 0400 encontrado.\n<br>3.Procure os registros 0430 para cada  código da dependência \n<br>4.Verifique entre os registros 0430 encontrados para essa dependência, se existem registros onde a alíquota do ISSQN é igual à alíquota do ISSQN do registro 0440.\nOs registros 0440 são resultado da consolidação de registros 0430, portanto não pode existir registros 0440 para uma dependência sem os respectivos registros 0430, conforme tipo de consolidação informado.'),('0126','<br>1.Verifique o CNPJ (campo 3) informado no registro 0440.\n<br>2.Procure o registro 0400 onde o CNPJ Unificador (campo 8) é igual ao CNPJ do registro 0440 e identifique o código de dependência do registro 0400 encontrado.\n<br>3.Procure os registros 0430 para cada código da dependência \n<br>4.Verifique entre os registros 0430 encontrados para essa dependência, se existem registros onde o código de tributação DES-IF (campo 5) e a alíquota do ISSQN (campo 12) são iguais ao código de tributação (campo 4) e a alíquota do ISSQN (campo 10) do registro 0440.\nOs registros 0440 são resultados da consolidação de registros 0430, portanto não pode existir registros 0440 para uma dependência sem os respectivos registros 0430, conforme tipo de consolidação informado.'),('0127','<br>1.A alíquota é o campo 12 do Registro 0430. Verifique se existem 11 caracteres de separação de campo (|) antes do valor informado para a alíquota.\n<br>2.Informe a alíquota que incide sobre a receita do subtítulo no campo 12 do registro 0430.'),('0128','<br>1.Preencha o 5º campo do registro 0430 com o código de tributação DES-IF sempre'),('0129','<br>1.Some os valores de incentivo fiscal, campos 13 dos registros 0430,  para todos os registros 0430 com a mesma alíquota;\n<br>2.Verifique se o resultado da soma é igual ao valor informado de incentivo fiscal por Subtítulo (campo13) do registro 0440 onde a Aliq_ISSQN (campo10) do registro 0440 é igual a alíquota do ISSQN (campo 12) do registro 0430.\n<br>3.Se os valores forem diferentes, verifique se os registros 0430 para a alíquota estão corretos. Se estiverem corretos corrija o valor do campo 13 do registro 0440.'),('0130','<br>1.Some os valores de incentivo fiscal, campos 13 dos registros 0430,  para todos os registros 0430 com o mesmo código de tributação DES-IF  e a mesma alíquota;\n<br>2.Verifique se o resultado da soma é igual ao valor informado de incentivo fiscal por Subtítulo  (campo13) do registro 0440  onde  o código de tributação DES-IF  (campo 4)  e a Aliq_ISSQN (campo10) do registro 0440 são iguais ao código de tributação (campo 5) e a alíquota do ISSQN (campo 12) do registro 0430.\n<br>3.Se os valores forem diferentes, verifique se os registros 0430 para o código de tributação e a alíquota estão corretos. Se estiverem corretos corrija o valor do campo 13 do registro 0440'),('0131','<br>1.Some os valores de incentivo fiscal, campos 13 dos registros 0430, para todos os registros 0430 com o mesmo código de dependência e a mesma alíquota;\n<br>2.Verifique se o resultado da soma é igual ao valor informado de incentivo fiscal por Subtítulo  (campo13) do registro 0440,  onde a Aliq_ISSQN (campo10) do registro 0440 é igual à alíquota do ISSQN (campo 12) do registro 0430 e o CNPJ (campo3) do registro 0440 é igual ao CNPJ Unificador (campo 8) do registro 0400 que possui o código de dependência (campo 3) igual ao código de dependência (campo 3) do registro 0430.\n<br>3.Se os valores forem diferentes, verifique se os registros 0430 para a dependência e a alíquota estão corretos. Se estiverem corretos corrija o valor do campo 13 do registro 0440'),('0132','<br>1.Some os valores de incentivo fiscal, campos 13 dos registros 0430, para todos os registros 0430 com o mesmo código de dependência, mesmo código de tributação DES-IF e a mesma alíquota;\n<br>2.Verifique se o resultado da soma é igual ao valor informado de incentivo fiscal por Subtítulo (campo13) do registro 0440 onde o código de tributação DES-IF  (campo 4)  e a Aliq_ISSQN (campo10) do registro 0440 são iguais ao código de tributação (campo 5) e a alíquota do ISSQN (campo 12) do registro 0430 e o CNPJ (campo3) do registro 0440 é igual ao CNPJ Unificador (campo 8) do registro 0400 que possui o código de dependência (campo 3) igual ao código de dependência (campo 3) do registro 0430.\n<br>3.Se os valores forem diferentes, verifique se os registros 0430 para a dependência, o código de tributação e a alíquota estão corretos. Se estiverem corretos corrija o valor do campo 13 do registro 0440'),('0133','<br>1.Retire o sinal negativo (-) do valor do ISSQN recolhido, campo 18 do registro 0440.\n<br>2.Informe no campo 18 o valor do ISS simples constante na guia de ISS paga (autenticada), sem sinal.'),('0134','<br>1.Verifique se valor informado no campo 10 do registro 0400 é 1 ou 2. Só pode ser 1 se a dependência possuir contabilidade própria ou 2 se não possuir contabilidade própria.\n<br>2.Se o CNPJ próprio (campos 5) e o CNPJ unificador (campo 8) do registro 0400 forem iguais, o campo 10 tem que ser 1,  se forem diferentes o campo 10 tem que ser 2'),('0135','<br>1.Verifique se informou corretamente os separadores de campos multivalor § e de subvalor £.\n<br>2.Verifique a competência da declaração\n<br>3.Verifique a competência informada. Não pode ser posterior a competência da declaração'),('0136','<br>1.Retire o sinal negativo (-) do valor do ISSQN a recolher, campo 21 do registro 0440.\n<br>2.Se foi apurado valor negativo de imposto a recolher, informe zero no campo 21.'),('0137','<br>1.Quando o tipo de consolidação  informado no registro 0000 é 1 ou 2, o único CNPJ que pode ser informado no registro 0440 é o que foi informado o CNPJ responsável pelo recolhimento informado no campo 13 do registro 0000.\n<br>2.Verifique o tipo de consolidação (campo 12) informado no registro 0000\n<br>3.Verifique o CNPJ responsável pelo recolhimento (campo 13) informado no registro 0000\n<br>4.Verifique os CNPJ’s informados nos registros 0440.'),('0138',''),('0139','<br>1.Faça a operação:<br>Valor do ISSQN devido – valor ISSQN retido – Valor do Incentivo Fiscal por subtítulo – valor do incentivo fiscal <br> Que corresponde a: campo11 – campo 12 – campo 13 – campo 14 do registro 0440\n<br>2.O valor do crédito a compensar (campo 16) do registro 0440 não pode  ser maior do que o resultado da operação acima.'),('0140','<br>1.Verifique o valor informado no motivo de não exigibilidade, campo 15 do registro 0430 e campo 19 do registro 0440. Se informado o valor só pode ser 1 ou 2, a saber:\n<br>1 – Exigibilidade suspensa por decisão judicial ou <br>2 – Exigibilidade suspensa por procedimento administrativo'),('0141','<br>1.Sempre que informado valor  de crédito a compensar, campo 16 do registro 0440, obrigatoriamente tem que informar os dados da origem do crédito a compensar, no seguinte formato:\n<br>|valor do credito a compensar|referencia£valor§referencia£valor.....|valor ISSQN recolhido <br>Discriminando os valores a compensar por mês de competência. \n<br>2.Verifique se foram utilizados os caracteres corretos de separação de campo multivalor.'),('0142','<br>1.Sempre que informado valor de crédito a compensar, campo 16 do registro 0440, obrigatoriamente tem que informar os dados da origem do crédito a compensar, no seguinte formato:\n<br>|valor do credito a compensar|referencia£valor§referencia£valor.....|valor ISSQN recolhido <br>Discriminando os valores a compensar por mês de competência. \n<br>2.Verifique se foram utilizados os caracteres corretos de separação de campo multivalor.'),('0143','<br>1.Se informou 2 no campo 10 do registro 0400 isto é, que a dependência não possui contabilidade própria, então não pode informar registros 0430  para essa dependência.\n<br>2.Verifique o campo 10 do registro 0400:  se a dependência possui balancete, esse campo deve ser 1, se não  possui balancete deve ser  2\n<br>3.Verifique os códigos de dependência informados nos registros 0430, só podem corresponder a dependências para as quais o campo 10 do registro 0400 é igual a 1'),('0144','<br>1.O código de tributação da DESIF, campo 04 do registro 0440, não pode ser informado quando tipo de consolidação da declaração, campo 12 do registro 0000, for igual a 1–“Instituição e alíquota” ou 3–“Dependência e alíquota”'),('0145','<br>1.Retire o sinal negativo (-) da receita declarada, campo 8 do registro 0430.\n<br>2.Se foi apurado valor negativo para a receita declarada, informe zero no campo  8 do registro 0430.'),('0146','<br>1.Some os valores das deduções da receita declarada, campos 9 dos registros 0430,  para todos os registros 0430 com a mesma alíquota;\n<br>2.Verifique se o resultado da soma é igual ao valor informado de dedução da receita declarada por subtítulo (campo 6) do registro 0440  onde a Aliq_ISSQN (campo10) do registro 0440 é igual a alíquota do ISSQN (campo 12) do registro 0430 .\n<br>3.Se os valores forem diferentes, verifique se os registros 0430 para a alíquota estão corretos. Se estiverem corretos corrija o valor do campo 6 do registro 0440'),('0147','<br>1.Some os valores das deduções da receita declarada, campos 9 dos registros 0430,  para todos os registros 0430 com o mesmo código de tributação DES-IF  e a mesma alíquota;\n<br>2.Verifique se o resultado da soma é igual ao valor informado de dedução da receita declarada por subtítulo (campo 6) do registro 0440  onde  o código de tributação DES-IF  (campo 4)  e a Aliq_ISSQN (campo10) do registro 0440 são iguais ao código de tributação (campo 5) e a alíquota do ISSQN (campo 12) do registro 0430.\n<br>3.Se os valores forem diferentes, verifique se os registros 0430 para o código de tributação e a alíquota estão corretos. Se estiverem corretos corrija o valor do campo 6 do registro 0440'),('0148','<br>1.Some os valores das deduções da receita declarada, campos 9 dos registros 0430,  para todos os registros 0430 com o mesmo código de dependência e a mesma alíquota;\n<br>2.Verifique se o resultado da soma é igual ao valor informado de dedução da receita declarada por subtítulo (campo 6) do registro 0440  onde  a Aliq_ISSQN (campo10) do registro 0440 é igual à alíquota do ISSQN (campo 12) do registro 0430 e o CNPJ (campo3) do registro 0440 é igual ao CNPJ Unificador (campo 8) do registro 0400 que possui o código de dependência (campo 3) igual ao código de dependência (campo 3) do registro 0430.\n<br>3.Se os valores forem diferentes, verifique se os registros 0430 para a dependência e a alíquota estão corretos. Se estiverem corretos corrija o valor do campo 6 do registro 0440'),('0149','<br>1.Some os valores das deduções da receita declarada, campos 9 dos registros 0430,  para todos os registros 0430 com o mesmo código de dependência,mesmo código de tributação DES-IF  e a mesma alíquota;\n<br>2.Verifique se o resultado da soma é igual ao valor informado de dedução da receita declarada por subtítulo (campo 6) do registro 0440  onde  o código de tributação DES-IF  (campo 4)  e a Aliq_ISSQN (campo10) do registro 0440 são iguais ao código de tributação (campo 5) e a alíquota do ISSQN (campo 12) do registro 0430 e o CNPJ (campo3) do registro 0440 é igual ao CNPJ Unificador (campo 8) do registro 0400 que possui o código de dependência (campo 3) igual ao código de dependência (campo 3) do registro 0430.\n<br>3.Se os valores forem diferentes, verifique se os registros 0430 para a dependência, o código de tributação e a alíquota estão corretos. Se estiverem corretos corrija o valor do campo 6 do registro 0440'),('0150','<br>1.Retire o sinal negativo (-) do valor total dos lançamentos a crédito, campo 6 do registro 0430.'),('0151','<br>1.Retire o sinal negativo (-) do valor total dos lançamentos a débito, campo 7 do registro 0430.'),('0152','<br>1.Verifique o valor da receita declarada, campo 8 do registro 0430. \n<br>2.Verifique o valor da dedução da receita declarada, campo 9 do registro 0430.\n<br>3.O valor da dedução da receita declarada não pode ser maior do que a receita declarada.'),('0153','<br>1.Verifique o valor da dedução da receita declarada, campo 9 do registro 0430.\n<br>2.Se o valor da dedução for maior do que zero, informe a descrição da dedução da receita declarada, campo 10 do registro 0430.'),('0154','<br>1.Informe o valor da base de cálculo do ISSQN, campo 11 do registro 0430'),('0155','<br>1.Informe o valor da base de cálculo do ISSQN, campo 9 do registro 0440.'),('0156','<br>1.Retire o sinal negativo (-) da base de cálculo do ISSQN, campo 11 do registro 0430.\n<br>2.Se foi apurado valor negativo da base de cálculo do ISSQN, informe zero no campo 11.'),('0157','<br>1.Efetue a operação:<br>Receita Declarada – Dedução da receita declarada, ou seja, campo 8 – campo9 do registro 0430.\n<br>2.Verifique o valor da base de cálculo do ISSQN, campo 11 do registro 0430. Deve ser igual ao resultado da operação acima.'),('0158','<br>1.Efetue a operação:<br>\nBase de cálculo * alíquota / 100, ou seja, campo 11 * campo12 / 100 do registro 0430.\n<br>2.Verifique o valor do incentivo fiscal, campo 13 do registro 0430.\n<br>3.O valor do incentivo fiscal não pode ser maior do que o resultado da operação acima.'),('0159','<br>1.Verifique o valor do incentivo fiscal, campo 13 do registro 0430\n<br>2.Verifique a discriminação da fundamentação legal do incentivo fiscal, campo 14 do registro 0430\n<br>3.A discriminação só deve ser informada se o valor do incentivo for maior do que zero.'),('0160','<br>1.Some todos os valores  de origem do crédito a compensar, campo 17.2 (multivalor) do registro 0440\n<br>2.Verifique o valor do crédito a compensar, campo 16 do registro 0440.\n<br>3.O valor do crédito a compensar deve ser igual à soma dos valores de origem do crédito a compensar.'),('0161','<br>1.O CNPJ informado no campo 3 do registro 0440 não pertence a nenhuma das dependências da instituição, isto é não foi informado para nenhum registro 0400.\n<br>2.Se existir dependência com o CNPJ informado no campo 3 do registro 0 440, inclua um registro 0400 com a identificação dessa dependência; senão, corrija o CNPJ informado no registro 0440.'),('0162','<br>1.Informe a alíquota do ISSQN para todos os registros 0430 e 0440.\n<br>2.Nos registros 0430 a alíquota é o campo 12.\n<br>3.Nos registros 0440 a alíquota é o campo 10.\n<br>4.Verifique se os registros 0430  e 0440 estão conforme o leiaute definido na DES-IF '),('0163','<br>1.Informe valor da receita declarada consolidada, campo 5,  para todos os registro 0440.\n<br>2.Verifique se os registros 0430 estão conforme o leiaute definido na DES-IF'),('0164','<br>1.Verifique o valor do ISSQN a recolher informado no campo 21 do registro 0440. Ele deve ser igual ao resultado da operação:\nValor do ISSQN devido – ISSQN retido – incentivo fiscal por subtítulo – incentivo fiscal –  crédito a compensar – ISSQN recolhido, ou seja:<br>campo 11 – campo 12 – campo 13 – campo 14 – campo 16 – campo 18 do registro 0440\n<br>2.Se o motivo de não exigibilidade (campo 19) do registro 0440 for igual a 1 ou igual a 2, o valor do ISSQN a recolher, campo 21 deve ser zero'),('0165','<br>1.Informe valor do ISSQN devido, campo 21 do registro 0440\n<br>2.O valor do ISSQN devido é igual ao resultado da operação:<br>Valor do ISSQN devido – ISSQN retido – incentivo fiscal por subtítulo – incentivo fiscal – crédito a compensar – ISSQN recolhido, ou seja:\n<br>campo 11 – campo 12 – campo 13 – campo 14 – campo 16 – campo 18 do registro 0440<br>3.Verifique se os registros 0440 estão conforme o leiaute definido na DES-IF'),('0166','<br>1.Verifique o valor do incentivo fiscal, campo 14 do registro 0440.\n<br>2.Se o valor do incentivo fiscal for maior do que zero, informe a descrição da fundamentação legal do incentivo, campo 15 do registro 0440.'),('0167','<br>1.Verifique o motivo de não exigibilidade, campo 19 do registro 0440.\n<br>2.Verifique o valor do ISSQN a recolher, campo 21 do registro 0440.\n<br>3.Se motivo de não exigibilidade for iguala 1 ou igual a 2, o valor do ISSQN a recolher deve ser zero.'),('0168','<br>1.Verifique valor informado para o motivo de não exigibilidade\n<br>2.No registro 0430, o motivo de não exigibilidade é o campo 15 \n<br>3.No registro 0440, o motivo de não exigibilidade é o campo 19\n<br>4.Se o motivo de não exigibilidade for diferente de zero, informe o número do processo que suspende a exigibilidade.\n<br>5.No registro 0430, o número do processo que suspende a exigibilidade é o campo 16 \n<br>6.No registro 0440, o número do processo que suspende a exigibilidade é o campo 20'),('0169','<br>1.Verifique a competência do crédito a compensar, campo 17.1, multivalor, do registro 0440\n<br>2.Verifique o valor do crédito a compensar por competência, campo 17.2, multivalor, do registro 0440.\n<br>3.Verifique se foram utilizados os caracteres corretos de separação de campo multivalor.\n<br>4.Sempre que informar o valor do credito a compensar por competência (campo 17.2), obrigatoriamente tem que informar a competência do crédito (campo 17.1)'),('0170','<br>1.Verifique o código de tributação DES-IF, campo 5 do registro 0430 e campo 4 do registro 0440  \n<br>2.Verifique a alíquota do ISSQN, campo 12 do registro 0430 e campo 10 do registro 0440\n<br>3.Identifique na tabela de Códigos de Tributação do Município, Anexo 7 da DES-IF , o código de tributação do município que corresponde ao código de tributação DES-IF  informado.\n<br>4.Identifique a alíquota válida para o código de tributação do município na competência da declaração, verificando o inicio e o fim da vigência na tabela do Anexo 7.\n<br>5.Informe a alíquota correta, vigente na competência da declaração, para o código de tributação do município que corresponde ao Código de tributação DES-IF informado.'),('0171','<br>1.Identifique os registros 0430 para alíquota e onde o motivo de não exigibilidade, campo 15, não foi informado. \n<br>2.Some os valores das  receitas declaradas, campos 8 dos registros 0430,  para todos os registros 0430 com a mesma alíquota;\n<br>3.Verifique se o resultado da soma é igual ao valor informado de receita declarada consolidada (campo5) do registro 0440 onde a Aliq_ISSQN (campo10) do registro 0440 é igual a alíquota do ISSQN (campo 12) do registro 0430 \n<br>4.Se os valores forem diferentes, verifique se os registros 0430 para a alíquota estão corretos. Se estiverem corretos corrija o valor do campo 5 do registro 0440'),('0172','<br>1.Identifique os registros 0430 para o código de tributação e alíquota e onde o motivo de não exigibilidade, campo 15, não foi informado. \n<br>2.Some os valores das receitas declaradas, campos 8 dos registros 0430,  para todos os registros 0430 com o mesmo código de tributação DES-IF  e a mesma alíquota;\n<br>3.Verifique se o resultado da soma é igual ao valor informado de receita declarada consolidada  (campo5) do registro 0440 onde o código de tributação DES-IF  (campo 4)  e a Aliq_ISSQN (campo10) do registro 0440 são iguais ao código de tributação (campo 5) e a alíquota do ISSQN (campo 12) do registro 0430 \n<br>4.Se os valores forem diferentes, verifique se os registros 0430 para o código de tributação e a alíquota estão corretos. Se estiverem corretos corrija o valor do campo 5 do registro 0440'),('0173','<br>1.Identifique os registros 0430 para o código de dependência e alíquota e onde o motivo de não exigibilidade, campo 15, não foi informado. \n<br>2.Some os valores das  receitas declaradas, campos 8 dos registros 0430,  para todos os registros 0430 com o mesmo código de dependência e a mesma alíquota;\n<br>3.Verifique se o resultado da soma é igual ao valor informado de receita declarada consolidada  (campo5) do registro 0440  onde a Aliq_ISSQN (campo10) do registro 0440 é igual a alíquota do ISSQN (campo 12) do registro 0430 e o CNPJ (campo3) do registro 0440 é igual ao CNPJ Unificador (campo 8) do registro 0400 que possui o código de dependência (campo 3) igual ao código de dependência (campo 3) do registro 0430.\n<br>4.Se os valores forem diferentes, verifique se os registros 0430 para a dependência  e a alíquota estão corretos. Se estiverem corretos corrija o valor do campo 5 do registro 0440'),('0174','<br>1.Identifique os registros 0430 para o código da dependência e código de tributação e alíquota e onde o motivo de não exigibilidade, campo 15, não foi informado. \n<br>2.Some os valores das receitas declaradas, campos 8 dos registros 0430,  para todos os registros 0430 com o mesmo código de dependência,mesmo código de tributação DES-IF  e a mesma alíquota;\n<br>3.Verifique se o resultado da soma é igual ao valor informado de receita declarada consolidada  (campo5) do registro 0440  onde  o código de tributação DES-IF  (campo 4)  e a Aliq_ISSQN (campo10) do registro 0440 são iguais ao código de tributação (campo 5) e a alíquota do ISSQN (campo 12) do registro 0430 e o CNPJ (campo3) do registro 0440 é igual ao CNPJ Unificador (campo 8) do registro 0400 que possui o código de dependência (campo 3) igual ao código de dependência (campo 3) do registro 0430.\n<br>4.Se os valores forem diferentes, verifique se os registros 0430 para a dependência, o código de tributação e a alíquota estão corretos. Se estiverem corretos corrija o valor do campo 5 do registro 0440'),('0175','<br>1.Efetue a operação:\n<br>Receita declarada consolidada – dedução da receita declarada por Subtítulo, ou seja,\ncampo 5 – campo 6 do registro 0440.\n<br>2.Verifique o valor da dedução da receia declarada consolidada, campo 7 do registro 0440.\n<br>3.O valor da dedução da receia declarada consolidada não pode ser maior do que o resultado da operação acima.'),('0176','<br>1.Sempre que informada dedução da receita declarada consolidada, campo 7 do registro 0440, obrigatoriamente tem que informar a identificação das deduções da base de cálculo, campo 8 do registro 0440,  discriminando cada valor a deduzir e sua respectiva descrição'),('0177','<br>1.Efetue a operação:\n<br>Receita declarada consolidada – dedução da receita declarada por Subtítulo – dedução da receita consolidada, ou seja,\ncampo 5 – campo 6 – campo 7 do registro 0440.\n<br>2.Verifique o valor da base de cálculo, campo 9 do registro 0440.\n<br>3.O valor da base de cálculo deve ser igual ao resultado da operação acima.'),('0178','<br>1.Efetue a operação:\n<br>Base de cálculo * alíquota / 100, ou seja, campo 9 * campo10 / 100 do registro 0440.\n<br>2.Verifique o valor do ISSQN devido, campo 11 do registro 0440.\n<br>3.O valor do ISSQN devido deve ser igual ao resultado da operação acima.'),('0179','<br>1.Efetue a operação:\n<br>Valor do ISSQN devido – incentivo fiscal por subtítulo – incentivo fiscal, ou seja,\ncampo 11 – campo 13 – campo 4 do registro 0440.\n<br>2.Verifique o valor do ISSQN retido, campo 12 do registro 0440.\n<br>3.O valor do ISSQN retido não pode ser maior do que o resultado da operação acima'),('0180','<br>1.Efetue a operação:\n<br>Valor do ISSQN devido – incentivo fiscal por subtítulo, ou seja,\ncampo 11 – campo 13 do registro 0440.\n<br>2.Verifique o valor do incentivo fiscal, campo 14 do registro 0440.\n<br>3.O valor do incentivo fiscal não pode ser maior do que o resultado da operação acima.'),('0181','<br>1.Verifique o valor do incentivo fiscal, campo 14 do registro 0440\n<br>2.Verifique a discriminação da fundamentação legal do incentivo fiscal, campo 15 do registro 0440\n<br>3.A discriminação só deve ser informada se o valor do incentivo for maior do que zero.'),('0182','<br>1.Retire o sinal negativo (-) do valor crédito a compensar, campo 16 do registro 0440.\n<br>2.O valor do crédito a compensar não pode ser menor do que zero.'),('0183','<br>1.Verifique os códigos de dependência, subtítulo, código de tributação DES-IF e alíquota, campos 3, 4, 5 e 12 dos registros 0430.\n<br>2.Elimine a duplicação, excluindo ou corrigindo os registros duplicados.'),('0184','<br>1.Verifique o CNPJ, código de tributação DES-IF e alíquota, campos 3, 4 e 10 dos registros 0440.\n<br>2.Elimine a duplicação, excluindo ou corrigindo os registros duplicados.'),('0185','<br>1.Verifique o valor total de lançamentos a credito informado no campo 5 do registro 0430\n<br>2.Essa informação é obrigatória, se o total de créditos for zero, e o subtítulo possuir receita tributável para a competência, informe zero no campo 5 do registro 0430.\n<br>3.Quando a dependência não possui receita tributável para um subtítulo na competência, não informe registro 0430 para esse subtítulo dessa dependência.'),('0186','<br>1.Verifique o valor o total de lançamentos a debito informado no campo 6 do registro 0430\n<br>2.Essa informação é obrigatória, se o total de débitos for zero, e o subtítulo possuir receita tributável para a competência, informe zero no campo 6 do registro 0430.\n<br>3.Quando a dependência não possui receita tributável para um subtítulo na competência, não informe registro 0430 para esse subtítulo dessa dependência.'),('0187','<br>1.Verifique o valor da receita declarada informado no campo 8 do registro 0430\n<br>2.O valor da receita declarada não pode ser menor nem igual a zero.\n<br>3.Quando a dependência não possui receita tributável para um subtítulo na competência, não informe registro 0430 para esse subtítulo dessa dependência.'),('0188','<br>1.Retire o sinal negativo (-) do valor da dedução da receita declarada, campo 9 do registro 0430.\n<br>2.O valor da dedução da receita declarada não pode ser menor do que zero.'),('0189','<br>1.Verifique a competência do crédito a compensar, campo 17.1, multivalor, do registro 0440\n<br>2.Verifique o valor do crédito a compensar por competência, campo 17.2, multivalor, do registro 0440.\n<br>3.Verifique se foram utilizados os caracteres corretos de separação de campo multivalor.\n<br>4.Sempre que informar a competência do crédito a compensar (campo 17.1), obrigatoriamente tem que informar o valor a compensar para a competência (campo 17.2)'),('0190','<br>1.Verifique o código da dependência, campo 3 do registro 0430.\n<br>2.Procure o registro 0400 onde o código da dependência, campo 3, é igual ao código da dependência (campo3) informado no registro 0430 e identifique o CNPJ unificador, campo 8 do registro 0400 encontrado.\n<br>3.Procure os registros 0440 para cada CNPJ unificador identificado \n<br>4.Identifique os registros 0430 para o código de tributação e alíquota e onde o motivo de não exigibilidade, campo 15, não foi informado. \n<br>5.Calcule o ISSQN devido para os registros 0430 acima identificados. Formula para calculo do ISSQN devido:\n<br>Base de cálculo * alíquota  / 100, ou seja campo 11 * campo 12 /100\n<br>6.Verifique o tipo de consolidação informado no campo 12 do registro 0000 – consolidação por dependência, código de tributação e alíquota (tipo consolidação igual a 4).\n<br>7.Se existir pelo menos um registro 0430 com ISSQN devido maior do que zero e motivo de não exigibilidade não informado, obrigatoriamente deve ser informado pelo menos um registro 0400 para o CNPJ unificador, código de tributação e alíquota'),('0191','<br>1.Identifique  todos registros 0430 para a alíquota e onde o motivo de não exigibilidade, campo 15, não foi informado. \n<br>2.Calcule o ISSQN devido para os registros 0430 acima identificados. Formula para calculo do ISSQN devido:\n<br>Base de cálculo * alíquota  / 100, ou seja campo 11 * campo 12 /100\n<br>3.Se existir pelo menos um registro 0430 com ISSQN devido maior do que zero e motivo de não exigibilidade não informado, obrigatoriamente deve ser informado pelo menos um registro 0440 com essa alíquota.'),('0192','<br>1.Identifique todos os registros 0430 para o código de tributação e alíquota e onde o motivo de não exigibilidade, campo 15, não foi informado. \n<br>2.Calcule o ISSQN devido para os registros 0430 acima identificados. Formula para calculo do ISSQN devido:\n<br>Base de cálculo * alíquota  / 100, ou seja campo 11 * campo 12 /100\n<br>3.Verifique o tipo de consolidação informado no campo 12 do registro 0000 – consolidação por instituição, código de tributação e alíquota (tipo consolidação igual a 2).\n<br>4.Se existir pelo menos um registro 0430 com ISSQN devido maior do que zero e motivo de não exigibilidade não informado, obrigatoriamente deve ser informado pelo menos um registro 0440 com esse código de tributação e essa alíquota.'),('0193','<br>1.Verifique o código da dependência, campo 3 do registro 0430.\n<br>2.Procure o registro 0400 onde o código da dependência, campo 3, é igual ao código da dependência (campo3) informado no registro 0430 e identifique o CNPJ unificador, campo 8 do registro 0400 encontrado.\n<br>3.Procure os registros 0440 para cada CNPJ unificador identificado \n<br>4.Identifique os registros 0430 para a dependência e alíquota e onde o motivo de não exigibilidade, campo 15, não foi informado. \n<br>5.Calcule o ISSQN devido para os registros 0430 acima identificados. Formula para calculo do ISSQN devido:\n<br>Base de cálculo * alíquota  / 100, ou seja campo 11 * campo 12 /100\n<br>6.Verifique o tipo de consolidação informado no campo 12 do registro 0000 – consolidação por dependência e alíquota (tipo consolidação igual a 3).\n<br>7.Se existir pelo menos um registro 0430 com ISSQN devido maior do que zero e motivo de não exigibilidade não informado, obrigatoriamente deve ser informado pelo menos um registro 0400 para o CNPJ unificador, código de tributação e alíquota'),('0194','<br>1.Verifique a base de calculo, campo 09 do registro 0440 ; esse campo é obrigatório. Se a base de cálculo for negativa ou igual a zero, informar zero.'),('0195','<br>1.Verifique se foram informados os subtítulos contábeis, campo 4, para todos os registros 0430.\n<br>2.O subtítulo contábil é informação obrigatória no registro 0430.\n<br>3.Verifique se os registros 0430 estão conforme o leiaute definido na DES-IF.'),('0196','<br>1.A descrição da dedução da receita declarada, campo 10 do registro 0430, só pode ser informada quando o valor da dedução da receita declarada no campo 9 do registro 0430 for diferente de zero'),('0197','<br>1.A descrição da dedução da receita declarada consolidada, campo 8 do registro 0440, só pode ser informada quando receita declarada consolidada, campo 7 do registro 0440, for diferente de zero'),('0198','<br>1.Verifique a alíquota de ISSQN, campo 12 do registro 0430; esse campo é obrigatório. Se a alíquota for negativa, informar zero.'),('0199','<br>1.Verifique a alíquota de ISSQN, campo 10 do registro 0440; esse campo é obrigatório. Se a alíquota for negativa, informar zero.'),('0200','<br>1.Verifique o incentivo fiscal, campo 13 do registro 0430; esse campo é obrigatório. Se a incentivo fiscal for negativo, informar zero.'),('0201','<br>1.Verifique o incentivo fiscal, campo 14 do registro 0440 ; esse campo é obrigatório. Se o incentivo fiscal for negativo, informar zero.'),('0202','<br>1.O código de tributação da DESIF, campo 04 do registro 0440, deve ser informado quando tipo de consolidação da declaração, campo 12 do registro 0000, for igual a 2 – “Instituição, alíquota e código de tributação DES-IF” ou 4 – “Dependência, alíquota e código de tributação'),('0203',''),('0204','<br>1.Verifique a receita declarada consolidada, campo 5 do registro 0440\n<br>2.Esse campo ser igual a zero se não houver registros 0430 para o CNPJ.'),('0205','<br>1.Verifique a alíquota de ISSQN, campo 10 do registro 0440\n<br>2.Esse campo ser igual a zero se não houver registros 0430 para o CNPJ.'),('0206','<br>1.Verifique a dedução da receita declarada por subtítulo, campo 6 registro 0440\n<br>2.Esse campo não deve ser informado se não houver registros 0430 para o CNPJ'),('0207','<br>1.Verifique a dedução da receita declarada consolidada, campo 7 registro 0440\n<br>2.Esse campo não deve ser informado se não houver registros 0430 para o CNPJ'),('0208','<br>1.Verifique a base de cálculo, campo 9 do registro 0440\n<br>2.Esse campo ser igual a zero se não houver registros 0430 para o CNPJ.'),('0209','<br>1.Verifique o valor do ISSQN devido, campo 11 do registro 0440\n<br>2.Esse campo ser igual a zero se não houver registros 0430 para o CNPJ.'),('0210','<br>1.Verifique o valor do ISSQN retido, campo 12 registro 0440\n<br>2.Esse campo não deve ser informado se não houver registros 0430 para o CNPJ'),('0211','<br>1.Verifique o incentivo fiscal por subtítulo, campo 13 registro 0440\n<br>2.Esse campo não deve ser informado se não houver registros 0430 para o CNPJ'),('0212','<br>1.Verifique o incentivo fiscal, campo 14 registro 0440\n<br>2.Esse campo não deve ser informado se não houver registros 0430 para o CNPJ'),('0213','<br>1.Verifique o valor de crédito a compensar, campo 16 registro 0440\n<br>2.Esse campo não deve ser informado se não houver registros 0430 para o CNPJ'),('0214','<br>1.Verifique o valor do ISSQN recolhido, campo 18 registro 0440\n<br>2.Esse campo não deve ser informado se não houver registros 0430 para o CNPJ'),('0215','<br>1.Verifique o motivo da não exigibilidade, campo 19 registro 0440\n<br>2.Esse campo não deve ser informado se não houver registros 0430 para o CNPJ'),('0216','<br>1.Verifique o valor do ISSQN a recolher, campo 21 registro 0440\n<br>2.Esse campo não deve ser informado se não houver registros 0430 para o CNPJ'),('0217','<br>1.Verifique a alíquota de ISSQN, campo 10 do registro 0440\n<br>2.Esse campo não pode ser igual a zero se houver registros 0430 para o CNPJ.'),('0218','<br>1.O módulo contábil da declaração deve ser referente a um ano-calendário, iniciando em janeiro e encerrando em dezembro. Só será aceito o encerramento anterior a dezembro se coincidir com o encerramento de atividades da instituição no município.\n<br>2.Se a empresa não encerrou atividades, corrija sua declaração, ela deve ser referente a todo o exercício.'),('0219','<br>1.O módulo contábil da declaração deve ser referente a um ano-calendário, iniciando em Janeiro e encerrando em Dezembro. Só será aceito o início posterior a janeiro se coincidir com o início de atividades da instituição no município.\n<br>2.Se a empresa não iniciou suas atividades no ano de competência da declaração, corrija sua declaração, ela deve ser referente a todo o exercício.'),('0220','<br>1.Verifique a data de início da paralisação.\n<br>2.Verifique a data de fim da paralisação.\n<br>3.O Banco Central não autoriza paralisação superior a 180 dias.'),('0221',''),('0222','<br>1.Verifique se nenhuma das dependências informadas nos registro 0400, possui receita tributável.<br>2.Se alguma possuir, informe  os Registro de Demonstrativo da apuração, por Subtítulo, da receita tributável e do ISSQN mensal devido, registro 0430, para os subtítulos tributáveis da dependência.'),('0223','<br>1.Verifique a data de início da paralisação.\n<br>2.Corrija a informação se estiver incorreta.'),('0224','<br>1.O módulo informações comuns aos municípios da declaração deve ser referente a um ano-calendário, iniciando em Janeiro e encerrando em Dezembro. Só será aceito o início posterior a janeiro se coincidir com o início de atividades da instituição no município ou em caso de alteração do PGCC e tabelas dentro do exercício, informar início da vigência.\n<br>2.Se a empresa não iniciou suas atividades no ano de competência da declaração ou não alterou o PGCC e tabelas, corrija sua declaração, ela deve ser referente a todo o exercício.'),('0225','<br>1.Verifique a competência inicial da declaração, campo 7, informada no registro 0000\n<br>2.Se a data de criação conta do COSIF for superior ao mês e ano inicial da declaração, campo 7, não poderá haver lançamentos contábeis para a conta do PGCC anteriores à esta data.'),('0226','<br>1.Verifique a competência final da declaração, campo 8, informada no registro 0000\n<br>2.Se a data de extinção conta do COSIF for inferior ao mês e ano final da declaração, campo 8, não poderá haver lançamentos contábeis para a conta do PGCC posteriores à esta data'),('0227',' <br>1.Verifique o campo 6 em que a conta é registrada como superior.<br>2.Verifique os campos 3 em que esta conta é informada como conta filha  e os campos 6 com as contas superiores informadas.<br>3.A conta superior indicada no item 1 não pode aparecer como filha de  uma conta do campo 6 que seja de nível inferior a ela.<br>4.Corrija o campo 3 ou campo 6 do registro 0100, apontando corretamente a conta superior e a conta inferior. '),('0228','<br>1.Verifique os campos 7 em que a conta COSIF 70000009 aparece.<br>2.A conta 700000009 só poderá aparecer uma única vez.<br>3.Corrija o(s) campo(s) 7 em que esta conta aparece indevidamente.'),('0229','<br>1.Verifique os campos 3 em que a conta raiz do PGCC aparece.\n<br>2.Esta conta só poderá aparecer uma única vez\n<br>3.Corrija o(s) campo(s) 3 em que esta conta aparece indevidamente.'),('0230','<br>1.As contas mais analíticas do PGCC devem ter como correspondentes as contas mais analíticas do plano COSIF.\n<br> 2.Devem fazer parte de uma mesma cadeia de contas.\n<br> 3.Verifique a conta mais analítica do PGCC informada no campo 3 e a conta correspondente COSIF informada no campo 7; tanto uma quanto a outra devem pertencer ao nível mais analítico.\n<br>4.Corrija o campo 3 ou o campo 7, conforme o caso.'),('0231','<br>1.Verifique o código indicado no campo 13 do registro 0400;<br>2.este município não adota o benefício legal de redução de alíquota;<br>3. corrija o campo, informando 0.'),('0232','<br>1.Verifique a data de início da competência informada no campo 7.<br>2.Verifique a data de final de competência informada no campo 8.<br>3.A data de início não pode ser maior que a data fim.<br>4.Efetue a correção das datas de início e de fim de competência.');
/*!40000 ALTER TABLE `pref_abrasf_solucoes` ENABLE KEYS */;
UNLOCK TABLES;

--
-- Table structure for table `pref_abrasf_titulos`
--

DROP TABLE IF EXISTS `pref_abrasf_titulos`;
/*!40101 SET @saved_cs_client     = @@character_set_client */;
/*!50503 SET character_set_client = utf8mb4 */;
CREATE TABLE `pref_abrasf_titulos` (
  `id` int(11) NOT NULL AUTO_INCREMENT,
  `cod_titu` varchar(1) DEFAULT NULL,
  `des_titu` varchar(255) DEFAULT NULL,
  `opc_tari_obrg` varchar(1) DEFAULT NULL COMMENT 'TABELA DE TARIFAS OBRIGATÓRIA',
  PRIMARY KEY (`id`)
) ENGINE=InnoDB AUTO_INCREMENT=22 DEFAULT CHARSET=utf8 ROW_FORMAT=COMPACT COMMENT='ABRASF: Tabela de Titulos Anexo 2';
/*!40101 SET character_set_client = @saved_cs_client */;

--
-- Dumping data for table `pref_abrasf_titulos`
--

LOCK TABLES `pref_abrasf_titulos` WRITE;
/*!40000 ALTER TABLE `pref_abrasf_titulos` DISABLE KEYS */;
INSERT INTO `pref_abrasf_titulos` VALUES (1,'A','Sociedades de Arrendamento Mercantil','N'),(2,'B','Bancos Comerciais','S'),(3,'C','Sociedades Corretoras de Títulos e Valores Mobiliários e Câmbio','N'),(4,'D','Bancos de Desenvolvimento','N'),(5,'E','Caixas Econômicas','S'),(6,'F','Sociedades de Crédito, Financiamento e Investimentos','N'),(7,'H','Administradoras de Consórcio','N'),(8,'I','Bancos de Investimentos','N'),(9,'J','Sociedades de Crédito ao Microempreendedor','N'),(10,'K','Agências de Fomento ou de Desenvolvimento','N'),(11,'L','Banco do Brasil S.A.','S'),(12,'M','Caixa Econômica Federal','S'),(13,'N','Banco Nacional de Desenvolvimento Econômico e Social','N'),(14,'O','Fundos de Investimento','N'),(15,'P','Grupos de Consórcio','N'),(16,'R','Cooperativas de Crédito','N'),(17,'S','Sociedades de Crédito Imobiliário e Associações de Poupança e Empréstimo','N'),(18,'T','Sociedades Distribuidoras de Títulos e Valores Mobiliários','N'),(19,'U','Bancos Múltiplos','S'),(20,'W','Companhias Hipotecárias','N'),(21,'Z','Empresas em Liquidação Extrajudicial','N');
/*!40000 ALTER TABLE `pref_abrasf_titulos` ENABLE KEYS */;
UNLOCK TABLES;

--
-- Table structure for table `pref_avisos`
--

DROP TABLE IF EXISTS `pref_avisos`;
/*!40101 SET @saved_cs_client     = @@character_set_client */;
/*!50503 SET character_set_client = utf8mb4 */;
CREATE TABLE `pref_avisos` (
  `id` int(11) NOT NULL AUTO_INCREMENT,
  `nomeuser` varchar(250) DEFAULT NULL,
  `nomecontribuinte` varchar(255) DEFAULT NULL,
  `titulo` varchar(255) DEFAULT NULL,
  `texto` text,
  `data` datetime DEFAULT NULL,
  PRIMARY KEY (`id`)
) ENGINE=InnoDB AUTO_INCREMENT=4 DEFAULT CHARSET=utf8;
/*!40101 SET character_set_client = @saved_cs_client */;

--
-- Dumping data for table `pref_avisos`
--

LOCK TABLES `pref_avisos` WRITE;
/*!40000 ALTER TABLE `pref_avisos` DISABLE KEYS */;
INSERT INTO `pref_avisos` VALUES (1,'VINICIUS - PORTAL','BANCO DO BRASIL PORTAL PUBLICO','teste 1','msg 1','2015-11-19 13:42:27'),(2,'VINICIUS - PORTAL','Todos','teste 2','msg 2','2015-11-19 13:42:37'),(3,'VINICIUS - PORTAL','BANRISUL BOM PRINCIPIO','teste 3','msg 3','2015-11-19 13:42:51');
/*!40000 ALTER TABLE `pref_avisos` ENABLE KEYS */;
UNLOCK TABLES;

--
-- Table structure for table `pref_caixapostal`
--

DROP TABLE IF EXISTS `pref_caixapostal`;
/*!40101 SET @saved_cs_client     = @@character_set_client */;
/*!50503 SET character_set_client = utf8mb4 */;
CREATE TABLE `pref_caixapostal` (
  `id` int(11) NOT NULL AUTO_INCREMENT COMMENT 'PK',
  `autor` varchar(100) DEFAULT NULL COMMENT 'FK_pref_contribuintes.id',
  `destinatario` varchar(100) DEFAULT NULL COMMENT 'FK_users.id',
  `titulo` varchar(255) DEFAULT NULL COMMENT 'Titulo da mensagem',
  `texto` text COMMENT 'Texto da mensagem',
  `data` datetime DEFAULT NULL COMMENT 'Data e hora da mensagem',
  `idmensagempai` int(11) DEFAULT NULL COMMENT 'FK_pref_caixapostal.id',
  `situacao` char(1) DEFAULT 'A' COMMENT 'A aberto R respondido E encerrado',
  PRIMARY KEY (`id`)
) ENGINE=InnoDB AUTO_INCREMENT=45 DEFAULT CHARSET=utf8 COMMENT='Tabela com mensagens entre prefeitura e contribuinte';
/*!40101 SET character_set_client = @saved_cs_client */;

--
-- Dumping data for table `pref_caixapostal`
--

LOCK TABLES `pref_caixapostal` WRITE;
/*!40000 ALTER TABLE `pref_caixapostal` DISABLE KEYS */;
INSERT INTO `pref_caixapostal` VALUES (42,'VINICIUS - PORTAL','BANCO DO BRASIL PORTAL PUBLICO','teste 1','msg 1','2015-11-18 18:10:31',0,'R'),(43,'BANCO DO BRASIL PORTAL PUBLICO','VINICIUS - PORTAL','teste 1','resp 1','2015-11-18 18:10:46',42,'R'),(44,'VINICIUS - PORTAL','BANCO DO BRASIL PORTAL PUBLICO','teste 1','resp 2','2015-11-18 18:10:58',42,'A');
/*!40000 ALTER TABLE `pref_caixapostal` ENABLE KEYS */;
UNLOCK TABLES;

--
-- Table structure for table `pref_configuracoes`
--

DROP TABLE IF EXISTS `pref_configuracoes`;
/*!40101 SET @saved_cs_client     = @@character_set_client */;
/*!50503 SET character_set_client = utf8mb4 */;
CREATE TABLE `pref_configuracoes` (
  `id` int(11) NOT NULL AUTO_INCREMENT,
  `idn_cida` varchar(20) DEFAULT NULL COMMENT 'FK_abrasf_cidades.idn_cida',
  `municipio` varchar(200) DEFAULT NULL COMMENT 'Nome do municipio',
  `endereco` varchar(200) DEFAULT NULL COMMENT 'Endereco completo da Prefeitura',
  `uf` varchar(2) DEFAULT NULL COMMENT 'UF da Prefeitura',
  `cnpj` varchar(30) DEFAULT NULL COMMENT 'CNPJ da Prefeitura',
  `email` varchar(100) DEFAULT NULL COMMENT 'Email para contato da Prefeitura',
  `secretaria` varchar(100) DEFAULT NULL COMMENT 'Secretaria municipal',
  `secretario` varchar(100) DEFAULT NULL COMMENT 'Nome do sr secretario',
  `chefe_tributos` varchar(100) DEFAULT NULL COMMENT 'Nome do sr chefe de tributos',
  `lei` varchar(100) DEFAULT NULL COMMENT 'Nro da lei que regulamenta a DESIF',
  `decreto` varchar(100) DEFAULT NULL COMMENT 'Nro do decreto que regulamenta a DESIF',
  `brasao` varchar(255) DEFAULT NULL COMMENT 'Nome do arquivo jpg do brasao da Prefeitura',
  `site` varchar(100) DEFAULT NULL COMMENT 'Endereco eletronico do website da Prefeitura',
  `versao_abrasf` varchar(10) DEFAULT NULL COMMENT 'Nro da versão atual do modelo da DES-IF, no formato x.x.x do Termo de Referencia ABRASF',
  `versao_sistema` varchar(10) DEFAULT NULL COMMENT 'Nro da versão de build do sistema',
  `codapresentante` char(10) DEFAULT NULL,
  `sequencialapresentante` char(10) DEFAULT NULL,
  `agencia` varchar(30) DEFAULT NULL,
  `sequencial` varchar(30) DEFAULT '0',
  `cod_cedente` int(11) DEFAULT NULL,
  PRIMARY KEY (`id`)
) ENGINE=InnoDB AUTO_INCREMENT=2 DEFAULT CHARSET=utf8 ROW_FORMAT=DYNAMIC COMMENT='Tabela com configuracoes basicas do sistema';
/*!40101 SET character_set_client = @saved_cs_client */;

--
-- Dumping data for table `pref_configuracoes`
--

LOCK TABLES `pref_configuracoes` WRITE;
/*!40000 ALTER TABLE `pref_configuracoes` DISABLE KEYS */;
INSERT INTO `pref_configuracoes` VALUES (1,'4314902','Porto Alegre','Rua Fernando Abbott, 1187','RS',NULL,'tata_bairros@hotmail.com','','',NULL,NULL,NULL,'deliciasnocopinho.png','','2.3','1.1.61',NULL,'1',NULL,'1',NULL);
/*!40000 ALTER TABLE `pref_configuracoes` ENABLE KEYS */;
UNLOCK TABLES;

--
-- Table structure for table `pref_contribuintes`
--

DROP TABLE IF EXISTS `pref_contribuintes`;
/*!40101 SET @saved_cs_client     = @@character_set_client */;
/*!50503 SET character_set_client = utf8mb4 */;
CREATE TABLE `pref_contribuintes` (
  `id` int(11) NOT NULL AUTO_INCREMENT,
  `idinstituicao` int(11) DEFAULT NULL COMMENT 'FK_contribuintes_instituicoes.id',
  `iddependencia` int(11) DEFAULT NULL COMMENT 'FK_pref_abrasf_dependencias.codigo',
  `nome_fantasia` varchar(100) DEFAULT NULL,
  `razao_social` varchar(100) DEFAULT NULL,
  `cnpj` varchar(20) DEFAULT NULL,
  `codagencia` varchar(5) DEFAULT NULL COMMENT 'Codigo da agencia junto ao BACEN',
  `codinterno` varchar(15) DEFAULT NULL,
  `inscr_municipal` varchar(15) DEFAULT NULL COMMENT 'Inscricao Municipal do contribuinte',
  `inscr_estadual` varchar(20) DEFAULT NULL,
  `logradouro` varchar(200) DEFAULT NULL,
  `numero` varchar(15) DEFAULT NULL,
  `complemento` varchar(50) DEFAULT NULL,
  `bairro` varchar(50) DEFAULT NULL,
  `cep` varchar(20) DEFAULT NULL,
  `email` varchar(100) DEFAULT NULL,
  `responsavel` varchar(200) DEFAULT NULL,
  `estado` char(2) DEFAULT 'I' COMMENT 'A ativo, I inativo',
  `fone01` varchar(15) DEFAULT NULL,
  `fone02` varchar(15) DEFAULT NULL,
  `data_inicio` date DEFAULT NULL,
  `data_fim` date DEFAULT NULL,
  `user_group_id` int(11) DEFAULT NULL,
  `type_id` int(11) DEFAULT NULL,
  `status` int(11) DEFAULT '1',
  `session_auth` varchar(255) DEFAULT NULL,
  `login` varchar(100) DEFAULT NULL,
  `pass` varchar(200) DEFAULT NULL,
  `rg` varchar(20) DEFAULT NULL,
  `idn_cida` int(11) DEFAULT NULL,
  PRIMARY KEY (`id`)
) ENGINE=InnoDB AUTO_INCREMENT=3 DEFAULT CHARSET=utf8 ROW_FORMAT=COMPACT COMMENT='Tabela com cadastro de contribuintes';
/*!40101 SET character_set_client = @saved_cs_client */;

--
-- Dumping data for table `pref_contribuintes`
--

LOCK TABLES `pref_contribuintes` WRITE;
/*!40000 ALTER TABLE `pref_contribuintes` DISABLE KEYS */;
INSERT INTO `pref_contribuintes` VALUES (2,NULL,NULL,'Lucas','Lucas','05005501000184',NULL,NULL,NULL,NULL,'Rua das Alamedas','107','comp',NULL,NULL,NULL,NULL,'I',NULL,NULL,NULL,NULL,NULL,NULL,1,NULL,NULL,NULL,'01010101010101',4314902);
/*!40000 ALTER TABLE `pref_contribuintes` ENABLE KEYS */;
UNLOCK TABLES;

--
-- Table structure for table `pref_contribuintes_instituicoes`
--

DROP TABLE IF EXISTS `pref_contribuintes_instituicoes`;
/*!40101 SET @saved_cs_client     = @@character_set_client */;
/*!50503 SET character_set_client = utf8mb4 */;
CREATE TABLE `pref_contribuintes_instituicoes` (
  `id` int(11) NOT NULL AUTO_INCREMENT,
  `nome` varchar(200) DEFAULT NULL,
  `cnpj` varchar(8) DEFAULT NULL COMMENT 'CNPJ da Instituicao Financeira',
  `idtitulo` int(11) DEFAULT NULL COMMENT 'FK_pref_abrasf_titulos.id',
  `situacao` varchar(1) DEFAULT 'I' COMMENT 'Situacao da IF Ativo Inativo',
  PRIMARY KEY (`id`)
) ENGINE=InnoDB AUTO_INCREMENT=17 DEFAULT CHARSET=utf8 ROW_FORMAT=COMPACT COMMENT='Tabela com cadastro de  IF';
/*!40101 SET character_set_client = @saved_cs_client */;

--
-- Dumping data for table `pref_contribuintes_instituicoes`
--

LOCK TABLES `pref_contribuintes_instituicoes` WRITE;
/*!40000 ALTER TABLE `pref_contribuintes_instituicoes` DISABLE KEYS */;
INSERT INTO `pref_contribuintes_instituicoes` VALUES (1,'BANCO DO BRASIL SA','00000000',11,'A'),(2,'CAIXA ECONOMICA FEDERAL','00360305',12,'A'),(3,'BANCO ABN AMRO SA','3532415',19,'A'),(4,'BANCO BMG SA','61186680',19,'A'),(5,'BANCO BRADESCO SA','60746948',19,'A'),(6,'BANCO CITIBANK SA','33479023',19,'A'),(7,'BANCO COOPERATIVO SICREDI SA','1181521',16,'A'),(8,'BANCO DA AMAZONIA SA','4902979',2,'A'),(9,'BANCO DO ESTADO DE SERGIPE SA','13009717',19,'A'),(10,'BANCO DO ESTADO DO PARA SA','4913711',19,'A'),(11,'BANCO DO ESTADO DO RIO GRANDE DO SUL SA','92702067',19,'A'),(12,'BANCO DO NORDESTE DO BRASIL SA','7237373',19,'A'),(13,'BANCO SANTANDER (BRASIL) SA','90400888',19,'A'),(14,'BRB - BANCO DE BRASILIA SA','00000208',19,'A'),(15,'HSBC BANK BRASIL SA - BANCO MULTIPLO','1701201',19,'A'),(16,'COOPERATIVA DE CRÉDITO DE LIVRE ADMISSÃO DE ASSOCIADOS SERRO AZUL - SICREDI UNIÃO RS','88894548',16,'A');
/*!40000 ALTER TABLE `pref_contribuintes_instituicoes` ENABLE KEYS */;
UNLOCK TABLES;

--
-- Table structure for table `pref_logs`
--

DROP TABLE IF EXISTS `pref_logs`;
/*!40101 SET @saved_cs_client     = @@character_set_client */;
/*!50503 SET character_set_client = utf8mb4 */;
CREATE TABLE `pref_logs` (
  `id` int(11) NOT NULL AUTO_INCREMENT,
  `ip` varchar(255) DEFAULT NULL,
  `datahora` datetime DEFAULT NULL,
  `modulo` varchar(255) DEFAULT NULL,
  `user_id` int(11) DEFAULT NULL,
  `acao` varchar(255) DEFAULT NULL,
  `tabela` text,
  PRIMARY KEY (`id`)
) ENGINE=MyISAM AUTO_INCREMENT=26 DEFAULT CHARSET=utf8;
/*!40101 SET character_set_client = @saved_cs_client */;

--
-- Dumping data for table `pref_logs`
--

LOCK TABLES `pref_logs` WRITE;
/*!40000 ALTER TABLE `pref_logs` DISABLE KEYS */;
INSERT INTO `pref_logs` VALUES (1,'127.0.0.1','2015-11-23 13:03:15','http://localhost:8080/dividaativa/sistema/admin/contribuintes/delete',3,'Dados Deletados com Sucesso!','DELETE FROM `pref_contribuintes`\nWHERE `id` IN (3,1)'),(2,'127.0.0.1','2015-11-24 11:13:17','http://localhost:8080/dividaativa/sistema/admin/usuarios/save',3,'Dados Salvos com Sucesso!','INSERT INTO `user` (`matricula`, `name`, `cpf`, `cargo`, `email`, `status`, `pass`, `type_id`, `user_group_id`) VALUES (\'99999\', \'rodrigo\', \'01496705084\', \'analista de sistemas\', \'rodrigo@portalpublico.com.br\', \'1\', \'e10adc3949ba59abbe56e057f20f883e\', \'1\', \'1\')'),(3,'127.0.0.1','2015-11-24 11:13:36','http://localhost:8080/dividaativa/sistema/admin/usuarios/delete',3,'Dados Deletados com Sucesso!','DELETE FROM `user`\nWHERE `id` IN (19)'),(4,'127.0.0.1','2015-11-24 12:08:49','http://localhost:8080/dividaativa/sistema/admin/cidadesconveniadas/save',3,'Dados Salvos com Sucesso!','INSERT INTO `pref_cidadesconveniadas` (`idn_cida`) VALUES (\'4314902\')'),(5,'127.0.0.1','2015-11-24 12:11:19','http://localhost:8080/dividaativa/sistema/admin/cidadesconveniadas/delete',3,'Dados Deletados com Sucesso!','DELETE FROM `pref_cidadesconveniadas`\nWHERE `id` IN (1)'),(6,'127.0.0.1','2015-11-24 12:11:35','http://localhost:8080/dividaativa/sistema/admin/cidadesconveniadas/save',3,'Dados Salvos com Sucesso!','INSERT INTO `pref_cidadesconveniadas` (`idn_cida`) VALUES (\'4314902\')'),(7,'127.0.0.1','2015-11-24 12:25:50','http://localhost:8080/dividaativa/sistema/admin/cartorios/save',3,'Dados Salvos com Sucesso!','INSERT INTO `pref_cartorio` (`codigo`, `nome`) VALUES (\'123456\', \'cartório teste\')'),(8,'127.0.0.1','2015-11-24 12:25:59','http://localhost:8080/dividaativa/sistema/admin/cartorios/save',3,'Dados Atualizados com Sucesso!','UPDATE `pref_cartorio` SET `codigo` = \'1234567\', `nome` = \'cartório teste2\' WHERE `id` =  \'1\''),(9,'127.0.0.1','2015-11-24 12:26:08','http://localhost:8080/dividaativa/sistema/admin/cartorios/delete',3,'Dados Deletados com Sucesso!','DELETE FROM `pref_cartorio`\nWHERE `id` IN (1)'),(10,'127.0.0.1','2015-11-24 17:13:03','http://localhost:8080/dividaativa/sistema/admin/cidadesconveniadas/save',3,'Dados Salvos com Sucesso!','INSERT INTO `pref_cidadesconveniadas` (`idn_cida`) VALUES (\'1200054\')'),(11,'127.0.0.1','2015-11-24 17:13:09','http://localhost:8080/dividaativa/sistema/admin/cidadesconveniadas/delete',3,'Dados Deletados com Sucesso!','DELETE FROM `pref_cidadesconveniadas`\nWHERE `id` IN (3)'),(12,'127.0.0.1','2015-11-24 17:17:11','http://localhost:8080/dividaativa/sistema/admin/titulos/save',3,'Dados Salvos com Sucesso!','INSERT INTO `pref_titulo` (`titulo`, `emissao`, `agcodcedente`, `seq`, `vencimento`, `saldo_principal`, `valor_atualizado`, `cpfcnpjdevedor`, `tipo_ident_devedor`, `devedor`, `rgdevedor`, `enderecodevedor`, `cepdevedor`, `idn_cida`, `bairro`) VALUES (\'142552014\', \'06/02/2014\', \'0000000142552014\', \'1\', \'06/03/2014\', \'700,00\', \'850,00\', \'123456789\', \'cpf\', \'TESTE\', \'12345678\', \'RUA TESTE\', \'12345-600\', \'3501608\', \'TESTE\')'),(13,'127.0.0.1','2015-11-24 17:19:49','http://localhost:8080/dividaativa/sistema/admin/titulos/save',3,'Dados Atualizados com Sucesso!','UPDATE `pref_titulo` SET `titulo` = \'142552014\', `emissao` = \'2014-02-06\', `agcodcedente` = \'0000000142552014\', `seq` = \'1\', `vencimento` = \'2014-03-06\', `saldo_principal` = \'700,00\', `valor_atualizado` = \'0,00\', `cpfcnpjdevedor` = \'123456789\', `tipo_ident_devedor` = \'cpf\', `devedor` = \'TESTE\', `rgdevedor` = \'12345678\', `enderecodevedor` = \'RUA TESTE\', `cepdevedor` = \'1\', `idn_cida` = \'3501608\', `bairro` = \'TESTE\' WHERE `id` =  \'1\''),(14,'127.0.0.1','2015-11-24 17:30:36','http://localhost:8080/dividaativa/sistema/admin/titulos/save',3,'Dados Atualizados com Sucesso!','UPDATE `pref_titulo` SET `titulo` = \'142552014\', `emissao` = \'2014-02-06\', `agcodcedente` = \'0000000142552014\', `seq` = \'1\', `vencimento` = \'2014-03-06\', `saldo_principal` = \'700,00\', `valor_atualizado` = \'850,00\', `cpfcnpjdevedor` = \'123456789\', `tipo_ident_devedor` = \'cpf\', `devedor` = \'TESTE\', `rgdevedor` = \'12345678\', `enderecodevedor` = \'RUA TESTE\', `cepdevedor` = \'1\', `idn_cida` = \'3501608\', `bairro` = \'TESTE\' WHERE `id` =  \'1\''),(15,'127.0.0.1','2015-11-24 17:32:02','http://localhost:8080/dividaativa/sistema/admin/titulos/save',3,'Dados Atualizados com Sucesso!','UPDATE `pref_titulo` SET `titulo` = \'142552014\', `emissao` = \'2014-02-06\', `agcodcedente` = \'0000000142552014\', `seq` = \'1\', `vencimento` = \'2014-03-06\', `saldo_principal` = \'700.00\', `valor_atualizado` = \'850.00\', `cpfcnpjdevedor` = \'123456789\', `tipo_ident_devedor` = \'cpf\', `devedor` = \'TESTE\', `rgdevedor` = \'12345678\', `enderecodevedor` = \'RUA TESTE\', `cepdevedor` = \'1\', `idn_cida` = \'3501608\', `bairro` = \'TESTE\' WHERE `id` =  \'1\''),(16,'127.0.0.1','2015-12-01 11:26:45','http://localhost:8080/dividaativa/sistema/admin/titulos/save',3,'Dados Salvos com Sucesso!','INSERT INTO `pref_titulo` (`titulo`, `emissao`, `agcodcedente`, `seq`, `vencimento`, `saldo_principal`, `valor_atualizado`, `cpfcnpjdevedor`, `tipo_ident_devedor`, `devedor`, `rgdevedor`, `enderecodevedor`, `cepdevedor`, `idn_cida`, `bairro`) VALUES (\'22038\', \'2013-10-01\', \'2203822013\', \'1\', \'2013-11-01\', \'613.23\', \'652.00\', \'11111111130\', \'cpf\', \'Teste 1\', \'12.345.678-0\', \'Rua Teste a\', \'13465-000\', \'3501608\', \'Teste 11\')'),(17,'127.0.0.1','2015-12-01 11:26:54','http://localhost:8080/dividaativa/sistema/admin/titulos/delete',3,'Dados Deletados com Sucesso!','DELETE FROM `pref_titulo`\nWHERE `id` IN (1)'),(18,'::1','2017-11-15 02:38:20','http://localhost/deliciasnocopinho/sistemaadmin/usuarios/save',14,'Dados Atualizados com Sucesso!','UPDATE `user` SET `matricula` = \'00001\', `name` = \'Rodrigo\', `cpf` = \'01496705084\', `cargo` = \'Gerente de TI\', `email` = \'blueinforbs@gmail.com\', `status` = \'1\', `pass` = \'e10adc3949ba59abbe56e057f20f883e\', `type_id` = \'1\', `user_group_id` = \'1\' WHERE `id` =  \'14\''),(19,'::1','2017-11-15 02:42:43','http://localhost/deliciasnocopinho/sistemaadmin/usuarios/save',14,'Dados Salvos com Sucesso!','INSERT INTO `user` (`matricula`, `name`, `cpf`, `cargo`, `email`, `status`, `pass`, `type_id`, `user_group_id`, `image`) VALUES (\'00002\', \'tamiris da silva de bairros\', \'01123200076\', \'Proprietária\', \'tata_bairros@hotmail.com\', \'1\', \'e10adc3949ba59abbe56e057f20f883e\', \'1\', \'1\', \'baa1c5d97a6cebcb96a25f525a005848.png\')'),(20,'127.0.0.1','2017-11-23 16:57:10','http://localhost:8080/homeoffice/deliciasnocopinho/sistemaadmin/cliente/save',14,'Dados Salvos com Sucesso!','INSERT INTO `cliente` (`nome`, `id_cliente_endereco`, `email`, `estado`, `fone1`, `fone2`) VALUES (\'Rodrigo baldissera da silva\', 6, \'blueinforbs@gmail.com\', \'A\', NULL, NULL)'),(21,'127.0.0.1','2017-11-23 16:59:30','http://localhost:8080/homeoffice/deliciasnocopinho/sistemaadmin/cliente/save',14,'Dados Salvos com Sucesso!','INSERT INTO `cliente` (`nome`, `id_cliente_endereco`, `email`, `estado`, `fone1`, `fone2`) VALUES (\'Rodrigo baldissera da silva\', 7, \'blueinforbs@gmail.com\', \'A\', \'(51) 9922-31841\', \'(51) 9939-46718\')'),(22,'127.0.0.1','2017-12-04 09:40:36','http://localhost:8080/homeoffice/deliciasnocopinho/sistemaadmin/cliente/save',14,'Dados Salvos com Sucesso!','INSERT INTO `cliente` (`nome`, `id_cliente_endereco`, `email`, `estado`, `fone1`, `fone2`) VALUES (\'Rodrigo baldissera da silva\', 8, \'blueinforbs@gmail.com\', \'A\', \'(51) 9922-31841\', \'(51) 9939-46718\')'),(23,'127.0.0.1','2017-12-04 10:06:59','http://localhost:8080/homeoffice/deliciasnocopinho/sistemaadmin/cliente/update',14,'Dados Atualizados com Sucesso!','UPDATE `cliente` SET `nome` = \'Rodrigo baldissera da silva\', `id_cliente_endereco` = \'7\', `email` = \'blueinforbs@gmail.com\', `estado` = \'A\', `fone1` = \'(51) 9922-31841\', `fone2` = \'(51) 9939-46718\' WHERE `id` =  \'2\''),(24,'127.0.0.1','2017-12-04 10:07:49','http://localhost:8080/homeoffice/deliciasnocopinho/sistemaadmin/cliente/update',14,'Dados Atualizados com Sucesso!','UPDATE `cliente` SET `nome` = \'Rodrigo baldissera da silva\', `id_cliente_endereco` = \'8\', `email` = \'blueinforbs@gmail.com\', `estado` = \'A\', `fone1` = \'(51) 9922-31841\', `fone2` = \'(51) 9939-46718\' WHERE `id` =  \'3\''),(25,'127.0.0.1','2017-12-04 10:13:07','http://localhost:8080/homeoffice/deliciasnocopinho/sistemaadmin/cliente/delete',14,'Dados Deletados com Sucesso!','DELETE FROM `cliente`\nWHERE `id` IN (2)');
/*!40000 ALTER TABLE `pref_logs` ENABLE KEYS */;
UNLOCK TABLES;

--
-- Table structure for table `pref_status`
--

DROP TABLE IF EXISTS `pref_status`;
/*!40101 SET @saved_cs_client     = @@character_set_client */;
/*!50503 SET character_set_client = utf8mb4 */;
CREATE TABLE `pref_status` (
  `id` int(11) NOT NULL AUTO_INCREMENT,
  `status` varchar(255) DEFAULT NULL,
  PRIMARY KEY (`id`)
) ENGINE=MyISAM AUTO_INCREMENT=9 DEFAULT CHARSET=utf8;
/*!40101 SET character_set_client = @saved_cs_client */;

--
-- Dumping data for table `pref_status`
--

LOCK TABLES `pref_status` WRITE;
/*!40000 ALTER TABLE `pref_status` DISABLE KEYS */;
INSERT INTO `pref_status` VALUES (1,'Irregularidade no Envio'),(2,'Confirmado Envio'),(3,'Título não Protestado'),(4,'Título Protestado'),(5,'Título Cancelado'),(6,'Título Retirado'),(7,'Título Sustado'),(8,'Título Pago');
/*!40000 ALTER TABLE `pref_status` ENABLE KEYS */;
UNLOCK TABLES;

--
-- Table structure for table `salario`
--

DROP TABLE IF EXISTS `salario`;
/*!40101 SET @saved_cs_client     = @@character_set_client */;
/*!50503 SET character_set_client = utf8mb4 */;
CREATE TABLE `salario` (
  `idsalario` int(11) NOT NULL AUTO_INCREMENT,
  `valor` decimal(10,2) NOT NULL DEFAULT '0.00',
  `data` date NOT NULL,
  PRIMARY KEY (`idsalario`)
) ENGINE=InnoDB AUTO_INCREMENT=9 DEFAULT CHARSET=latin1;
/*!40101 SET character_set_client = @saved_cs_client */;

--
-- Dumping data for table `salario`
--

LOCK TABLES `salario` WRITE;
/*!40000 ALTER TABLE `salario` DISABLE KEYS */;
INSERT INTO `salario` VALUES (1,4027.00,'2020-09-05'),(2,3700.00,'2020-10-05'),(3,3700.00,'2020-11-05'),(4,3700.00,'2020-12-05'),(5,3700.00,'2021-01-05'),(6,3700.00,'2021-02-05'),(7,3700.00,'2021-03-05'),(8,3700.00,'2021-04-05');
/*!40000 ALTER TABLE `salario` ENABLE KEYS */;
UNLOCK TABLES;

--
-- Table structure for table `user`
--

DROP TABLE IF EXISTS `user`;
/*!40101 SET @saved_cs_client     = @@character_set_client */;
/*!50503 SET character_set_client = utf8mb4 */;
CREATE TABLE `user` (
  `id` int(11) NOT NULL AUTO_INCREMENT,
  `name` varchar(255) NOT NULL,
  `name_last` varchar(255) DEFAULT NULL,
  `nick` varchar(255) DEFAULT NULL,
  `email` varchar(255) NOT NULL,
  `pass` varchar(255) DEFAULT NULL,
  `user_group_id` int(11) NOT NULL DEFAULT '3',
  `image` varchar(255) DEFAULT NULL,
  `session_auth` varchar(255) DEFAULT NULL,
  `status` int(11) DEFAULT '1',
  `matricula` int(11) DEFAULT NULL,
  `cnpj` varchar(20) DEFAULT NULL COMMENT 'CNPJ do contribuinte',
  `cpf` varchar(20) DEFAULT NULL,
  `cargo` varchar(255) DEFAULT NULL,
  `type_id` int(11) DEFAULT NULL,
  PRIMARY KEY (`id`),
  KEY `fk_user_user_group1` (`user_group_id`)
) ENGINE=MyISAM AUTO_INCREMENT=21 DEFAULT CHARSET=utf8 ROW_FORMAT=COMPACT;
/*!40101 SET character_set_client = @saved_cs_client */;

--
-- Dumping data for table `user`
--

LOCK TABLES `user` WRITE;
/*!40000 ALTER TABLE `user` DISABLE KEYS */;
INSERT INTO `user` VALUES (14,'Rodrigo','','rodrigo@portalpublico.com.br','blueinforbs@gmail.com','$argon2i$v=19$m=4096,t=3,p=1$FiM5qILYgwZVKZ5fA4iaow$W8dZJ5D5Ir6+J2gBcILFa+IIO6PW/POfSYR47uaiPA4',1,NULL,'0aea3938d8e2c06dd4341d8bcf6ade54',1,1,'01496705084','01496705084','Gerente de TI',1);
/*!40000 ALTER TABLE `user` ENABLE KEYS */;
UNLOCK TABLES;

--
-- Table structure for table `user_group`
--

DROP TABLE IF EXISTS `user_group`;
/*!40101 SET @saved_cs_client     = @@character_set_client */;
/*!50503 SET character_set_client = utf8mb4 */;
CREATE TABLE `user_group` (
  `id` int(11) NOT NULL AUTO_INCREMENT,
  `title` varchar(255) NOT NULL,
  `name` text,
  PRIMARY KEY (`id`)
) ENGINE=MyISAM AUTO_INCREMENT=5 DEFAULT CHARSET=utf8 ROW_FORMAT=COMPACT;
/*!40101 SET character_set_client = @saved_cs_client */;

--
-- Dumping data for table `user_group`
--

LOCK TABLES `user_group` WRITE;
/*!40000 ALTER TABLE `user_group` DISABLE KEYS */;
INSERT INTO `user_group` VALUES (1,'superadmin','teste'),(2,'admin','test'),(3,'public',NULL),(4,'member',NULL);
/*!40000 ALTER TABLE `user_group` ENABLE KEYS */;
UNLOCK TABLES;
/*!40103 SET TIME_ZONE=@OLD_TIME_ZONE */;

/*!40101 SET SQL_MODE=@OLD_SQL_MODE */;
/*!40014 SET FOREIGN_KEY_CHECKS=@OLD_FOREIGN_KEY_CHECKS */;
/*!40014 SET UNIQUE_CHECKS=@OLD_UNIQUE_CHECKS */;
/*!40101 SET CHARACTER_SET_CLIENT=@OLD_CHARACTER_SET_CLIENT */;
/*!40101 SET CHARACTER_SET_RESULTS=@OLD_CHARACTER_SET_RESULTS */;
/*!40101 SET COLLATION_CONNECTION=@OLD_COLLATION_CONNECTION */;
/*!40111 SET SQL_NOTES=@OLD_SQL_NOTES */;

-- Dump completed on 2021-01-22 10:13:21
